cpu_usage,memory_usage,latency_ms,error_rate,is_anomaly
82.71028249565266,62.73321231062952,134.68999175593802,4.574075745956138,0
62.99724024090322,46.13534948076254,231.67985184721857,4.153963614195371,0
35.53086670856948,52.23015929624173,212.665250342424,4.195864052551485,0
78.49304144173534,66.80288522240261,89.88483863731133,3.76155485336728,0
14.766876271451773,34.38919713239542,273.66064149974295,0.595785227702324,0
13.957394339470197,27.3746709525347,105.4650289778968,4.077712187095036,0
82.2244002894246,55.609784949311084,375.71124948373546,4.280747862979707,0
14.517020867522309,20.897671895378043,333.30532782594724,2.4862715797423576,0
36.5341869052327,76.16753429240808,470.82290483605016,3.7780385675089914,0
84.76556888844605,64.16212402556394,450.09157921203206,3.867595951210516,0
64.93007867937843,64.00411096009435,212.1701547004563,3.5087738612924917,0
51.76588323790719,29.159489872447026,483.0251270686084,1.5745477376335815,0
96.98755649386287,75.98718940069183,1110.0712947552183,25.66592571234922,1
27.04522204473636,44.648983734045665,237.06661022821805,1.9756244238728367,0
30.150801953870957,66.60928203441686,425.5131845581828,0.7728607573738377,0
21.723772803164564,26.871972099580894,57.04129307392969,3.091701586399706,0
60.67471766553048,40.08411959475674,412.7943448275949,3.4171329520900184,0
76.56504032763078,96.5320596937667,996.1293790270373,5.251207008968967,1
63.478453797573906,60.04106978302376,373.45506566901156,2.278531422101487,0
58.147862533244954,36.24101625810387,462.84163376202554,4.252610548024872,0
37.27222017844705,60.98685714338279,305.22338956102647,1.3467293953055215,0
88.19035916453835,95.09869427205143,993.0648194383705,14.565694432754189,1
24.810286739495297,46.931081939120176,416.3307293240063,3.312492291806523,0
31.753414897182765,74.50625287233589,214.90549085299085,3.4601534757655665,0
80.58406094002551,60.63823755788846,498.19597292574736,3.8436461400604065,0
74.18029441793398,64.9835448070126,494.59218998911746,0.940243765734543,0
49.52810979337387,76.00730631499113,188.04773810877455,1.2765690058563544,0
84.72507532204355,32.033879575284196,141.41927173548567,4.708446042209745,0
26.14014040129281,53.472751014673136,436.09785022731137,3.0600046877843408,0
14.670482941141422,76.59860671244898,478.535623070498,1.1210490610442159,0
79.527590859723,29.341555865355975,434.5543260235582,0.5577495367342866,0
19.66524006050839,38.07053521984153,196.13777403524088,3.0083501088179694,0
30.1130775808685,40.43455624526712,462.3218768045891,2.224014955183165,0
84.84505829000031,70.89218771317373,494.69157172713835,4.205138188787059,0
50.819300276143814,42.98608601543506,479.40411086438974,4.177943044464625,0
21.058939502971295,33.7202450830762,172.60089849897423,4.697158135498983,0
56.792187721872885,33.41615289942027,143.97665920339273,0.2629343010718854,0
48.46560567289508,48.84284338906136,290.1210806864425,2.0089262258137945,0
72.06391915797272,52.57268794164831,413.0216456201274,1.202744241072935,0
19.713619096210312,60.323570159704126,247.6864725475986,1.1703124628603745,0
36.766448137833265,34.45977547975508,156.03904939985915,0.32845214670323364,0
22.05096885338839,30.648910099460707,178.2088803687943,4.98850770904262,0
31.916367284642334,42.989868113547544,208.32210368906516,3.7025918234122464,0
35.349636763865185,49.11382734592137,218.62896014109194,4.240139513286406,0
50.02019100451589,74.90832922429377,122.17724375276535,1.7537660737467746,0
13.720443126211206,51.914641812878145,280.17876414453747,0.3157460095343173,0
75.38376749441512,52.74498078676614,154.3555047960117,4.7939230236251555,0
60.013554347924355,25.411742012014663,128.20948571085785,3.6610878002643066,0
15.670378046256308,24.721914602450568,386.6402145664069,1.5180252354354618,0
33.37915508466612,76.17059384999031,233.53701151591102,1.4629822181197139,0
62.12364145949069,41.00041210839073,117.45243289767116,1.9076384733015561,0
53.86208584793432,37.29271810688636,469.6026894862895,4.84731764772916,0
25.366095561303442,57.390345471931234,117.09305540214527,3.0770283871388537,0
34.505690652253065,32.43695135298413,305.9684292949227,1.2016138424593343,0
42.17082500726082,60.64051076489098,95.14897394543092,1.792011193469083,0
24.94527523501006,44.49425116077792,311.8060691499696,1.2394848637543783,0
11.901145319795386,31.042462089286804,475.98742724672866,2.878809418581156,0
76.98176538965612,75.82691603270186,438.7806626517604,4.263161163857699,0
84.81157613386316,60.39682510098143,2930.7682189628995,47.54547347897115,1
68.27869642388171,46.88965240214012,478.9646850743754,3.2612825888677204,0
55.08362588074066,30.909059170240326,393.3269953302025,2.5198288991269675,0
12.490233159352492,77.995446213399,248.15829825196354,0.17887345357003925,0
12.957010852637943,50.11217186147022,164.15125660476343,4.9496074563747,0
21.357423577747248,59.82226873557536,127.32555061261228,0.21923509355481596,0
64.50032440527424,28.847235045568095,335.76105476372436,3.4731114372023826,0
14.097581500072922,79.52553122172921,318.3039859290575,4.655790455553111,0
32.81816822196533,22.48983953059438,53.130914286481044,2.5575977873143687,0
67.17138510824618,27.023864778911758,376.7477307662383,1.6417889256650964,0
22.091410898134193,21.14260455645751,241.8264078145407,3.2346972454031926,0
14.10712291165235,75.72580527232955,140.76498318396142,0.3243681891755362,0
68.54737880691678,50.585424014052286,301.1220390332694,3.2823519694347136,0
52.89042034203899,37.889021376593334,296.6540292418183,4.136384774359695,0
77.02957324144079,80.39861204998002,734.4442667014509,19.079314707921686,1
25.481595382045242,77.93658988285304,202.77226177697423,1.2969580371042793,0
61.90379147798086,42.81169987851065,137.76360430511946,0.3945163629229109,0
63.07607010556868,22.81786534446004,436.7874673613704,2.395846736977209,0
13.766950859798033,26.803225733154353,355.1821630650806,2.7674496525021697,0
72.13519745868378,27.156300322384606,343.9722046247347,1.971188680646505,0
26.89876974634263,52.261527715458286,300.7485702185198,4.886601525564884,0
41.4387156926591,26.750247994285488,79.97993931535765,4.54749521470358,0
45.72517999758241,52.615734494677525,245.75536734686384,2.892877056916119,0
75.81186358589768,79.85118024092033,1672.0991848745498,13.983431674988157,1
56.134685540589984,29.345097371931786,140.80981160398562,2.993868520668083,0
34.03009646051612,54.38895487887474,426.6224801644803,4.0416319946078225,0
40.140720342755465,43.2278305382689,402.76057126425513,3.019476500723861,0
71.85107244438619,47.98247567027291,395.1556384913462,2.2592933256712024,0
21.89538289698053,64.60117373420074,474.3719647869291,1.5109551346402594,0
53.73476643246876,73.96718507323011,284.81706562246507,1.4792558260602207,0
34.11217759359115,28.886047917627646,99.37571056120404,2.906413659805298,0
44.616810581484245,75.90388548522948,99.99374398069573,2.1365302161724498,0
72.15317378635048,22.355183184259996,291.03424378125436,1.9033413190195954,0
35.65613115369306,36.079836013062675,267.1031616715029,2.7538286318607645,0
64.67357962418623,60.160901045767766,487.9673345137547,1.6162339197200355,0
48.38353424271105,66.6381288886351,157.6295576858193,1.4625384751453174,0
74.41361035202755,87.12928931147165,660.9972416961089,45.937440124447235,1
45.6317404650076,62.06846788301461,59.48629719284163,1.6373819335731155,0
72.61976775994744,39.85488594681171,217.18380885960798,1.634393948826598,0
19.04769033254506,22.387827640139154,231.69047471525596,1.3229551738436456,0
69.63896460765278,73.24547212222161,458.71634960467975,4.251813938289252,0
62.87806797651945,42.58325226406852,404.14553752317136,3.4473979686429868,0
32.49393336302386,45.401481641047155,172.07086391742953,0.45533177993736296,0
17.11884526162523,75.89210294931573,346.4756151614772,2.8572428287403935,0
66.32048487724887,34.73789444292887,239.24196053099445,3.5025349783944018,0
54.87681132233191,26.601063267652616,87.05884565154116,3.9906252400321476,0
46.529643911420195,41.1025890775285,378.16988262648505,2.8860111806297875,0
31.65203025780249,49.03263587385554,451.1547790503675,3.3377413616716862,0
73.34120489013029,27.734155104409936,261.1247218553294,3.728756649921385,0
12.944878873649518,58.055159207092245,383.49816873335635,2.210415085946746,0
22.27178658937519,44.058219601301104,347.50876407157256,2.48873408478188,0
77.28326949644328,23.827673375215873,393.19407046016795,4.564293449821937,0
40.725465196938934,48.55437964839204,206.91405291273648,1.1758511956230588,0
38.53882824024209,78.95914468961415,276.471701645263,0.23773804440581747,0
30.332219032304934,61.15257650518788,294.9065409246879,4.34346947449426,0
72.11869393279139,57.06879167535718,163.24899577046185,0.7365067285594651,0
68.53941364328963,31.028773368908897,441.39585560626665,3.7342406064805904,0
80.51726810687182,71.19903119999516,95.16537279277426,1.991888378297153,0
83.37660902926424,32.938385763550954,449.6485635551624,3.2208904508468867,0
26.3418534720058,64.76785869431853,236.6738023500293,3.190241005735055,0
11.751407224613944,61.404521251327864,245.48906215324826,0.8934647614315666,0
12.433258453539022,46.236898894677054,444.4185258893145,0.5744154553939446,0
18.71042201503942,26.037198633355406,256.4457304804668,0.7382174631857941,0
19.80327825551496,29.659065901242485,252.2080925282958,4.29590945055338,0
18.32421019101108,68.76397425828077,190.03659995946944,0.7431206523495248,0
36.3186259414059,60.87692663194603,96.60945474635676,4.322384518089141,0
29.09804910728229,59.39376214397914,347.9836485703251,2.945300767626456,0
52.45138186658657,42.556302524197605,117.110798531392,2.7282180916215673,0
21.401863984648607,25.912811084776543,435.3204440858366,3.7069748613987485,0
53.51292769204992,66.28840069157638,447.51573411391036,2.960536067355214,0
10.677885180946912,74.35663807557587,242.13478967654868,4.24368496296587,0
48.74294713344843,49.566880751897344,261.41093406395584,4.4158798530716155,0
78.53413329049445,43.69941623294195,213.72126835897427,3.353029048606727,0
69.30423736292227,27.62662945202144,363.0380970735212,4.477226568833539,0
67.9183576972493,53.168892543100945,471.3542390292025,4.665470365549272,0
40.89685712755765,55.45231537845551,126.39962289115496,2.8032842675034093,0
10.017027866369165,77.9706814900722,433.62978633014234,3.5019678981764883,0
75.92341752117005,39.239765284185935,408.87003997085776,2.8281672571875234,0
20.051142133798056,26.750187831597906,97.17018842334448,4.5936187466691525,0
30.140031705070548,77.61598150952399,499.48017223308403,4.116049710903179,0
96.73878780110192,78.8321297569349,1289.7166436530238,39.952256840202395,1
33.655517181100954,37.23546169262406,187.70274734402446,1.9221436653369146,0
35.65994500839212,26.18250160585896,276.13925791568374,3.771009329426753,0
99.69078603359567,97.41407156307282,1083.6782945154482,46.544146614303926,1
33.77099408433395,63.22239276393218,290.078863760531,4.049407928528554,0
48.87472392728026,23.276618192808144,474.05052272076665,2.3300175717650644,0
12.70141137185698,28.182266301767502,260.629457191804,2.033711935956557,0
15.32761667830016,47.438996593569215,165.8038946852895,1.1629679948787952,0
50.90739020551791,74.64945321982377,303.998828744216,0.38705837112646524,0
78.63175513052825,20.54993301102899,233.08884839268492,4.157266171226776,0
25.098408086682493,43.01207074603862,160.16403263546002,3.047307930053822,0
56.28587399530225,46.43618684355049,195.26652397122947,0.22752118895148055,0
51.60488524617657,50.504358598677626,247.0097890736481,1.7107065864851956,0
16.309574669453713,71.81462018834875,92.0715627127954,2.053020335744562,0
78.79883959626467,94.72624249204648,2499.184774964289,23.199417218744205,1
13.539752627303425,76.88319691117341,133.50857123527152,3.4794732573168936,0
42.461200165710196,21.544544584832973,238.7254270857752,3.5866389352043475,0
18.151190453101904,50.22640662347804,229.73013580023266,1.5299820437861826,0
95.63757306428442,86.75465270321824,1471.0663553914462,35.99702012728246,1
60.069503917268854,75.4795165749348,132.19837198565614,0.8960492478051285,0
15.17844297359498,20.836941121514688,481.4139836144293,3.9391659409274835,0
63.40105152480856,77.7419189872717,112.11242402205355,4.985814071397284,0
30.77593932444841,75.66748876251893,327.52054884521067,4.4094548247404335,0
32.73462669589965,71.89969857246658,311.1881746010662,0.10383943355195602,0
14.601222033300111,33.9247146719699,102.8579327583728,1.641786761636027,0
31.859568512034542,56.39073351939314,325.7849127043935,4.135893533290064,0
32.57226752101122,28.137596960438806,177.52896255676723,3.3550623742243504,0
30.10477306171572,75.59512299310288,343.0939537518077,3.7785706680054236,0
11.77289395347523,75.20228984654315,341.2218025071308,3.6548085408055804,0
95.73791961005601,65.5020779392556,535.8395688998589,30.710461524407467,1
78.2457357890794,61.43736452488049,140.76705082389878,4.948615662773575,0
62.22165819086048,34.1409520745531,475.33539250715296,2.7401653611079646,0
93.19095696117151,90.9647413157018,1325.4337059904792,8.3982352587533,1
77.71712463939905,22.764150180528056,100.09144466489758,3.643546242376763,0
66.14565314363742,52.99873918303185,96.70186767950234,4.514883618087283,0
40.10963343167825,37.41702063888562,134.17557621187115,4.606837013497593,0
62.545862229583875,68.85252602327978,332.2960112854271,3.3852034257385863,0
66.94693801888552,66.88137310371202,176.919059655352,0.9548444887962471,0
98.82658387674921,65.8876347320815,2171.666400550883,24.532503057434564,1
38.82662788931012,50.974869392003626,492.01905261006334,2.6954507251112374,0
36.961836341481636,71.47146701104934,189.56624949086094,1.1692418454273885,0
17.734290162694947,34.639718141148336,127.30509926499506,3.1141461848058976,0
21.407821241670465,74.48502122359127,84.4789162683419,1.9917766098295453,0
72.06427704653629,47.89098822224313,382.3517741521078,2.6019611299648115,0
46.45978639111931,68.53866497682252,431.56587302528493,2.7540816272535267,0
23.161872053601805,20.572337241532697,239.90236288057537,1.1824199296137712,0
39.83916992843062,29.990212822970904,326.3732161772895,2.933215062228172,0
71.88933723959899,98.8859201996126,1881.5529676014064,16.89387492990976,1
52.480348022267286,76.18959987861354,345.8724034932239,1.9058750048259006,0
15.423735644345395,57.83532183851261,325.9048881837019,4.606432058400537,0
79.95647042952349,26.940513418886994,188.48728247351912,2.9847569813090793,0
31.893338012335544,49.05597188658353,444.8954941517629,3.447445781634786,0
66.03087003467718,65.29641200949973,146.64172998311244,4.144312865837759,0
79.39362380617494,65.20853632678885,465.8350123824212,2.7238980768504986,0
56.941853232775685,29.651617609105873,370.57731281281474,4.315936741840281,0
38.090508913552185,43.618131216646525,218.13836831001433,2.498351218645267,0
54.70375868207127,32.90511372710557,469.68348458271186,0.12146351699890146,0
73.52956202379247,45.553589302200905,370.3469383531801,1.214548359108249,0
56.740777980100525,39.85322526162766,72.13504560440992,1.3976394270590946,0
14.32991194188379,55.42556618647348,61.09865973410486,1.5956975776709665,0
20.760209276351503,72.54302219353636,416.1362107108238,2.488636882390339,0
68.7843838364048,45.306454516167555,104.72817056884222,4.312946206706819,0
17.337562048825113,20.3710293584538,436.46626160368555,0.3830180815685502,0
70.19392596848596,27.742184533365496,474.900653513204,2.1665974511644843,0
36.648981135541575,73.25378430897148,409.97617186319684,4.472326896575453,0
53.662784513220494,58.56839546517042,119.05557444867293,0.22888169714362805,0
20.227860669007732,35.81308876980667,90.95531309713263,3.990232914184102,0
82.06901101966184,25.11202865357972,91.37207116437695,2.8309554369870344,0
64.69823503579046,67.46024444392444,90.3646836537146,3.7679267949974755,0
53.50646558783584,62.14392326483592,444.4723752667693,4.419509074800542,0
76.99906862674874,74.60092860387013,2152.9742590660153,33.40555480438722,1
16.12940093100837,49.22495265941468,121.97336106511789,0.6853134798708976,0
57.23654908260308,38.658381282982,142.08146265155892,4.702438684846249,0
83.76754048852473,79.52095816381015,263.0885732809152,2.1115693892801612,0
57.75022616254055,76.32315811867178,441.54745625484696,1.8141001523566573,0
38.00934588495289,71.66052927848082,187.61116210226544,0.29314350211291973,0
71.85574280102557,44.137680684579124,461.6952712778167,1.5789269171993947,0
59.05995527709052,67.10431169381076,210.45030065976033,2.7200614568155492,0
20.687165717613492,70.62083177989865,417.5353757627067,0.8827709612142026,0
28.725100664438944,57.60997426490403,354.2252022559639,2.6102420808562927,0
57.42293729451846,22.42003112830712,327.2498601870745,2.645950493732835,0
37.58394908171147,64.95892130854607,182.45667493192013,3.4122521009520006,0
20.47384410672347,66.47915718758105,417.87421543655,1.5031027992782104,0
60.81732713817118,45.530339556310565,283.50028924298664,0.8462379872144726,0
27.134105599847405,52.28567984726668,448.95385068401845,3.732298796108888,0
34.6498409027437,38.93799292202914,87.00494967977023,2.002946786599056,0
29.394369335108802,76.19393669948036,359.98991799150025,0.5407479900663131,0
42.594697064403384,46.668798678667464,420.5538741916943,3.7557685182278924,0
13.255939964111437,28.666189049304656,296.6916977564682,2.4552241088618865,0
65.6703544189215,57.42520306215397,232.3516023182003,1.3978550268528473,0
44.48503178269901,69.42466771473798,233.9796477762807,4.580755134072007,0
68.17088881939955,25.45612699478247,172.8629580541367,0.4481727241041389,0
19.878627143432016,27.00824646403712,222.57906102173257,3.6391283458697194,0
34.00372007729588,40.88311732863923,487.8398211891372,4.661410720353904,0
82.90039972236528,55.206074470675475,294.75216342168846,4.240681446515891,0
70.44440500882158,23.795204533920774,457.47026487109656,3.744195942309256,0
39.72344691236654,76.92229509435086,401.1021124780526,4.757027578550792,0
40.920979587374916,49.55131124123051,391.40324810905145,4.97327111479055,0
73.63538308046985,20.730790124992488,105.99051960824598,4.890490596578566,0
59.25670476059178,68.08229212781819,69.02104740617055,0.6563110554643548,0
59.63332993537289,48.91023521457549,178.57914285460157,1.9243973044215756,0
66.79826553508292,63.167598060198316,156.68477940029658,1.0414886154234586,0
88.95069361679688,63.34014196908837,2761.2474783717844,33.79697704943768,1
50.003997157402196,43.89501409180477,356.681540949052,1.7126961475480385,0
54.31249454267581,63.22740448776537,114.66122326778026,4.989423541142303,0
19.416234242385784,55.95761397862872,395.01402072506716,4.326854007505291,0
64.45685002919961,45.97039526343033,166.3628996987482,3.2691919490831314,0
15.467637652592764,63.2369774398229,455.9873532722041,0.4422787034276826,0
49.071848295403164,49.67582316582553,245.74108904962034,4.226675610113212,0
76.76978379181872,74.9059072694018,194.83098584059414,3.4356126017990283,0
84.62548134504243,75.87119751649597,2630.4616988125354,45.86561525056523,1
80.92736102502117,49.027813794967784,390.647641770345,0.15554292093708066,0
74.47340090144549,52.01538380662452,486.8276737936075,2.457391172092232,0
50.60308156805787,61.2171464831263,439.10498866354266,4.927376995022161,0
12.368960861923153,66.97541685545434,244.78299805805193,2.0774104334980166,0
71.77177080617301,63.224964145540575,359.42064301433015,1.3864542813421172,0
14.356896406026234,77.88142872970766,393.4886347310584,0.4269884606754054,0
76.28394137225693,39.15351786717131,394.9801993285188,2.710849552228574,0
68.6789113043705,65.98107683344341,435.91445409308074,1.1878292169174243,0
43.28126644784284,21.949195801409896,249.7625141209429,3.4628868969845286,0
98.59203358811375,84.44188812405011,534.3723490295151,43.45955534558136,1
51.096961673026975,37.210798738832,279.1603627262938,2.529336492643442,0
20.445405449754045,74.61176744868177,119.33407961288756,4.5473855418394535,0
61.94694641696234,78.12888143466827,453.2127643962469,4.1334315183572565,0
32.055059663258334,75.34993377815019,396.7202113255833,3.1502610107481424,0
48.85060498034686,74.18585042295858,183.19668131478514,0.8590808915063847,0
73.29095584231968,32.26900767174941,284.15585159220836,0.26536391085683564,0
40.72532900319945,31.687628158635604,361.76377723209526,1.464064275523922,0
62.094657043996406,51.78854342420325,368.01247115413156,3.7761826559997598,0
84.97945444243734,95.30054383618491,2035.1111884118075,7.124789300507639,1
82.08027381020914,21.000293035977986,181.20954630909438,1.8282108135210566,0
38.57434552512999,40.58264034758061,229.39667938328543,4.450036373470288,0
34.25286715866406,55.78361598154769,426.41293624968705,3.612770483080781,0
62.18115167384629,37.63500563029602,362.6022783186309,1.0579106728524568,0
80.46764417688743,49.703356739275094,342.4058273806811,3.60441537254062,0
70.68422982062869,86.19495644234411,416.28205102646234,5.779552364732836,1
39.00515097254031,25.202394055738413,242.34886438545198,1.4477137389685246,0
31.874693403197742,58.29346490243669,169.02179300636533,1.6873734751833651,0
51.16822237300538,31.734238826091385,358.04499486409577,4.315129805600879,0
73.93674855331871,87.36532176240588,664.7553028073364,42.3671796727712,1
82.4366620864915,54.27277506509103,109.36842158921488,4.257755585246836,0
17.381814182602657,75.46126077162802,477.9908058051843,4.62322356291207,0
80.10474366162258,74.89316900729024,93.91062630932126,4.980334775973984,0
77.56921422275914,86.85547317632833,2662.3649770237566,8.269604757646846,1
75.12043790562853,59.05830471311267,222.3795542386004,3.758585207392417,0
14.773068196498176,60.11280170683912,64.92837099009822,0.04886115709740624,0
25.94832822783221,44.573655635750555,450.64150529614307,3.2100679233762057,0
47.2575144144377,25.197185651281643,371.79752612814013,4.089370317952363,0
22.31993484482447,69.28827516657145,213.8687685970725,3.7954548069801355,0
57.60034549404561,24.2276406600175,171.21061318122236,0.7369163379867427,0
50.84164934910066,49.63923080860947,227.0516689506361,2.3370525012873244,0
41.40949893056211,56.2281847306252,247.77163065643865,3.946615051805818,0
30.372488595577725,77.47011826691019,136.7394448491678,3.859091060513204,0
18.557183866595004,35.89802369332658,157.2180860029685,0.5260923707091214,0
14.281514206698613,43.763268646128004,94.44607312943806,3.893373324470779,0
59.72853938525668,34.68799238010355,274.92001598686505,1.054763596263767,0
54.805982662773125,69.52639374491773,499.8529423589415,3.8599453512734545,0
97.79925902600336,95.95517915458441,732.5528368679725,36.7956036955127,1
17.74487566562863,50.406202443067286,311.62320290143003,4.450492120938351,0
67.67405613853829,29.80126698458939,318.5855873530209,1.3175572532445246,0
72.19650994875667,74.23718391139336,290.78318740064657,1.6741392577767533,0
76.495316143035,53.78986330723729,368.8606062792496,4.584916985907013,0
60.04092528956358,73.99457260128031,255.1471647908463,3.787683933986146,0
78.13259139095315,45.50014484739185,264.0429430032365,4.017117845490814,0
49.20496220364956,70.63960831652149,315.10343119110644,1.5174210427578039,0
38.270832206868064,47.33400691940653,137.8285767680028,2.14074720996176,0
72.93247740997086,74.58941844992361,218.41901053283038,1.6358911900965896,0
52.62314525016037,48.45851989210581,376.2932085039429,4.694416575352835,0
48.14280183735271,39.945601530461914,201.9901942095031,2.8025436703898654,0
82.64685268350759,75.77067182793358,2412.76521706327,42.96683094625822,1
42.955374227083915,27.269327675659127,449.030476375657,4.123157339945566,0
11.901305756159314,75.61445372875184,479.0461211410258,0.8114041215701184,0
29.21436358295162,57.249957966451575,493.2652302526819,1.8413011911504022,0
71.49540622343363,86.69924595453675,337.10835366558445,37.372236303698585,1
42.11497111942111,31.46372836078149,402.9986939318281,0.21672809963662887,0
53.28378117909298,56.62363199864322,473.85974518316596,3.426693909606781,0
85.90657143462981,68.747802446174,1805.2466511358582,27.88484804265893,1
18.831331216760585,34.339860812693075,61.61322568605399,1.2610919663418603,0
45.99541260378426,25.84260374648025,142.01002408890898,2.9011564352997796,0
58.657403961953946,38.58591884857421,275.06663742397967,2.4725122739796106,0
28.43855818700502,53.59358609215696,78.38382845433503,2.85285354565194,0
79.86661857321107,27.58220851682031,471.9569459717616,3.728910790006359,0
29.239754683318587,43.008867354502556,251.55110518000842,3.3070101655939155,0
41.70464776704492,62.451369138682566,129.6819148621729,4.2462931324982325,0
36.94250270498243,78.07187395708132,152.51034007078528,2.6462777047537505,0
79.5342836398337,58.41505489713658,152.78830557437112,4.654365464572601,0
37.56508167186486,53.71261737449079,167.5072149948847,3.9131039453850462,0
69.56479984578132,56.93315739159075,183.21104818427466,2.125340868080037,0
71.37853185846514,71.54782158507399,271.3731721742105,3.3682716539112163,0
41.37921500337501,78.73136091069408,461.66718909424134,0.7613006505593833,0
26.903595100507438,29.835903257192165,312.22466419270046,0.11544811341100414,0
60.48190981834127,51.05833614136607,313.48131911648585,1.729130818928396,0
42.551572953156914,22.844938168405097,398.4172557946031,0.2086239642675164,0
48.90257457854463,78.38272097084968,422.45573324159324,3.3112377376074016,0
29.08609987136952,30.14623402523909,390.47112423223456,4.792593040907132,0
81.46657802868673,93.7512643765487,1268.3195432613534,19.619447983114842,1
69.1738869940595,44.1671320427897,371.6093522457293,2.3997824673165633,0
76.78071379144964,67.14850905466099,237.5015374428667,1.9420391693597594,0
31.527859988118458,28.530882583241098,88.68818087564522,3.247904723089195,0
53.07156813176582,75.14229662172028,152.04629900784494,3.748105777818215,0
25.351008179296297,43.22300071609322,349.83739540773155,1.3108577587080772,0
76.77882406414496,33.358954113607126,417.64252136408123,4.907758689586103,0
35.69838598918912,59.54933267600806,450.11523289810344,3.079177577322161,0
60.36798966945997,22.95853922658948,439.44323228720873,1.218585660837631,0
52.79573099791222,39.21792454980455,229.77791386725391,3.9244569733192507,0
72.98959771500402,65.29595238710303,105.02992453126978,4.077934902578843,0
82.74091200307292,38.7700518514532,433.8561015445665,3.8802447943469014,0
31.36303707831007,44.38499219444112,331.2151114048053,3.4946383047260845,0
26.18657706226324,56.35380891076898,211.58185056941804,1.0927423076028147,0
80.47312346348743,65.75187501475344,2272.5968693608665,13.12586739425409,1
50.49890347868916,51.62045747489202,299.53065006093425,1.4108932282461657,0
10.370498570080722,76.85390757944258,95.09510707273604,1.3471924537404583,0
23.012203776626652,28.621257511052764,217.96777941317097,4.830060480638027,0
20.560221166950704,38.07387768763449,133.95373683559689,4.225528204901309,0
77.04922825059028,31.47664226224382,419.02671458581415,4.510586543211389,0
54.471313857619556,73.39018364529863,139.70755802510882,4.7447006564213,0
71.79982389099837,53.28840549643688,65.38795246453498,0.31488220073330353,0
67.14263594536524,28.052145579581016,460.9605287697422,4.482426363212483,0
35.59889844625391,24.2614740589596,226.0745849331255,3.994812626284856,0
19.15286761335841,65.73272349885062,464.88003355973757,2.673297833745425,0
78.73668633366357,76.30809274194874,103.24583285141219,4.2123320360631284,0
14.992354593566713,70.48638559737469,148.97044122376155,3.297398391433929,0
61.16437669413241,26.836716166672613,443.834246056428,4.5166055263462725,0
82.30130553382767,52.60435113189585,95.50633468174622,4.599506832184606,0
18.39397145482959,41.133858504244714,237.51889873125342,3.2600730766956563,0
84.7997883038964,83.76690876285588,352.7290568016814,31.652153338547407,1
27.81580981557456,56.22756543716708,473.14226895766893,0.15434066271230507,0
32.019388319837006,38.29418746310381,253.10152631934378,0.39957554673303364,0
15.406325199900502,38.770677680340086,264.55785075517247,0.8387220306980137,0
56.26951887818066,23.16955363451615,429.4995597013719,0.251814994966979,0
66.4298411727841,36.34803104198576,393.9796411531584,1.5305198007880843,0
30.48031074796093,23.640984137040938,224.2199273242924,3.483568001765142,0
93.4902561981448,90.21580417955744,2188.9104226078844,45.35897546383779,1
71.95485134112141,38.334587559669544,147.54097009489323,4.672278433813907,0
57.51086648696104,56.86996761531155,309.6848491842944,1.6469366099329819,0
51.53516805342822,35.07152027626803,477.62782257671853,2.8261319058541536,0
82.64029987749191,43.85809914396518,314.0396585111246,3.3369931228040377,0
42.347627975576096,41.90502039706404,164.6968803850326,1.781134437446878,0
48.239050716284325,46.023422169885265,397.7620217877833,0.9579747484221152,0
64.67553760307405,51.080625882565876,173.36127523637225,2.6149365409585483,0
46.66733738443386,33.5124260129721,241.19056718060497,0.3245334810733491,0
16.013501056142758,61.63180053970367,203.54093257646906,3.9617548217746523,0
11.681941687154135,41.01634224015966,66.72887962234068,4.749804504384458,0
11.795969895286262,56.53994666311571,212.71561988913936,4.446688060107241,0
51.191999852959036,36.95301605111833,298.77880819314566,3.913678551800959,0
11.133301316085628,48.867541509010735,324.4916717665122,1.0133595315365236,0
20.266422255160546,40.31041276552837,76.16020596207287,1.1876152092403442,0
58.0729058008999,71.86417923166385,276.13833201574505,0.41977851535450805,0
75.24768697357638,49.83003684306114,207.25143835263276,0.10925688603889372,0
19.029068409181676,78.80311657858908,316.1524691493612,3.0842492563796107,0
98.5964809151856,94.48005689498024,932.6958383082215,12.118085277515013,1
68.48882416700124,23.937565290669053,303.5226832997745,4.638855492034096,0
58.31119161069369,35.76159859280031,496.36697823864984,0.5240199476979451,0
76.51936751569521,55.940662652814055,191.40868422477723,1.638634783410355,0
16.008613478850634,41.70609871535395,98.67215850583197,3.1434216671230244,0
48.82837325385336,54.12876418603237,139.87783360508223,3.2338748054096627,0
56.258770588940585,23.812143345435114,497.7737386156613,3.743866609109039,0
55.80850533068262,63.34241045796791,242.35273995911848,2.2339058151568905,0
43.02425637762617,68.26246484826203,262.8658062876651,0.41734647590978613,0
62.23223552770804,44.70486005541459,365.91605081696395,0.48454217338905536,0
16.861512804831616,59.53410839449143,467.6975580414175,4.685273167828877,0
78.12091542766443,61.59250826876947,2831.6652210065413,31.807467974568734,1
37.91299414351728,51.23123201849087,73.48324638486328,3.4956941485039956,0
97.34647144915519,72.29277451951961,811.890113963836,42.29214282400559,1
45.37371180629465,51.93861580279464,390.7249814356338,1.3464225990435468,0
48.85590746791116,44.800547592271535,330.1672084532105,4.6866978156235,0
88.28504789171743,64.09833821172528,1022.42178232007,12.866589082136171,1
76.56017051596618,29.296507120276154,429.0605544732719,3.5806753157678477,0
81.62953836137417,31.627347801401292,405.5333571334736,4.021168945161133,0
12.775572603661946,57.38827122486952,172.8127221459671,2.299112154545895,0
41.111924164101396,61.24339476114287,263.03950878505054,0.8667896510569134,0
68.64181847476672,28.670913434417017,258.14029342023525,3.7553523942400524,0
55.433111451766536,68.77105829220547,446.9216837034644,2.4494707106541247,0
75.81025349908614,36.827793452279145,284.9331070117999,0.4768690394901376,0
12.193546227591936,70.16473404771685,352.4472801561941,0.9892732483883221,0
59.25524984059692,47.576885103975584,177.04685782937412,4.365796436914132,0
50.19513091390887,59.005547068395884,358.6681493186988,1.3095494593769468,0
52.52621957400009,59.47699467227554,76.36589946956094,1.7123627811791442,0
86.53493804420958,89.65780113503479,445.9068993393363,21.31797663046782,1
20.444055308852796,37.131504302920376,205.45087361248105,2.2812151292314726,0
79.41092914209707,90.72795620874419,1343.432317801549,36.28901080589009,1
66.16197527224799,54.85811519789555,119.28845802455777,1.472153889747272,0
17.84258802508002,24.995459483037926,109.32647801158139,4.54191273685632,0
26.647912144971208,49.27401171675811,469.47277364613456,1.1168571891368444,0
32.28412867173813,25.24500847226503,309.60929089523813,2.4378268163946237,0
60.37755133043925,69.69115215940718,395.2752354741417,3.7214046964708207,0
13.42365591267878,57.35296377278683,238.03528393495912,3.9676063232016228,0
22.034696070341983,37.907039668865636,428.7612956436517,0.4117324787289317,0
85.23460044072407,82.88558893277792,2943.930703341529,20.14877763805933,1
74.07722146878096,98.78277698881055,2528.991424427753,11.032478373296815,1
59.73596867314066,62.938133033465746,293.4139159792844,1.6835829864004754,0
76.01175534411138,57.28786535940708,321.48117977540784,2.2404555639795993,0
44.38889216402615,58.71666531941378,165.6528045000945,4.657888265092883,0
76.8893403397044,79.22131921729255,597.2573242070932,36.01736449072386,1
54.77089175598795,60.304690428649,143.90043103021634,1.807777479351308,0
79.9416158814484,50.18409935792169,483.33917406401855,0.2008390697529061,0
62.20598961752793,42.33471771116429,468.9600255819473,1.8319169612829256,0
82.7188470823419,31.853354340708695,414.46090413774067,4.351645172770471,0
50.72684379682474,40.04858134303173,322.4301673790049,1.8355788367026764,0
26.655690301999044,63.654759328096645,325.04644903947354,2.1533678574122757,0
74.39412280234951,95.34473434398478,1877.991953179717,20.07053840450278,1
31.647291493019182,46.878299382931395,485.5369658366372,4.26175058341917,0
14.580846989114782,72.62722805973729,468.0843621155707,2.731547856896495,0
27.159862411871686,65.9957566827231,193.82815647863205,2.9150324150227562,0
35.14592875587218,31.13155851546315,272.7284601672462,2.728885766124688,0
57.42116152282299,68.36580487764485,164.6414578399304,3.5543781379177117,0
75.47823602614025,55.39006366638534,420.06358121559373,2.9200958993392296,0
38.47693061254502,29.873963505760095,153.50020364677994,1.2313286199039286,0
55.82357416382438,41.977183172391335,437.41871716041317,3.1987385601883975,0
79.64729215865455,63.4653404161589,479.36917720363004,1.439171701507559,0
80.16133851456217,33.203975287081505,149.74872938932475,4.908898016389947,0
64.71311714892975,21.86408781466738,476.0560275267293,4.835605891273738,0
71.94213298229442,74.05067506958741,1364.5317939175577,31.018175242028306,1
54.082702064664865,27.587854724214267,253.8566376710848,3.4270331152016054,0
70.71370560436586,79.96764086358039,335.4025994661267,1.8849691460522744,0
89.54757706803416,61.492301654582754,976.5167427335474,21.798879007095678,1
77.58685078682417,79.24210833873201,431.93871525435577,4.075369953413049,0
66.90821903179938,40.74971421857563,130.417754419674,1.4924705639368434,0
85.21641045034269,68.76453412269622,2436.4690380985826,32.40517722193826,1
70.3124173737913,31.33578882589714,487.08330234284546,1.9622242208846248,0
77.2574068469819,37.16810254749886,146.76015621028307,3.4251497463459426,0
63.85923071698708,66.97091707919945,319.20699193335344,2.201564878759528,0
84.34959261731655,74.87698727091148,154.872544336077,3.3972366790829893,0
38.115293464277805,50.35554800878363,215.99713470015013,3.192625230958323,0
31.340603925770033,77.59500137852547,393.98005012518774,1.6299895926780135,0
63.08763229223265,21.22046491293066,492.4586464125794,4.570942120667555,0
82.43104073648107,25.028249545703645,263.09284110450074,3.4713246503130675,0
26.430160682639332,29.511214041644568,270.9805773441103,4.375294820844714,0
59.301511162759645,58.5366898104269,407.19506316338925,4.571156881720812,0
63.10544333470341,45.82079194233202,391.7689561347382,1.0158001918210446,0
17.58420070920927,23.84568266217053,262.37181458988243,3.623547437321888,0
35.545312493596875,23.93604589670177,384.6815667286005,3.519929609323316,0
65.40423630449249,63.866178980213725,198.90886238511172,2.1195629374381615,0
81.2955360203167,64.18839047714437,156.792966891751,4.414762279237486,0
14.526406299292285,21.7579665862051,476.18939613899994,2.972491828748793,0
33.816227519319135,39.37872400182848,383.7473999231399,1.6394435931857236,0
31.152592942847985,46.73106886958967,108.70503644812726,1.1571831523171232,0
74.58987360034523,66.3039730911602,983.185167536778,3.9028950544551972,1
17.17859166401213,62.40821577263031,118.21456035604376,4.908836755989828,0
42.98917297853762,46.47206613277594,101.35164073405035,2.955353548238529,0
12.971411901126785,52.96470992365787,101.1931081162933,3.144941936121761,0
65.31259360823113,41.692411265777395,433.32656396851996,1.2902194701835774,0
28.55052368643125,33.385401106721346,179.30914778389854,4.396245215388924,0
92.1026903599427,92.38860411877835,1734.1150734279822,28.72691797306345,1
83.75241495376594,85.17737183805367,1745.1462096697803,21.6895433411816,1
23.080695033362463,52.67187757427048,470.3699047068529,2.7439615618494226,0
76.06530693991964,63.39981823963779,130.83522186746336,0.33592598261950657,0
56.84976766406978,71.57017853749389,390.4802546404753,2.609364863824485,0
27.375377603758256,21.268989400964976,341.0027389219573,4.7308685239817265,0
68.14330388762119,35.828364496781454,393.35872901705034,3.4236126861066603,0
26.823891914014467,58.24672272307412,166.3278134665154,0.615959440214151,0
41.66441754105085,30.356546774136472,277.7024006451219,2.1342070468448906,0
16.205262671364242,68.18273148055279,312.1482633730701,2.316917429331599,0
32.8460326880028,57.031653627018,452.14189209071634,1.9193747671713879,0
38.29885404723946,50.80606982754921,189.39761812582208,2.420821236960009,0
66.7786086023969,45.910621538721784,345.5700379313945,3.314188001453649,0
23.352697515231355,25.613564414740132,440.8826767296625,1.6154437364727614,0
44.474865280199595,39.46629371810397,219.2662895047206,0.9255436521392263,0
67.33305460566282,46.17286502720272,302.7346399779709,1.0138460468441957,0
55.06840042443146,39.553408603618564,177.1244765813032,1.7995396374683663,0
73.60819262617225,34.23526181942823,274.73205262111003,3.509724122872941,0
69.71827070922905,30.750780477519356,82.35473839587323,1.5739190790640527,0
12.14893206832409,47.032192344024566,470.0758445160957,3.248315817347638,0
19.798925786759717,60.04493183202987,145.68043532869086,1.8001046892725174,0
57.730102763755525,31.348321779604404,460.4290037943751,3.9308421072468565,0
84.73947315989643,64.13855960068192,159.50862231511942,3.5814716524341916,0
87.86512645858309,61.30040421649938,2870.086275555053,19.35783034081233,1
71.69029321923767,39.36858760687102,280.79717112930814,1.895696578862962,0
17.165148537600114,53.606958980560904,272.956636806325,3.0399411559826883,0
46.30578022826512,52.543193611426325,187.72663919727916,3.0721682741754766,0
54.31697073911813,66.14366798958346,255.93434354532877,3.930577239015662,0
47.03605303426965,74.07065739304133,308.80065512271267,3.1704402880705906,0
13.89674331657013,27.860877119027936,468.7529121660077,4.06225565860297,0
31.07008822655356,64.22794483739835,116.6602649073724,0.5000904501216114,0
75.35954426407883,57.84622521035724,127.26229690782104,4.135933571226609,0
82.48130393998055,46.22888630270208,401.7750196945819,0.7835217389797405,0
30.35117738304219,75.35870837621432,66.98629263534502,0.7580531896523801,0
42.282055774074266,22.632865302124618,302.49954894578036,4.847000562830933,0
40.888068561045145,76.74290650646147,392.93224404787657,4.27417075618668,0
15.922687164312146,59.71409458831572,200.17168181410682,3.8806498630719934,0
84.61497378773254,44.90643061129596,231.2391284363489,4.635345580255925,0
39.434363967211,54.09914906467553,434.300370573366,4.303974449300851,0
36.25939443750475,72.46388190249985,495.19997907272386,4.263683728659658,0
83.58577988438664,33.159224072682925,128.46051844289224,2.335615463465697,0
35.88941563706579,45.521389776199015,74.48455748758008,2.077799972185711,0
96.31918570936173,61.43312818831861,328.9515678148398,33.90507916416692,1
66.38102442968804,69.51850414537896,72.75900473555467,1.5356034743603042,0
67.32794966663019,23.124344373276184,473.3885965526138,3.433583298024243,0
67.34882127886551,24.290181459898122,205.87969389328353,2.6241675690068837,0
37.01023056036394,30.69989074569298,128.7485729377628,4.70509911348617,0
60.61699022906161,26.143667767590593,473.63503163832553,4.889789734772522,0
80.04062631459287,50.306933344640385,288.6113868648092,1.7249142284793917,0
68.52820926782353,20.32093932165337,456.68559677402374,0.9334714873070604,0
21.047728320922776,56.83075670046345,117.83164686402577,3.2036667965372274,0
48.89212664993004,37.640203315697185,243.41796416362186,2.4999176580241755,0
56.68102311744975,47.80346052827878,452.6197049420895,1.7731354722155928,0
25.530685690814142,52.977338066362094,298.8390137078479,2.4073145881869245,0
35.70481940709304,44.29464885619064,207.24130071220463,4.85399074636336,0
54.1264165737365,54.28037170718463,393.0046529198868,2.681860118620629,0
87.8664784121756,82.96624188847187,1682.4023128582312,38.20561377379518,1
34.51987122535593,71.0893508987928,243.4472411561816,4.488070041711926,0
58.292819015584804,32.916142747150055,418.06158172099913,2.5549839596717123,0
27.249531547243038,59.53656763608456,117.16785364496279,0.607078826559771,0
60.73850393329349,44.34286545085686,188.21747758547846,3.7672485512105274,0
40.946325768356985,54.15238778776566,293.7590708151778,4.1298683479174345,0
10.664746383510167,58.42899758853273,327.2443529672096,4.419591982171392,0
31.99080787735484,41.208391523643236,364.00866487813573,0.7574105651497909,0
72.10105675993495,69.04736964562754,650.4750083978744,45.75298234841283,1
77.13383055299023,72.48482440933849,441.8646911490281,2.9422191382026157,0
34.390839720715846,79.18484110897333,153.86800333450174,1.2488450642965765,0
33.948522819281116,61.26615238194409,407.17284160334555,3.739461270130416,0
43.50358954438902,35.124193211010294,480.43748708510407,3.0810092927864825,0
53.57127849161345,31.944938769677464,98.55757275033926,4.70373361538833,0
55.58145123217394,47.11214267913667,244.5564822521592,2.9500623413684797,0
77.34393902182494,25.377906398277077,198.66095991457746,4.7833004421210665,0
82.60572860880501,64.5999748139394,193.15963910007088,4.3098337807855405,0
67.56757213884387,65.14455399272055,180.79264821441578,0.9625943590989899,0
14.864019586222625,58.28839415097616,157.42160777077862,3.9772547908879377,0
32.56587323625773,65.98083278627914,228.91634118979098,2.0912777662802395,0
18.33981117296135,62.24188715549941,416.4886387466037,0.9708103870725482,0
37.653037814859644,28.847180555970773,130.93000107599357,1.1936922268129995,0
74.95479171253062,62.45723514443212,249.12109115061682,3.622302116257059,0
11.570058837004995,64.06922241934421,467.87284830965876,3.632354660902216,0
84.43626266187815,25.124149057452428,266.7649271055534,1.7424767412300146,0
21.990982252483104,67.49840433098379,109.33339533952864,3.362172009811715,0
51.981676272878694,60.278265413856786,173.37823588016,3.0808954080350386,0
26.53345031840642,39.179123735318036,96.57387661710546,1.6608962495165662,0
39.69778544968412,73.38493941772279,346.7295859574171,0.17904647208865365,0
20.141298528464105,49.22096243097437,68.05246022983195,3.054638113940144,0
46.72183465376836,64.41878185063709,255.60254974209258,3.68961968739425,0
46.871190633762424,68.64101422025551,106.94500642103367,3.529533346633291,0
47.922561506646915,39.00106136101556,432.489095199318,2.8032146257299306,0
81.30357298074371,48.40613956250128,199.81044330413147,3.7337338625629712,0
35.41176118171055,46.03611497788243,280.8404788614538,4.510669342235024,0
83.18341139116995,70.13424259787362,217.14527779102954,1.9032307334872867,0
32.850935432353054,71.52469811177481,148.91032038286568,2.116295713829146,0
64.62781407547345,50.844841737156386,412.1022280350013,1.7724477539126493,0
64.63680078712099,58.03336770994651,391.1581429235802,1.4231495596965953,0
80.07694810351022,77.69312403171679,1906.324077442907,27.58386272173344,1
52.43087129599669,44.10762022000183,56.93673130178345,1.1662882072699898,0
77.30392880977861,40.416498934041854,117.0903869457115,4.459849563878027,0
47.83419562520165,64.33952378937462,418.6123869882345,0.8211034372978537,0
26.202358029480415,53.92738196444649,399.25246928607527,0.4315913674308225,0
50.52223988427304,24.505618748318838,483.40159672319595,0.5688086085543831,0
60.5074324993688,51.77201690134744,403.6102093345885,1.964038584762694,0
84.46126292493028,23.98432120762984,357.8943517647667,2.5470093476548517,0
79.90887118627093,28.144751185994064,233.819324997023,1.8300669592007557,0
90.24225182314265,68.43122796276805,2306.0436631201833,10.546431756984285,1
51.73484780116165,27.35498939043098,367.20360902965825,0.9318261546525863,0
81.85551100895351,33.85875863168382,400.9829910749507,1.8150072499128074,0
81.46112627518795,40.10051419746175,82.70775995118038,1.127010573844001,0
10.743302161836523,34.56289920791499,282.4944803278712,1.060216810964798,0
82.5995739536785,87.77224838128944,658.7267207543174,11.187470907794696,1
54.26730001518153,49.938076653247585,266.1201165495323,2.8584116304963554,0
10.6239956670394,46.44529660647907,198.37899821579555,1.3768784073747231,0
31.36546764714421,21.48903268670895,99.76063418089674,2.1955788714131974,0
21.392702013422074,58.46516621492957,112.78705125185118,0.15920872274048925,0
83.85023046433811,51.94161409167889,405.18520209866756,1.8937572422033688,0
35.52903281908793,33.652032616187796,199.26061325302354,3.0308865289088383,0
67.9607179967753,49.69896768274766,304.87582428399384,0.8013329952029347,0
82.25458256601628,53.041432681687674,230.09859299246503,1.427288601435754,0
66.54010620324348,25.38954515432504,123.63882859756566,4.582064590502139,0
46.544901557503806,46.40724625909617,373.6384522311446,1.2318569931399093,0
66.59270209043024,78.25125187206201,57.82493431644526,4.484815608553085,0
28.923605210136472,51.84503614328854,326.7095386108733,4.167672835546286,0
70.53031779000273,22.31549371628803,499.18904567953587,4.806173519460945,0
47.383164919679295,54.845359943339545,355.7270696505917,0.716479957154672,0
81.16641529399999,56.03499181922816,452.7978015785414,4.594264279415522,0
11.778081523338878,36.472675084426676,498.96329839754605,4.854237007425047,0
60.54956561092978,48.24574354325618,425.4149766133273,1.4645283774167979,0
70.18013383384931,75.96674748126406,496.1308383723251,3.1786838912763455,0
11.823697482359037,59.68056073668347,199.70284393864574,2.888289980330035,0
30.898484817745857,27.877278320289456,226.12014201368612,0.5682563065584167,0
17.24836257158142,37.13759598101463,208.60825297965792,3.9605288970747905,0
19.879658009092143,54.68432612074475,332.93535162263197,1.068605764110087,0
10.5748024486919,78.69592781176844,451.05324846416033,3.045874396898291,0
54.76389076658196,21.328067061769826,400.34561964021003,3.033738451627653,0
29.456757507346936,33.22822885996219,428.9747135276224,1.022018873827681,0
84.16304059777472,54.53121301796744,61.261295703739975,1.5758934775794446,0
25.51134198500472,27.670984219608023,497.6391596278872,0.7787487989947217,0
14.682349545833524,34.77624404619039,428.5887581748658,0.3919421348512925,0
48.16705525524102,66.10806773984802,291.7436807276999,2.8956259260192962,0
46.6371724494929,59.219388584337224,243.03649132287825,3.0386137391856316,0
67.41600628868957,33.268856606641606,172.16789787493633,1.9039186729605484,0
57.13198424609403,56.68969116315195,481.4539897731836,0.4483912832969006,0
42.61205039528097,75.93601303525833,69.35628397102491,1.5984784333312523,0
62.58773961926948,21.858236205350607,156.716632956426,3.983864302849227,0
55.50487935380773,20.014576066070763,60.0560547920858,0.9082161827885804,0
37.67897663206874,36.11000457184972,275.2227027844762,1.3174168857145152,0
31.433766664440267,26.56135418656873,411.9784011118408,4.64826438895278,0
84.01652024503879,20.72018163636095,452.32457234174893,4.725807285889484,0
80.95865966002245,55.30587442720714,215.87929362422992,1.708788011492814,0
58.41042219303758,22.304052639580675,424.13747986864,2.1932934220355182,0
81.4046834979252,36.66997397387926,382.3979241028214,1.6948541859577992,0
87.57907536099687,63.982824222788324,1159.4780752519216,12.416420100884332,1
51.50283923123289,31.47734940179086,52.15992116781683,4.453201931403086,0
32.01166174060913,73.26509148030128,331.5502312842169,0.44928959000023416,0
90.06859232371912,65.18513855987271,1163.5147743622856,20.91079622018837,1
34.61748292587546,48.219442876232385,59.624981003785905,0.9315345908713696,0
47.33593810257177,21.10150303995344,180.0114421117153,3.9016912381257853,0
58.734103507322466,44.66283161336349,336.3566563701754,0.9461765547463502,0
56.70650524298808,30.279472667262496,81.58847513347112,2.497811555701177,0
69.28823457061637,20.76592559107384,218.4512691635328,4.44744995199765,0
16.636937653893963,46.26300949601249,251.43074269948622,0.7001961563217607,0
46.08550763911131,37.534937404363276,216.81979566700284,2.480164449707074,0
39.40701826784295,28.630068259418653,191.85738278045952,3.989071612765299,0
63.874838152900296,21.254570740114097,318.49830811961664,1.3362348753552618,0
91.19137629709125,76.91118332719788,2821.1186151742763,19.095445408941853,1
28.15414536336253,38.0579791778973,237.6748563047175,3.402774238222409,0
55.766886210823095,34.39693422341788,482.0056957637234,2.741659992648979,0
33.39095768227939,70.71353348964439,145.18423298490234,3.566408611911181,0
52.29196907915517,41.7994685341406,197.73891966106038,1.1982606650804746,0
12.64835162051793,58.60218350418563,237.85523199218366,1.7791518933383044,0
38.48136421894881,62.595984406054775,449.9222425757359,4.735156984617138,0
53.919076290445936,76.5194868130323,481.43448360879677,3.7295846899927816,0
44.87571381448207,55.77096016414261,408.35559896584203,2.6975179522500303,0
24.319493880373265,57.100778422727444,415.5811178140919,1.6697676164469493,0
25.426544664666633,48.9335138202396,464.95909648823465,1.0322134606453448,0
46.19509267461405,49.50743795742008,223.18531812187408,0.818529090692095,0
80.43007738846721,52.141338227361786,344.5796731086748,3.1236972995322905,0
76.76935397633515,64.31234236855445,206.4522836610101,4.7606193906543535,0
17.35057635855558,47.72842839619405,214.70692441634415,2.0787719383780097,0
17.902369168814236,39.961410781560204,355.257783254759,2.6132171656557452,0
15.772875203565555,39.035312986982,376.08410160472715,3.138785386307983,0
23.99252680384793,23.37283432759271,367.0637144600076,3.094611781173608,0
36.60464175476595,66.49150413091735,118.25013216092913,0.7543902341230224,0
83.58833775717208,34.01482605334155,353.3117806067597,1.592815490629948,0
78.55586278853261,93.8299884905216,2555.1667619908544,4.280143821458061,1
54.01308385156594,32.35291929069927,429.9918499040391,3.8709524585716237,0
61.0170834406265,39.01478082911266,132.30219754813965,3.5293103044812812,0
79.41763846800822,78.88300005447681,217.58029971591026,4.105392887234251,0
75.4565379674596,76.26227692276206,95.70854490592161,3.070041695194687,0
21.70139803318274,72.17898108873028,264.48087222888296,0.927901183917777,0
19.823030724563054,43.942427122898245,386.49437471301445,0.5293951073690112,0
14.362284662910685,71.42174169983468,142.76577212607384,4.7782771262076675,0
24.75161479846173,35.801817139884754,222.95256258133747,1.7782421641584838,0
73.85704793808907,78.24546123549796,2350.868025040696,49.93673417461725,1
26.700705934231372,60.056102814994105,491.1449327275217,3.544875729696695,0
80.3861618660616,61.389264279725715,93.31276245697653,2.257294230002453,0
41.23783239279092,65.19877591275542,155.1105874048398,3.5470138485966562,0
24.623139992521693,45.908306047154724,438.36212666733064,2.1602135676323817,0
63.72425410470117,77.6966865352668,151.2681795698897,0.7170930611813747,0
12.695670534755656,62.580280610271465,98.65550861469322,3.7104629627912225,0
60.93267393583672,64.11371108609576,431.4565390829975,4.103127965335974,0
37.98419638167877,46.492837332789826,127.38668082959433,0.31217142014005383,0
56.46177595072109,42.31020707398517,74.00307335233258,1.6905788582978136,0
45.346537554862344,62.66730902091715,204.7201210664386,4.491363322462767,0
43.623929152706665,21.354114992142627,120.95990243291628,0.376288006541029,0
50.825866572574085,23.85915339161501,174.72227622988765,3.2137301731680648,0
20.56427652848499,68.96340542685942,213.52661574445696,2.2618708851165032,0
24.965683819685886,30.094194746509512,190.69534145984875,1.7233657050627387,0
39.07366040917353,65.04014085689928,382.1863537960246,4.369997127689471,0
83.16134646651402,83.23756097912818,511.4026208646428,7.5920394811079674,1
56.899762746584045,39.84757948565934,487.4704292906374,1.0771095180364072,0
17.558350103307,43.070948822375996,214.26138681747037,0.9340042052251779,0
99.54712747404737,68.1755656301025,1231.2429464840761,47.39004078214241,1
14.228162248819533,46.10087566041341,451.4504070609866,2.63718042464614,0
63.69791716355481,72.02069641463603,252.37643476644777,0.8393945054142316,0
75.54175581718864,60.81504129982244,150.13446987985088,2.4574565112976128,0
55.261982203253396,62.863253722237545,293.7386785248739,0.28443719178074534,0
69.9937064029892,48.81101091571327,281.14370231959833,3.7504203747433107,0
48.34565966505634,71.66681120368554,83.37768362821507,1.3288682840871768,0
96.73309432503109,81.76622920744444,629.9312569389426,38.25160260350448,1
57.45339090614507,49.31629555267909,270.5536562570519,3.7315308474380466,0
84.04570969862084,26.837953227154472,382.9083673712446,2.3191085938383154,0
11.350491670034087,36.03259372916445,496.21899898849335,3.1102975464105405,0
38.5467470107435,40.737622222169534,201.51755100389008,2.936917976343236,0
74.07888200271843,76.13138136553144,409.199531714606,2.0665628070055515,0
11.923154935482676,48.467190790671395,354.3051807682149,3.060235398288778,0
39.820928391465294,72.21180142953452,491.5977310122993,0.15376470254858166,0
19.246283447421014,61.215645006458146,67.16912267091973,3.620382108952016,0
56.248773589055354,25.168146292942176,433.49639302534075,0.2296002804563152,0
27.401363523160803,65.6422883626337,445.54653849139254,3.5442855660213732,0
47.61372210153997,33.6488962216124,266.106521061962,2.4300172411911336,0
41.42108426406065,52.01701587855265,117.56913988274385,0.06996705085231314,0
52.25562733628906,25.741406963480067,95.70746464009757,0.2508442174934433,0
82.54533927777233,62.930357277267724,244.24329316728245,3.691094527701711,0
90.64111400659387,64.64467887728344,1852.0410725103648,26.365147763758003,1
73.1371582568704,58.605736971039846,227.5830814577144,0.2548701789583069,0
62.12764216439149,46.266888637977196,362.9332168651876,1.162345201083817,0
65.76954371324199,38.08737118464008,383.3642141297349,2.5786805220718496,0
60.36093615004052,51.46618075146496,133.70379433519787,4.215217183358517,0
28.628219527735016,30.302599338421288,481.46042941648153,3.6209622332707747,0
41.65256950957293,47.23079382841469,201.79828899653666,1.1297635542662694,0
54.65247776176545,68.00326447708228,308.14996889705435,3.0957577578716364,0
51.82816196875329,36.07241496904645,56.936824734442666,2.704060353990378,0
56.93949367856773,61.57453466148606,269.4192971223024,3.1109882314006656,0
44.07590673007414,35.135170031310224,392.88638506871905,3.300597221315652,0
30.68256761885177,40.577991182004695,423.5625060244941,2.955775023113696,0
76.75040063631747,79.28744455727812,234.2833161254213,4.68073493299265,0
27.300235878831902,32.298753969554646,261.7451082280502,4.398539912020266,0
82.21951564281848,49.68955709603278,252.78054129867604,3.25738043964535,0
49.355172824607415,59.49702700556944,67.9125574499393,3.532382436097014,0
67.16309403862334,72.47031770228463,215.09077742880325,1.7928943605345586,0
51.14413112910164,40.502712760501296,396.5137109156824,0.4579601707223435,0
61.64737219809067,61.76188441934682,438.0222782088227,3.2136677263515216,0
16.101158548142482,70.62877181949837,204.9926207977347,0.11460786574818471,0
58.69917434326612,30.875015333093117,78.04297627213354,2.1608362758699293,0
31.002799716286706,35.16595159706984,454.200583474473,2.5725108242854597,0
80.80315703690484,46.367922461506524,148.88763507509577,3.5001702048242773,0
32.57845583757348,45.23781421272916,294.5702559688852,4.059053847195973,0
20.59176575298621,45.10178230572758,134.01454319472774,1.6703944776690878,0
50.58353686591335,24.694525914801364,92.44069315823641,4.107941807429069,0
43.70123065297315,27.209555524137315,420.0900395073248,3.6612012510294454,0
31.382137652038534,64.85123820479029,94.63753855079537,0.27695365010469597,0
55.50362847871419,68.95734736491241,474.05457845211083,2.2581834234161176,0
71.65773704501692,38.59082700519679,325.46741972602564,2.6458722659092477,0
60.81593538878319,69.37328409761012,498.13539313017304,4.691648892882593,0
15.319916210033007,56.360829916164874,225.124077431066,1.1080459411957544,0
44.372548114649234,72.69514806394079,174.9938222647648,2.863766296240813,0
80.316815297571,70.09778709932391,1036.978142629272,9.356062648255971,1
69.98375233343376,65.14414722316803,117.65564362929494,0.9982400959066706,0
66.71224966714345,44.721064337099385,468.0260310076805,0.7276976566132315,0
64.66460817024601,76.64568715582188,394.0536731256959,1.088813092745089,0
39.11274446548914,56.19472536104179,446.05910904513877,4.435709993470719,0
29.360007452584565,34.79938681068667,359.8831804552445,2.5811654896791456,0
13.430652535938464,61.51564179599552,107.70347628669836,4.970309916915552,0
64.86147697773369,46.57484588251781,259.78560356999026,2.042614478819313,0
80.9443483024065,56.06495992359294,101.28289161116852,2.226395584186223,0
76.7605853047011,72.90303838372378,443.5594145231903,3.0600194866572283,0
53.221627012510986,36.30305593389078,80.0586847679774,2.8436397082407994,0
24.240649682193997,67.54740014835579,255.78490909860406,4.493281918772228,0
81.56272534259932,64.87125384045953,2509.242676118211,6.759340023212742,1
70.48027129246296,60.625627087018664,310.41529146150907,4.473509305120919,0
79.79482982989755,65.16581484380826,1715.3608411587868,12.330848448114462,1
71.11188353098842,68.52796667006905,80.56679190027181,2.075988195709546,0
14.10495301937394,47.73970984755695,93.05879328765782,1.3897907856549248,0
40.133410049074314,35.4257653637067,179.99928471840204,1.9408072398015848,0
47.75629531411427,46.9422656221977,386.7434605051209,3.4048896460588187,0
43.3077667679964,21.913087712515527,352.8276801108659,1.182019794765573,0
55.468970331323305,52.60906571498087,197.98037969404533,2.7234404671698833,0
16.078466193073595,52.37970733418914,195.78924795269253,4.537878519816331,0
39.33111524888206,51.80314035274285,389.9725956563967,2.9993398657752355,0
63.574497680124814,56.18083180187529,327.1297524895561,0.33837581612799983,0
12.754102187561585,49.24807012783844,319.62903584476004,4.08791343924668,0
24.897371039640184,21.150374644993896,120.16681347822417,1.0224097512528978,0
30.4944645248657,29.084626636165105,248.57951125997454,4.022793572343151,0
86.67168607374674,87.05340442162496,2453.154124006083,29.838334388771266,1
60.06624244686029,61.820780836055775,51.76819463999801,2.6195583835219862,0
41.780369023657215,41.37163660768277,168.53162538013004,4.542231028452008,0
20.501807316498827,32.46943048753015,181.32043440828528,1.6207720148108655,0
43.769068460716774,71.76050977674355,136.65924380607817,4.855527541823773,0
49.971833991350145,34.86874657441441,142.9309242184028,1.1606430105155296,0
16.26255375240016,27.53860954473884,497.1978962455692,1.7945649549901532,0
37.90616912221719,32.721671030133734,213.7037232195757,1.0912441625578566,0
45.49074300186679,59.04346306002802,444.2915130012432,4.660650366505818,0
36.59666182305824,26.409259577839435,279.18004580596676,0.4644985724705969,0
17.272425322406857,70.65257514657392,68.06272467443458,2.2162867067966725,0
59.06309511055559,29.133692835012006,189.17099545648534,1.6243743354964435,0
30.399895400826704,66.61678330355127,112.63847603759852,2.8185110970909584,0
80.03120672511025,75.21181916445644,258.5985004862086,4.739025091812341,0
82.25202403345284,63.41484202639885,408.4614230068163,2.304406383464807,0
81.38588390674292,66.01093386906638,353.17024147438195,2.993616705283652,0
14.901725559920678,27.608107947605603,465.8665771115145,2.922349658223065,0
43.36393246206556,20.187299081384577,201.9900926721134,3.6880558086606636,0
72.1489679588717,29.884040533263445,142.00086517954833,4.479419185337735,0
29.59997634140378,77.36118262919402,205.70108583752437,2.094353311230236,0
58.623850558907165,57.06167517131545,487.0484554823519,0.2962422619986377,0
64.67044000788678,44.551798627138986,113.33451352601895,0.8648476230153757,0
47.70092674216461,73.95493509735215,283.67603707787214,3.8084067799015915,0
49.8515973676111,20.63079347249921,419.28232703856656,2.394164079158408,0
22.122153557096034,58.56664480879567,187.44426170736452,2.170381970984598,0
23.444170893084255,59.286545077055614,458.91174483630766,1.4808715730080118,0
69.93684783285866,62.963783205173485,273.4807163284271,2.6089238335744303,0
21.682994543512763,79.73098691541949,242.46552686865735,4.856981334947491,0
81.84593949446031,32.09931267601353,208.35727509139738,1.9918064313337003,0
33.769150386720824,24.993383972484338,231.30031053048387,3.7892314646623553,0
29.326216638341027,34.84777887398878,229.34467146442213,0.007128641437663119,0
40.94663806364678,44.71679291673582,429.01231333965535,4.112918660807161,0
11.932719907326335,55.659904035595744,133.22540174527938,1.7686912638995167,0
55.32694897860783,69.8150115668831,405.5492805201925,4.260663598096931,0
73.16396890028258,85.86939590330476,2345.3832642885013,45.114664312405274,1
27.528406143282478,76.19421308425035,65.02694218963583,1.0059207108332586,0
49.554971659200724,29.731002344472643,101.09954472957223,1.2172817888599878,0
39.69529196469624,61.72930755065902,449.79426731484324,0.08815704467012353,0
65.34226875218263,54.71250909221189,159.03977287435146,2.766962201148819,0
67.07430700210705,22.26707039574078,356.5276476977772,2.245439785842885,0
19.141457000271068,35.02152377425133,433.14741334900145,3.307883702870292,0
65.41500078497745,62.997916202121885,392.97699746765505,4.838935959667246,0
70.81862951951697,96.54896724670488,862.4987152190473,4.0384061139244185,1
48.30604769331743,71.12290494828157,356.8248644147864,1.7119088300459417,0
59.14314854792663,68.13642182884867,58.17108452318547,2.533558819663991,0
82.24169045804585,41.58053367338407,285.81695144041413,4.182229481298064,0
42.77469142492156,63.62787181291565,236.1401396804292,4.54806898441456,0
80.81998668350754,25.44325296486985,257.1471431500248,4.045092711333488,0
18.93555039970361,56.27676281031329,58.309657201956185,2.4984530144306016,0
30.761073084347935,50.24420478490546,394.30017969793244,2.509490902013323,0
83.24207674921782,23.05123813002439,113.31294073733582,1.7404451612584153,0
33.9231722720321,67.64086701595777,272.0751638326775,3.2806440218360096,0
84.56045209158756,31.980184282438803,194.61648008339165,0.9097070087421683,0
52.870573711220786,71.26075896696292,444.39317367909575,1.6142997208472627,0
79.842376536915,65.33455041290026,1751.2180126523174,26.23831343896245,1
47.36467873398542,23.16258739120634,62.43432478516878,4.687335939068722,0
50.55953162391583,27.95444464906894,482.3850095531509,4.792770039747641,0
27.93850781619442,37.47178729979745,190.1325402701951,2.206555561942301,0
39.74070867409526,69.31035936517415,183.5600922733275,4.391678029437935,0
59.4515441654337,63.75441494585408,349.94230488396,2.4715712402502983,0
73.48392188008887,63.26327965387231,364.24099577325205,0.4834485816887152,0
49.8377146000774,31.94941385582402,237.1624398197222,2.8196222896048164,0
16.92703960835339,32.88467014450144,413.44682070865105,0.4705398436877972,0
10.908135642616559,51.6090299630248,227.78434642468667,4.510770943264558,0
70.53666530236619,21.863412562109335,444.6622720677367,4.861827423899891,0
39.77612809278938,74.82364964038756,173.2957702126655,0.2983582784124833,0
26.548829471631134,73.45972247865589,450.1784579334185,3.621813532816092,0
47.944874073966886,38.249315269127905,422.21758797674465,2.31622072741904,0
61.9008441959991,32.18423557520373,412.59372464435313,3.101150262673781,0
48.429461554907995,61.18199639472077,77.88876619528372,2.6425758557988024,0
17.994477273099303,76.9274298615151,332.2122773275029,0.8481204651578622,0
36.66197578310181,53.95331630610554,490.7392311549198,3.6350622734986198,0
17.458104456950885,68.04908599158502,418.653759578046,2.5591388033127727,0
67.62050603983886,49.515681442347756,437.5622233323793,0.607213078641875,0
21.4404282185696,26.009299850406016,426.7579997819567,1.3820527054683733,0
82.26244306656912,76.15965074010666,374.9700106924825,0.3150769534640524,0
51.576553938355055,24.95432948211663,236.33052159551738,3.221440782638894,0
60.41016605544089,31.04268632301281,153.10247626012955,1.2373386475066872,0
73.3267812054712,29.584967614036653,100.31016705527172,4.610601948988186,0
68.01048442649505,53.43510999910464,69.97786923619715,0.20386637170685729,0
61.9399323652831,42.16295885495511,74.54284730381781,2.806028265494347,0
56.18973911367284,65.53208806507698,370.8626910300935,3.196693817507029,0
68.16289725392495,53.23650403127825,405.220835057866,0.48005506056825686,0
48.060080032062714,79.19416944675959,143.93564707938316,4.938866660685612,0
51.00079486729838,21.825412379245137,81.19231761709258,3.9238660157119214,0
46.50017060685271,75.24625097816453,409.6696846819856,2.5762768205628843,0
54.52455934064038,62.398551304936035,78.90586162583939,3.1698670422022106,0
34.85102553272881,37.01043141625637,181.60045744882814,1.1608927509180256,0
22.127091495549013,43.48878382004094,414.01728824800614,2.1600229440457697,0
51.28987604471692,57.426331439051175,227.3767045625778,3.4057703616522312,0
77.50173425485083,77.31050962868795,431.86444566389514,3.137228049084711,0
52.16416082983938,59.431859698403734,255.30801982400098,3.1504692472770577,0
63.90547133901477,37.706531611057116,427.8332244060464,0.4964667314840182,0
48.66970214344377,76.47673573440788,332.318976995913,3.577254818245619,0
43.41562290564182,73.8379097449843,393.04344276228915,1.7723081014794329,0
14.800475995646568,43.097523358253426,106.02450422057652,0.06561062780816751,0
25.28248443457668,61.356759273550225,111.67685759146157,4.81132039017586,0
59.41929564326135,60.15609750505009,294.69310516339505,0.04833133345091167,0
64.1549548152839,68.30106159407767,106.93711132208406,0.028166391906912502,0
23.45235115091578,78.7840600864316,242.46180910229208,2.7355755416431777,0
11.510338671196736,76.77586958018492,106.89180221976262,0.05369490898991247,0
76.33590456975693,39.68883083090412,165.9054765422826,2.653186283328261,0
76.5743490469774,86.86683121326544,1098.278143976365,37.282739682950066,1
90.12983446084948,77.49211258151104,2248.7797487580856,17.44098411305412,1
34.49794370694332,52.30305121378599,261.69451144845857,2.947216103021245,0
14.815670280635057,70.17747878614759,453.1094858789787,0.10124689895046057,0
15.884228600669946,56.90418524088188,176.56700917121356,3.493634618519396,0
43.50448515269804,31.174696297986486,301.4677557132446,4.342878160187269,0
31.185905798277,31.88784450941462,481.92954203233336,0.8320971896580137,0
29.62792628019295,22.327967283733248,344.4378446903252,4.064738509723107,0
16.5899874358625,72.06338916830555,476.27794539039553,4.963935091317932,0
62.78928187257484,56.19332813947782,62.98606100125604,2.4843869584339777,0
17.80814364884304,79.73871060046096,320.0911461916613,0.9024150403406633,0
34.155937418738375,69.16974112316313,452.4363019933916,2.146053897708499,0
20.377869604041745,51.91929909624691,141.64188850547484,1.2760106200779897,0
53.386938117199755,20.003169615937807,486.3074233264512,2.8687212127229325,0
42.248891059079476,25.468240345382434,339.26157895229426,2.5367176616110814,0
82.37615270908539,40.00207028699377,302.2130669780758,3.337644091120848,0
58.81580267853956,65.84573519473275,157.5439644900544,2.629464842894999,0
94.1783466614246,74.75069331473583,813.8673025212476,48.64047791849363,1
60.68671938280552,53.93344899358322,165.70159835186524,3.9649111786241886,0
55.42284169925586,20.640207620369765,202.38786260891078,3.3566490869329515,0
58.21614325440307,66.22626816754021,322.48817370107247,1.5628736353892914,0
67.95785647488094,30.57166436985485,429.65076893874846,3.0902540416768614,0
43.77627893355946,29.97203220852473,316.10416540938877,0.6401238143053839,0
65.35252123197779,68.65611156035663,433.83025115318696,0.29772069001248125,0
29.94463379740891,69.68259714645514,114.43887674610895,0.23320725462905534,0
79.45446698636991,75.04093409040493,371.96788089847524,0.43821189414870065,0
61.494243511945506,51.109578496534425,480.453767852526,4.525669374220929,0
28.883672186902313,27.566919342524635,261.1863483620032,4.9080471366600715,0
64.6880115662086,74.05446381601945,428.40003952016826,1.087301718019475,0
82.95775364037767,60.53095174298794,1801.6591837343342,25.026145733426986,1
71.56089540849536,95.4773999542983,2905.1344183943093,49.415029956493576,1
63.58181230534316,29.83521572281669,390.05679967228394,2.877204632653327,0
53.16056334069092,49.89998169765423,335.20056779446276,1.5954766993649399,0
16.55848763499141,20.896998266254336,245.57106592309634,0.8023823815852094,0
35.6835984126035,26.976420817572837,188.77756638431572,2.1158641976337744,0
64.60873280021248,39.48793492282164,407.0051725374392,2.129085732558508,0
26.959399843725397,67.76411152381624,415.9041226796387,2.140878437310752,0
57.767673809105744,34.99410329821339,153.68988731645175,4.902244493181963,0
26.987183139845346,22.065878514398875,159.0884662492449,1.5257916526864483,0
59.76263268310419,46.07185779826972,125.23813454627077,3.818021795814976,0
41.422733033464326,31.282465555327146,233.89595699442626,1.643486936086318,0
10.911585601736226,61.23406060764098,307.44491763723124,0.27369817954968456,0
48.675957077237335,46.51122248546383,499.3751421668544,0.7282289801324887,0
64.9803472022256,73.77417494876798,183.11601323811186,3.3091464483905177,0
19.027268215748954,28.302713752515103,486.19855640824716,2.49263062073199,0
27.5819200008636,20.724196118037078,125.85611497645075,2.577599579571883,0
79.11662703912465,77.42680892414657,1193.9545884009606,31.644939746004223,1
15.709814461772513,26.13993077204379,123.00330699342362,2.3845271276613755,0
54.29783754959783,69.30808755525203,253.4459925939414,3.774634183188473,0
22.620894138078462,53.761325347443766,426.25076221745945,3.4233581370793087,0
48.41664406095059,43.90872572655286,496.398654056683,4.846179986335545,0
17.048645488065176,73.46840550761056,423.0184510368554,2.245698442296955,0
17.900911336099988,55.35989869686368,99.2436821761907,3.923379903644388,0
79.79464109829372,64.66653007025323,424.8756235688961,4.504184901411618,0
53.83366823180695,58.69136260578361,221.91567368507194,3.6337802869911795,0
43.11478760300328,79.0004461048536,195.62426124533184,3.0571711836973705,0
24.731441190401306,60.244832028306405,156.70922107249532,0.9446427772434723,0
23.755338239007536,32.70475172314517,56.3358484773008,4.2437623333442165,0
23.511898579946443,76.16878012592677,259.9854664775842,0.8643026249436347,0
63.92844288881841,74.46567461901071,117.27888778431327,2.7243664214286762,0
59.42840575991743,31.149923333920555,370.5120013298063,2.58424228153963,0
70.3817738871747,66.70231427272947,350.7167467436785,2.475462249965781,0
53.03993872578222,54.6845029510899,184.16433701666313,4.508220888851547,0
23.83571898502295,70.55327008791087,444.9912539867298,2.6700115287374966,0
71.94492314125122,59.071862725720784,133.85006435498332,3.3871734222315024,0
33.04123127659531,56.56671783963673,327.33130561450747,1.0943424616477344,0
83.27611647331881,73.01721689851306,2315.9588686615066,49.31764227686528,1
43.5559275117591,23.420143253116038,481.7478180835242,0.130289429927965,0
58.856529126389816,21.17908896481087,189.96876727564276,2.946691889752739,0
19.015679152795634,48.94958363165978,225.1053543267636,3.9495585011140255,0
49.89038248787624,24.56599933884646,417.3789768627068,2.2814794156389944,0
72.64768716919285,79.07926865545038,106.52571658413594,0.794825470113153,0
34.6616963386457,76.18115346949912,172.94157772260462,0.9639521790955291,0
15.512256049750949,44.81993141499242,126.40668779792631,1.5466338710840595,0
62.69753298141372,43.174183717945375,213.46078035297975,2.7566877134953804,0
63.80987429589341,29.713736603141506,294.08455790523885,2.4118070823236977,0
70.88273410676032,74.24681962877031,289.9402989660681,3.6115808864697696,0
14.279104086344073,40.73721013404737,472.36498617978344,3.517425552482833,0
25.92543330087071,58.119400802499264,199.69546991940115,2.342734748957361,0
35.945124441022216,36.41998309528746,475.83900464377433,1.7998675908833472,0
36.696833010298036,45.66940739829499,354.1059336325933,1.8054528949764637,0
58.634841767517784,69.12427942727912,229.38303273983377,2.463321129152644,0
40.144818520693164,49.4187493645897,471.7152350668049,4.983632005288666,0
81.35723577713742,21.463459586605804,254.70797129707873,1.211989381259445,0
65.3948093599248,72.25805599175256,194.56482803626062,2.5722321406765487,0
29.820719736897946,28.319151746798223,283.24180184113504,4.671872701912506,0
53.68169936554349,50.69153844856958,397.2506478398356,2.866883940007792,0
81.00430284266406,97.69949318178195,1980.6200611239321,5.768127295102612,1
57.33539694979471,55.868480804090844,167.78879106666065,4.463280976677402,0
27.793681562260005,56.4926826059868,402.82780092281547,2.697132572881182,0
20.54147256837706,46.8013233046799,446.04800024288215,1.7454849324704103,0
73.34994318176683,76.6014379225929,105.2940109523687,2.3848394554797228,0
73.37493873441656,82.69836195439461,2579.0125828320342,10.49605979006687,1
69.87213842250813,29.971099976584952,330.6840104747935,2.0354248640769246,0
53.64785514357991,32.9277744365438,173.5865959176423,3.596439000761401,0
10.431899537359119,20.602818863289897,309.54238134616594,2.1588376909927898,0
47.161848715464885,20.84087105156342,146.22750027286895,1.656965438482581,0
12.032199437761262,46.88512923698459,95.10434517932873,0.36658226060382715,0
59.98914825197762,50.30984109759889,258.2737957394635,1.899525943091131,0
48.721247439825554,63.52337609970996,85.92397995329304,4.980753952650683,0
76.36413382720032,50.26526238291278,99.50955934616448,1.9278144005516,0
40.77976202422461,77.47826398894725,56.291770837114136,4.555425657870243,0
67.0170894917265,30.12496630389377,299.75833589238096,0.3905215201045642,0
70.17970229152243,26.343473625868093,135.83671866761125,4.555847922575106,0
15.171851226731588,74.69461323578315,188.2963314444873,3.3059544986596903,0
15.087779432887892,37.83284683070576,350.2601728849578,4.5476928495669435,0
44.700983925220484,73.45843308144222,124.43040702561156,2.018368288120139,0
50.20722747580903,23.069930386728554,61.85629948726292,3.442046682278538,0
77.63305214096715,24.470627709118403,181.18123625495903,4.143249549813003,0
37.035587885616536,45.53335266180305,94.84751872906189,0.010403195881428795,0
83.36655013949188,22.67420244275785,230.06729925763034,2.153709874406476,0
16.94691122885254,68.97367111176801,142.16956118413452,0.38222004475141236,0
11.685198124008805,63.05368295891215,146.63914962128723,4.3966082963253,0
82.18354712065835,54.53991517984518,64.33554313771704,3.5533362297141755,0
71.47186521607337,47.623170540502436,213.23149158761763,4.651657165982275,0
36.04577792728807,56.24029986437001,417.5872162434601,0.4943557752682548,0
48.52808914114786,64.16104210192016,455.99912894316833,2.174679501817045,0
28.115263127626132,41.57258867120021,235.33855942390326,3.6696336181624325,0
82.82051872034639,53.31579935647641,399.1882589374497,1.9076942123677325,0
81.75403254170124,52.944993354123376,292.2527706575073,2.6933497984271653,0
42.76380269613847,29.442295000994626,398.62473017420376,4.449823037504545,0
43.92387133887251,36.65136829414355,475.1759538593318,0.9685797113978017,0
86.08074882931152,94.61192228158609,2402.099741761154,16.717042398079716,1
17.08141732453607,77.69842953891825,291.81098715209475,3.4136058886765146,0
70.49208608960873,29.432233013417253,73.5569450643211,4.872662768311873,0
25.070026649429238,68.46988710959734,392.2511519839653,2.458969900313284,0
36.49385563765481,33.16336335177478,218.0588975567249,4.140542546341537,0
93.4871243075368,72.09000043725025,668.1552467990452,39.03102081407779,1
77.81824685556738,53.259355885019325,137.8701208359743,4.4058504423708715,0
64.81527593321204,39.121835437123835,480.42415614969434,1.330438679344748,0
21.04566726640682,21.350259645721188,437.61322353045506,4.512267696027603,0
58.18144586547367,44.33871556683425,82.55682945386849,3.825951014905149,0
74.37562575993407,44.39819161309823,311.60264761953437,2.3405102222480267,0
79.14056762673376,59.49844637036371,264.70839532805746,3.719310724429992,0
75.88866709760109,58.85118773420979,499.3521118182809,1.4248413878865578,0
36.89338461436549,20.818390750152865,282.4940701675593,4.211410493741079,0
61.591429172561,67.28210897450133,90.79793982920225,1.561159198103676,0
78.13379210002212,74.57386564281808,88.269629587732,2.182436746538535,0
48.16679166932919,63.732230569315746,147.16652042253088,2.8695570301669893,0
54.509603702854285,66.59641038778344,367.1708744258223,1.524977591513429,0
88.68456768574592,97.85421298178699,387.21516487144083,11.04275383308663,1
56.755446861958006,74.82887135749665,495.5494026807127,3.090453115824952,0
16.351625640648013,38.110079653573706,158.69426572219004,3.090187402808872,0
26.466544242235145,62.16429795737521,156.61753768003203,1.4984891569000225,0
39.86265201932075,63.91236423719005,107.85976735859532,2.873210353109195,0
53.840733494459364,31.96284914063762,241.40987344790767,4.766381953893649,0
81.36180326325903,72.04127834692147,366.5034295335196,2.336793423094595,0
85.77243742285782,72.15879801443306,2840.792620231771,16.712022907334877,1
70.63043041702682,44.64202403519259,111.59614386132245,2.676987637127384,0
29.899460316660022,41.810867442156,177.18152267817192,3.2221524675730926,0
51.11089020460165,39.458819832534836,180.68491496401091,2.9853101047144373,0
41.39554561887475,72.91128804924097,300.2519936692459,1.868667584157337,0
68.4688355175065,31.89178318530009,379.10529283337223,2.3596896427822935,0
19.388934415191283,21.084865532341126,455.7837542182889,1.1795043334914417,0
90.87485546086455,79.4453232634836,1410.122922479328,7.490363338373595,1
76.00647991253506,69.8014397764263,2051.320896673379,48.58774624740777,1
83.19053161825403,20.085700584750604,229.68466521160363,3.409525832303858,0
45.76326012383628,34.352665282053124,493.8601079775835,2.7055145822707556,0
28.74677097982159,79.74814206679511,134.2152641580018,1.0424310337139475,0
12.60027000448625,74.33492825438793,73.83780772074537,2.677683388985974,0
47.96995446214021,25.673380686463293,320.6619953965433,3.7305742860161817,0
72.69850903841544,50.537542425322854,369.17240525141585,0.8564131814607567,0
60.97354620198024,52.646517436368114,173.22913359466662,0.3819665839765285,0
55.59288195950835,71.27092615464497,202.80791354367634,1.0744821678711591,0
76.91032466896344,69.78924097220056,722.6868223052104,20.17001946874764,1
71.15960713411256,25.1241818097633,186.6744291160349,0.14002659736229217,0
31.488966169534223,45.46956996059211,151.6940445476716,3.4058854803526377,0
47.508456405747026,32.968148738655245,201.23527448400714,0.49257536734266916,0
80.72046074993777,78.40173908994957,1989.3176734496483,25.419287938813266,1
10.851523357556431,42.000732782178886,163.30480400609798,4.332075647624121,0
33.7571257800645,24.019465663750857,431.4041583253226,3.765288049574547,0
58.26832713973937,76.00478762140729,400.8238891441093,2.511472043468918,0
36.70725444233847,31.04607940165742,261.72728554654725,1.5054359023260684,0
75.30650877529443,76.04197946783836,145.566794886124,3.647219941632749,0
55.04882999112669,72.50052198463821,225.83765646909194,2.043379893960986,0
21.262675061278124,69.55329358560888,418.1954006167084,2.918061080705248,0
34.81735186394869,70.24835117712647,345.108325954874,1.9186108735972724,0
70.02673808667711,52.2115487901571,125.19503949453525,4.993239424671104,0
84.33764696027325,62.557767628446086,252.67553438266896,3.2274526958317646,0
61.08383904737371,73.29633179069036,277.8672530953154,1.9132057753278575,0
54.78664794927264,47.75715631602377,226.73758259241947,1.9209457602699005,0
58.65603354212636,53.294590029524535,75.21310996201115,2.76581639835695,0
15.378391663573826,61.43691874319818,287.6262898514561,3.766887726231842,0
60.08535124198049,40.31324164622308,262.8925421447186,3.853863441053036,0
36.16154004771095,76.74041222304828,268.89162576173226,2.0582539840081573,0
14.092405621202422,32.67577501629179,482.71053696751216,4.855145656225498,0
36.341454051158564,44.55497442712384,347.4621762054652,3.5700135426175574,0
13.021413908349885,42.19331753888749,71.97873049433477,4.928330115122535,0
21.586915300369434,46.948892163932754,325.7846482835137,2.451007292781334,0
28.142037119412922,38.136602029786914,268.36396456695206,2.9818991635118284,0
37.76741392634325,22.634276817838234,172.28233241801675,3.50152796157238,0
21.358414145151798,68.08500865451762,52.01676199648797,2.902835117953938,0
21.281266832764615,58.634477424065885,367.671477970229,3.0456031110664843,0
56.96757410657979,44.282352459750214,260.86091196881256,1.956141106417415,0
48.04261065162943,47.9166518765554,167.05219235692962,1.2889883108206295,0
32.35391564795823,47.00145437166815,231.81347764780696,1.3936350336356207,0
31.051241163698073,24.679631984564544,234.6519174510969,4.048920133691569,0
38.1687214479958,30.749835097409054,466.48819474110275,4.601501352863741,0
15.534742355154915,39.762756158124546,182.5920063781252,3.679736008616112,0
99.92033647850495,64.50694906246011,1894.1806581030703,24.09977793537503,1
40.70590538627637,43.64501891060191,189.88076998282696,2.6320680519743913,0
84.78433751182834,23.073457784258796,222.69826866003072,1.6905546036806607,0
47.68204653747823,55.10729965562748,268.5237430985811,0.025335572486311353,0
49.931551170641285,50.25580764758189,144.80617879740328,1.4574033628954925,0
38.95769783505807,79.41711023509647,221.1085248860256,0.053037116851596955,0
99.39004391267197,96.1301412647642,1004.1367409160282,40.92014913615938,1
18.091857024497834,22.395351953825074,125.66348865263619,0.1334657929342714,0
54.559803651410135,70.05948774496392,290.38545131387866,0.03244760693498605,0
16.856649386285362,24.552298473442853,96.54582499194302,4.996497379817492,0
65.38369069384949,69.43378289747986,146.96689225350858,2.8371962563223647,0
42.082985030189676,22.10955501627165,288.99924014487,0.880335180188288,0
59.873867760699646,56.30427520626462,245.2029809933177,0.986029486155004,0
58.152373461571585,38.26942546124182,284.5704892208296,3.1844948608274013,0
24.898343267305435,76.00479922697329,492.10131067118357,1.0715413108091583,0
72.26648984252438,49.542022922074935,425.5043967012633,4.272114801638091,0
36.67545373487118,73.85193959132505,124.64506609814097,1.8074421498262383,0
16.86865549949756,61.066121664158445,211.7502617820076,0.037957080869570614,0
41.96359766769797,49.79092533383629,113.6969829445205,4.838771616865608,0
20.867115406841734,74.52958986301174,176.09738314575696,4.771893001104465,0
74.38095638822588,25.546971022223996,277.39941500114617,1.825253270527654,0
71.0787940501811,30.475039080581617,238.95839646431043,3.1017143065860795,0
40.987938790578966,45.07995301522109,409.43711702840034,1.1775722577833143,0
30.312418844655568,73.63601064019943,189.26671063769012,0.33836768328991684,0
54.27607678440797,31.570376536534738,411.4058747805674,0.45685720280707387,0
38.302238259748805,73.40113406892588,237.9812875302032,2.55443004112332,0
14.03728936813443,61.27777040712254,245.1771781907073,3.481806334582363,0
11.434672482796525,73.86774838352156,453.74185891930614,4.263112187380584,0
68.87624078777927,72.20149553120993,99.65977545104397,4.472790014386915,0
79.59331867146699,85.43222528012153,494.2195089996877,20.496156169053354,1
80.94781673841995,42.681863733991705,276.8337260780398,4.979533201931711,0
39.64444865733684,75.02591031030767,402.09873584008704,0.11531693498613493,0
43.882575905292185,45.21497610845252,389.4691799862093,1.4941011740570875,0
80.27183672732971,45.078110480833224,323.90938754726034,2.557214169588115,0
47.4166115088517,31.69656613820959,392.6073452913016,3.174975351104618,0
96.96018266690913,79.94299276060069,2906.1146806653646,5.991614405727489,1
45.00198406633063,59.01781844441046,270.7067863208696,3.5278159518041856,0
37.01754391003209,39.23217000838973,86.76678182100295,2.116197207450932,0
13.065146219985914,62.91933863174814,263.26389241003636,1.0076350145912123,0
78.81143823489927,34.83236442433261,345.49563048028034,0.5888199613830924,0
32.89830075225485,34.017485818914,175.0649048462116,4.8764976932494,0
61.526444987743204,46.42607423936276,461.59929834068726,2.778173786024849,0
63.04591839292504,23.626192696433844,123.28095887559263,4.344997039759014,0
72.21720367622873,38.3266535929089,111.6964346334479,3.0054853068625462,0
15.202097565637409,30.227750694898525,322.84262631853943,2.008225886060209,0
33.468966102161694,50.062842667665095,395.7847444013154,4.462557438892647,0
28.500914839121727,41.49314247458437,184.044349185257,2.8009627711711667,0
12.25195039970446,78.33378255298146,75.19112818775886,2.0273573644348937,0
56.54953598684381,42.40667546872613,183.17163545219356,2.323618781250187,0
31.072239219417273,59.739074812374945,471.7006222646624,0.3863586313358852,0
40.339553918040224,57.06361544370766,293.0295718778773,4.446450110359778,0
46.28519048954854,68.91081391819336,285.832600928017,0.37339716408354817,0
71.20386367234768,71.0023526380403,2455.4454611610367,44.680063685991875,1
75.02736220918364,20.441469777524873,226.74241351612363,0.400206620457203,0
16.628871023838904,54.53006110814354,335.50391289002135,3.3118581219812446,0
78.11713665252422,76.45794727056763,435.36834419666104,3.8404495260957012,0
89.19689308249755,66.59380029971383,1936.9183715374036,49.8380430842664,1
88.03388229790806,92.6748080415944,2154.595220199476,49.246757234571575,1
25.385473036150536,44.40642491432031,176.26559718846602,1.1531732283070668,0
78.22201145774443,74.86042655998901,400.34886148334397,2.9727628118047402,0
39.593205669823476,59.29442738887154,134.6785907238131,3.042455432818084,0
61.8434997839492,48.54224469134337,278.45772108578797,1.3061710050914221,0
29.481533782024467,37.08048433078782,433.07699549743893,2.2068378015989483,0
59.47677046978558,68.64324037671048,378.35906260743735,4.575278648880772,0
63.49051624619633,72.97018944068475,312.29121253641927,3.5619715097649403,0
18.23021490081276,79.95243793660646,459.3732403584992,2.5963170724392217,0
30.396591954864903,34.67697644313596,62.96061675620008,1.2015287475796954,0
92.54814604969428,81.34938202304919,442.49137301806087,21.427198493461507,1
60.176675299683126,27.184807310031914,279.4433253378813,0.42266307646786183,0
52.29396750667178,76.59790383473916,423.250987892749,2.5035279524694265,0
31.986079769575994,74.89052899109927,79.77592477633138,3.4013281436428726,0
84.07371728020433,55.77551451396212,129.79006408519018,2.812244706357094,0
50.56787528785606,21.465612976437992,116.72714205316217,0.10330925796715795,0
74.01782479496964,66.83712551007095,1529.7964654601328,27.490745716888775,1
47.41717484019564,35.20962519543142,406.5128150738082,2.357973361383969,0
83.2962867382697,41.23434003270902,166.59419242195008,4.4498006080765915,0
24.707328455379468,70.54784641013451,55.14470450249182,2.7355565986914048,0
53.59286660669592,44.32830057982511,265.05079742558735,3.5376924480733685,0
34.3506945167545,74.34540743818687,335.3227287380237,1.0772663847782167,0
49.41027305169199,48.07095099752257,217.05244149084376,0.16367170302109324,0
66.428089707826,39.24401493869428,301.6858424345721,1.7784369494718715,0
53.264303584952515,49.74916835891234,369.1057283668531,0.720800301941848,0
14.180564019058131,25.05623355084593,260.5516376594112,0.07608264845488599,0
22.875946438622762,43.363386780012405,244.88609162095904,2.031637365233627,0
60.11595989162622,27.838062893441585,296.1626658910015,2.1633005384535844,0
79.66446623841742,62.12985971889875,486.0057727013171,1.111930880984442,0
63.12722325362761,54.78628650574878,60.035767204389614,4.879159448913536,0
51.29953444274232,72.22402778635022,392.3607522902458,1.697850364026262,0
52.71548346753278,45.733245881012635,406.20825901851254,1.9606407348463617,0
64.39432453113524,54.15381272548688,318.933046938002,4.795042218043631,0
47.664625774843195,39.20096678524351,472.02224314657246,0.7490814302305165,0
43.81295285530991,57.78101571555217,399.3761158937267,4.429413687858722,0
11.36663692386623,40.81753702265515,457.0132672765794,3.1220024373608153,0
92.36841715528732,81.11182551152234,1052.5657170055251,22.947700480879156,1
58.747294808332384,39.96376859062275,423.58233497796226,3.2528739555467308,0
63.41027844104538,28.087147095046284,234.27332525549832,0.5512224334028326,0
73.52266406552954,56.40135939187315,140.65091674060722,0.863773230059835,0
30.55414155154045,44.66763669556275,330.0419104044189,2.180246103109455,0
79.64307235921052,68.71105297663537,1765.5894182498953,23.77237169963497,1
77.27464670233083,66.43616772942033,433.81596118030234,1.7930552614058537,0
56.00585419080308,65.57120892301664,457.21828264181687,2.8599134267200634,0
47.91315702923979,44.79166872816786,147.39938753525217,2.451014271028141,0
39.486034712051136,66.63115456637658,396.2206159084277,2.285126402404697,0
65.34458267491001,72.19435603341925,458.2803026536574,1.774007096406867,0
42.98053648809314,58.1094193318361,87.4479662330317,3.36255684648703,0
56.02030856780938,79.35300100523517,147.97806541116108,4.967417608531247,0
25.151175130186747,75.09710212279747,375.2429147778635,3.153435941561582,0
23.58874592875621,33.64530372341176,452.4026192331111,4.609172549835535,0
76.814165123736,53.07904343976885,155.33429179285184,2.4314278617567324,0
16.264368601001408,35.130918909156165,84.86928056108728,1.9479762421931408,0
95.01091650982079,94.91910017125082,2430.089217518079,5.271610570082581,1
65.79597194295077,30.48687709249603,152.09173234917236,0.32000041376193444,0
52.433616613074726,55.12915629890214,130.70901166904832,0.5422180887563094,0
39.91170856726754,68.45755217377851,428.2411459771372,1.8450734967297273,0
19.953681553229526,43.3660808046604,193.07269836807026,0.9789190343020243,0
23.098538942224714,62.96987229065667,186.56541410621855,1.7093268596834705,0
77.34734851358414,43.40396394485769,175.47691260992377,0.4758195004010751,0
96.11993432856268,74.31803448803987,433.05262507854206,6.825426726844038,1
91.20702705027162,80.88251098624994,2112.315810213009,31.36120334925405,1
48.855812353025854,40.75697107179218,319.1872453330521,2.858548259792324,0
32.48503956739269,77.24789849426435,100.71403719724634,1.7565777262658777,0
42.06557637689122,35.74450258935812,374.36734241371204,2.795306438826258,0
57.20489786014469,68.69762086669121,163.18086785438038,3.0301672626018923,0
24.67844800747368,47.05421918558889,262.2437605977749,2.3213345121305666,0
67.18352190061513,65.76794317254831,126.3710373777098,3.342565907339109,0
59.27163672003547,54.78422689638632,52.090017388244945,1.585412086964753,0
14.170414126034547,23.235954970452273,344.2120967229488,4.9751561250301775,0
57.70720348071566,39.759276648950255,345.2673715264244,3.90521560538484,0
33.34131212975451,44.2711714674941,170.9586932751399,3.817089071103359,0
22.051102994466675,70.0674951713658,160.38054213963932,0.1609821104366843,0
18.25389433957576,49.13805790480042,373.3390931550107,3.0476015565496213,0
13.691568590557122,52.04166382308306,422.45201100613735,0.9287952810310507,0
71.60366541949595,72.3083545761374,457.89401176296076,43.76234263678826,1
54.33477274438874,58.83333700387133,295.93116891554155,2.455765871552252,0
81.31964458769113,47.8813681067099,117.33652467901702,1.7070612631372417,0
12.94841048808242,24.61815098048104,291.4496019548597,2.8178917138827444,0
20.71314736107489,71.5912694201073,169.58586928399762,0.4944541999115848,0
33.46805456602362,63.96340492479839,131.47830460218398,4.344167363508038,0
40.58110787520492,72.57754091143624,122.5236595532725,2.8183402254664935,0
31.961652752572355,44.3000659152529,68.9676876333204,2.749987427436789,0
23.633415041302143,28.03849200498687,189.16524971297846,1.734036996589519,0
12.950765550138224,43.13315008950016,466.49494663800056,4.835079943994865,0
71.29166501509118,60.59703401315039,432.10951159482977,2.1184508933024855,0
16.40122510589829,32.69040495690608,314.33682370670005,3.609619849644667,0
51.21471519212627,37.68208219313168,90.44522604528711,0.39898523279728704,0
53.284193952874055,69.24415044894381,252.37728874570186,4.951988980459824,0
11.21502980046004,77.03563795586746,431.2442694080248,4.9752587663750285,0
39.15079672671115,75.97206140759798,166.17117544631526,0.08431435041052204,0
72.33681296785471,84.19182051169182,2198.177264652454,6.871918845000081,1
73.91979057933861,52.632675269667054,145.45642942487297,3.80605757582737,0
84.61144704744633,54.885493692145225,211.65401327977534,1.3880974980969418,0
28.09010931996561,25.18745042720914,147.02407838698568,2.3667708966640055,0
28.11223639426509,50.583390296213906,132.8585103865332,1.729450377910116,0
17.90449135808539,61.1323172337574,134.8695190722164,2.845365977950369,0
83.10948716100873,34.58747182536012,124.1016181282873,3.2343011200861085,0
60.929995337172805,50.28525941393251,289.99707923882136,0.34646324733321077,0
80.57442419308278,35.21006096634639,499.2210392918309,2.6831045142747927,0
36.311433200126174,25.032424313120725,128.98015360947326,4.769529997136427,0
81.19548296842127,50.73019735603323,313.29495434524375,2.0044665913331325,0
83.18890595969009,52.13254838586789,375.8922107637665,0.38044685674788137,0
50.81904745852733,42.41633957204355,235.3818559531095,2.523123414658488,0
58.355893643261396,52.57048246004448,234.90495724631293,4.627257961392665,0
72.86728158113505,66.10526426703453,109.95203659295899,3.5019256657164672,0
57.52836998241468,36.11342843723847,260.22836000860093,3.1318277098812892,0
80.21591846827674,46.559290895625985,138.95192159342105,3.1550709675226556,0
77.6802457083006,78.56083553592765,494.4180985309764,3.1935529088143726,0
36.424529068940444,37.64238260239995,153.6686700647108,3.87338384186727,0
38.095946096985344,46.99662045613158,284.4461248922107,1.1384331296479921,0
23.981485364048094,60.01432320105262,323.73906264660184,2.0715020591549704,0
72.91403964280516,33.15771695028984,298.86702979532055,0.6244165662032308,0
17.834088857511354,48.30537856345246,150.1384021244986,3.2541917941845333,0
80.8574297411821,26.258785241112932,242.52825678217383,4.511539867210494,0
77.75574215634863,87.92239726143649,349.17788351634044,24.366017026871845,1
22.167505433685953,36.96004163246954,326.0256926286222,3.850797615430763,0
60.53171723380673,35.078461228529406,199.60147321143722,3.028859183111869,0
72.1416698429561,51.20961338146374,479.7085590207515,0.8213828295112868,0
53.29592719248484,24.354487882682648,345.01727806017766,2.3996284450219703,0
72.05508889306392,89.74556220570807,2259.8347192314764,22.46947982148716,1
27.810891756419313,76.83023701060364,123.81797618438586,1.741940300510287,0
73.0653684569442,23.284698935575708,355.1271695544538,1.5720501318689766,0
30.36190019070335,45.77616460691281,405.37040414474706,1.7898391277983277,0
78.6134425801075,73.1957264901439,308.72907195333863,4.507928131049314,0
77.93035353180089,74.28757920363795,1781.5534185424988,49.24462547997604,1
36.50141710195396,40.026595824187865,124.94551486721059,4.048768587178319,0
69.19696362397642,41.88908577847141,481.50707218034233,4.56961099533152,0
48.927421009716156,60.687350092198784,326.7830030083298,3.0029835178972504,0
61.323568669400856,44.43042431593251,63.0674521968985,1.3575828886653567,0
51.00327095074597,40.06655162708624,390.71776113834767,1.775473831815949,0
21.369630610007455,49.43681455389195,218.76831420809452,0.7420506169131857,0
43.39789412519991,64.47852250104573,384.9366728018147,0.7733765156395633,0
89.2617144021222,92.95938410977527,1577.5456302319933,16.37653895587097,1
57.429719234913144,63.25359314312586,245.02138165172337,3.8894623791657708,0
42.70948968514875,25.0527806706259,84.52731736769266,2.04096540908709,0
91.89994932969911,76.88493772662069,2385.7553073487074,17.695139537257788,1
35.26718438283301,31.60035401672313,191.18086648009427,1.172654359926371,0
49.74554401976747,26.475473297899633,229.47647667789008,1.9334574731939402,0
52.80837285016839,57.700827052966666,304.16824128208873,1.8818531364913382,0
80.70488306013442,45.13597867903676,478.7617317121279,1.4066929302281839,0
54.426274644502165,60.41658991980171,315.4008203501353,4.217412464071429,0
66.71903435668257,61.918135365917365,433.0799776838817,2.68537107951663,0
61.24715324548789,35.513435818414756,399.48803346768034,4.682232114058786,0
22.601065580864756,20.35188367322968,249.64054097156543,0.9138695133174818,0
75.09387208900166,55.44827201107495,263.8818394544787,2.9848014342276397,0
49.012741923306336,73.68571922074969,241.59272671863732,0.7941884769100782,0
10.907733758208057,76.43223806617686,482.6440905725017,3.136685552126599,0
54.86689705478041,46.806329530376416,72.181399560712,3.2182068643936312,0
31.44300919293701,33.60551704403096,179.57198667713678,4.4852873418614605,0
44.205248816277695,75.809912171753,381.23696495168844,0.49968453284309766,0
57.41982159396478,57.801120837129645,263.8609369642402,4.45934102190663,0
82.10624647315372,24.125057125320637,394.26943548672034,2.6862613600166934,0
10.32724522377318,39.53486795114068,78.88796869901645,2.309322295000848,0
13.14634175737272,31.834559970021008,202.87154472623794,2.936773155689947,0
47.35974576610318,74.64769583059693,120.42855458620542,1.7894904277282397,0
74.9576159033376,28.717160584747198,61.692032176601145,3.540979689862682,0
40.27007517711934,62.30379705232275,427.83102313770235,0.3055147824330179,0
64.7204633753548,66.12482788175078,372.2782446303938,4.037493658283304,0
48.58459958049206,74.53885351489185,98.25611079628558,3.211634459753992,0
80.85490167185577,34.60802264400561,373.2986636309936,3.783899034892687,0
18.991832010453408,21.176631948455217,56.146026391735994,0.08801261850672482,0
79.65052140001103,63.635247360219914,355.4107816237913,14.274080774694422,1
23.451700771693073,79.73625210821035,346.00028325718034,1.86999683512798,0
30.80358872358495,54.0961169761261,155.96213765489472,2.76354785083349,0
45.05511334374023,47.46587676224805,226.41329066161606,4.18469679145525,0
44.56737536549364,35.75301380120001,198.59685132201236,0.016811891614683105,0
43.63341414837398,43.177262308732715,421.55215069076513,3.7647429983155534,0
97.65687407729928,71.26795144081802,1317.1040465229912,34.23899243633764,1
34.91432748367035,29.029729884355135,346.96593286657696,1.7711033901713797,0
24.390049353905717,52.008812524686974,223.26855702818526,2.014998795268011,0
80.43013595877187,51.02725328679983,193.2244457537662,1.6141888886565492,0
48.28243667531741,26.771488682765735,282.35291847724693,2.726055394087001,0
15.553348880056777,34.19658696245044,248.96935120396225,1.712499965040687,0
51.97302484811634,46.56162211804615,486.28693549580305,0.3843355169087742,0
82.49911142827521,71.86197598735839,404.29662685582787,1.304155400125044,0
23.92998040038892,43.311868880362525,148.9660466177184,4.032726123121025,0
69.68445020770758,40.58160275540146,243.68985863958508,4.818838249711544,0
58.586308449289625,62.32979911607743,95.48442156728419,3.655178791641554,0
37.57868522945751,41.28783737938332,167.17881143528223,4.795967432292608,0
71.33756621312662,55.549608750584305,321.53791031252746,1.862118480875035,0
53.341833452056626,55.445223281183885,442.0266493824376,1.9396753783943466,0
38.2963122328467,22.940278698276412,169.49488316145863,3.7625933028518106,0
26.403670974844548,29.379886303570316,433.7284843753464,3.238778806430021,0
43.45043297184668,28.962898173585927,303.83821475988134,4.524884408908407,0
74.98173876547752,71.56607497001306,217.5648342028712,2.8236430019949736,0
66.6350213083897,70.79206958740431,87.84954468935857,4.985747198790834,0
71.50506265417371,39.764999442466575,103.59502592421002,0.6477686888024781,0
73.83525036376426,61.829975257421026,68.219520947737,0.9834321706343069,0
24.596688386557382,20.229817430019356,339.9782730268396,2.727371163690988,0
66.86788567780684,24.916306342288767,289.5487711641962,3.9933905295381598,0
84.08391401611655,60.149249332091046,337.79922186979,1.871685314800981,0
51.4530306788909,36.44070682313285,83.72480571432357,0.0916308427259932,0
81.35525066549927,40.04627912519379,131.13055877703826,0.7989278105678521,0
26.95217483619998,20.501282250328316,317.51323471067855,2.295649538877182,0
37.93816986650994,71.94363422640762,476.2521623060199,0.05102093642622596,0
54.72024088615398,41.36403794714869,51.1045638997299,1.0509255181077188,0
62.160040501739665,43.01654242130951,230.40622516060674,2.5518770331443106,0
78.30776212329364,67.67977354387334,154.6675866337327,4.162522000161772,0
33.23408944068244,47.31972498851613,440.4284897851096,3.628459244573729,0
72.7839720872989,27.820443414144314,441.39166230545976,1.1016051435621415,0
33.72026122969801,34.71675829846204,459.2121470262356,3.5758597630479034,0
19.861683992348624,79.36097084252235,146.99447829704542,3.626552877703502,0
80.93122766694476,49.015582886259736,289.50568145451405,1.2214514726858228,0
42.58024892549573,56.262843144968485,335.7281820924418,3.113805961700943,0
70.10843321672152,52.02352482028667,253.91134916532482,3.4186743891071334,0
76.34401661722103,26.06169478947551,145.81277852193756,3.7867089033627566,0
84.48130138717426,84.44534157957345,2267.949791362341,46.10142482589784,1
70.4650959844796,53.034238072481855,110.53647153013304,4.999624134165883,0
55.750556280961426,44.8908110180957,438.0711730359233,4.692332313088816,0
50.998616514084134,75.94663870264105,181.77603010711718,0.4896918269142797,0
35.29049316743141,44.770363865534385,145.16164402238593,4.155267204486691,0
56.46909661733722,59.68797231941911,218.85850962361167,3.0297508650385554,0
94.21398486135021,77.94047178614761,882.2905315070176,34.801513311896095,1
79.70642074889952,77.58456146713905,1791.5082605436235,3.5282321852727154,1
28.912965812164746,46.59520648849773,69.05738636438643,3.8164677627947374,0
73.22414211906043,79.34535756684431,2162.599397615014,40.59382441284158,1
30.446800055015032,20.54589087684656,106.74621319433419,0.8047774372836458,0
38.882329645144395,78.00236840110763,163.8103125003292,2.58507361943358,0
66.12668902493049,23.51219600480301,428.1513071994874,3.607347689357436,0
52.88292640362417,53.14028080733017,318.11338957548634,3.911915466117751,0
71.7842788165971,24.08061391714523,140.43831475605782,2.5207424486415815,0
73.83630515694864,56.297000788862256,323.07414301117996,0.9879869242053974,0
29.517744848892203,68.15364488909768,245.4065134751281,4.623697825997318,0
75.93387306716235,35.49360879559898,328.1168861046307,4.953625276238026,0
23.229023987966748,45.924037103997065,164.94272647074072,0.6383331749115267,0
11.800378363366665,35.86425787577872,329.39338440056054,4.520539527288179,0
29.234729576257447,28.17503390551867,218.68352275856205,0.801795528019501,0
47.7349354413655,44.444316296680924,279.10116161999565,3.112892451106494,0
22.54909780007953,27.313352724821538,372.9750146345711,3.9347984148209845,0
74.3632789867873,27.57700835507414,433.50643623915994,3.6049921002245195,0
75.78681231044132,97.85541368886382,2022.2566492983863,39.29902558856637,1
57.50528173828176,37.112348160824844,92.40937988203653,1.0834212199450133,0
13.899201398328062,50.83255008669401,357.25077508735865,1.5286873700731185,0
82.04702316348998,40.5160696144836,66.31470294868731,0.5592997317316123,0
12.618366449216786,49.878578155243595,359.49786599546667,2.641994917007433,0
32.74563606756966,69.65487304884212,272.0499256772324,3.1031847606037974,0
57.889446074806415,57.692395825582636,240.6136220955855,4.726790672282663,0
24.683348926265957,50.508742118481564,383.0161752428797,4.362832591789817,0
22.001870234739553,31.774056901271337,490.0531945037569,4.609393966846746,0
39.83992772630704,44.765499216643605,158.75205168767047,1.3032939922372715,0
30.566140176150252,79.15605011749507,474.2474004973745,4.515065195840462,0
83.18326843886463,75.79179082138342,2957.2769358161813,26.1810976489929,1
23.432120449613617,26.923991496849695,409.1768611780304,3.5049100301091345,0
73.72355430080586,28.73092896724155,198.7848296867939,1.4217195490989665,0
98.40301856490667,80.7726770171225,2563.7998426649788,5.763813092750324,1
32.3704340675592,69.1920888516203,99.60480892455472,4.616196918640939,0
36.91228630926268,60.62745580895383,213.89100019228223,2.531258672486634,0
56.81116808868505,62.625308900744706,141.10798263747412,3.9484971515775733,0
77.25913074295089,41.60359411584356,436.8779525760046,0.5714734057119175,0
29.248540538957183,35.465312937686576,297.721611259663,2.3312837055868667,0
59.78533957163538,23.585736450703067,427.8050179139399,4.396632495079118,0
35.27523823234647,79.43856423033074,404.53912381349477,2.06527173976699,0
23.75816473025759,78.56120945146965,79.0994947327568,1.320551950895379,0
41.62906951550916,47.49228831513295,464.9416941075492,2.917647744329566,0
13.368347424671189,61.51183448965067,230.26791834737256,2.1462793729791847,0
59.09880151494659,46.49204062273382,490.30550248292775,3.128346649624532,0
64.81506064027332,28.632077980599785,159.04657861084465,3.6910840006815993,0
30.523031339557875,24.025623957792725,135.01123539516294,0.5558466637692061,0
24.079180426918903,33.61022613952971,486.4665081046746,2.944862944381711,0
60.148241494332325,32.702862328878254,379.24065676394963,3.798558301694837,0
50.496784771041966,65.38136328461806,493.7811402239128,3.2421196588578938,0
12.284776473172009,42.28780036006829,315.79485197388846,3.935347513619658,0
23.619828760106927,21.014767995296438,375.0950403600859,3.229670924004691,0
36.86047873968583,38.055144389925125,405.1147780818104,3.564528951824188,0
84.25403875781974,69.58787656953098,356.0493642949748,4.161314429850743,0
43.932963709952006,48.472013757346446,104.73030080604241,1.4954010582770567,0
31.283192934904335,60.571744781392354,244.45272902715251,1.9764624897533585,0
58.872982035795744,61.568071917794526,391.30068064993895,2.6458155047783123,0
70.27540576743358,47.338972966392646,96.14054215068981,3.352900254134677,0
70.67677302187573,60.45152699690005,443.2188993260235,4.815788501280511,0
45.88962774396419,49.272596359883565,239.06054938239518,0.689755052341785,0
94.67939041438899,64.02556406677537,805.7602731951579,49.32200760550427,1
79.99953445495726,88.96273703183331,1752.4910054390673,12.198361273795193,1
37.10528343003898,73.10091947283551,141.91914124985243,0.5687150970686217,0
72.04766123029344,20.261574797394825,446.99558531779104,0.45051639858614156,0
52.033047323533,30.584714625673172,314.9575381311033,2.286304022959103,0
98.83623703668579,85.18097053728144,2857.1384768322764,44.5818998195142,1
23.98888827998907,27.821187802595933,205.0528585945439,0.9798936124583385,0
62.28727691034854,25.03387763773456,164.45303940992187,1.8901538343715518,0
46.352221534753525,51.635308997040624,198.41711398536248,0.4566382218266618,0
93.81816119595868,86.89729384301089,352.4682155029443,37.370648145096744,1
10.567215623360658,33.9741103189689,332.465186120333,2.7346742622410543,0
39.6290003392597,50.74571308259938,307.1082045681254,2.609649764018801,0
77.07284538590719,73.00330205639465,849.998887472756,4.835640404372636,1
13.89784627386043,49.1160045405573,296.81761358710605,1.9292768836086804,0
52.81580626296072,62.84918878353044,139.28032816057237,2.734010129572561,0
23.586201215101024,60.1589249818101,457.81440653204066,3.168548717115555,0
30.174505332632325,27.22890934630808,172.88665264459325,2.1959608284133347,0
89.53505167381252,80.91686318615814,922.1357964628866,17.493940222407552,1
78.16763078153399,93.09850302363371,1176.6059703123378,42.49911281149457,1
41.593603997055396,60.63804118013957,479.3071118536342,1.0104215748871943,0
87.97214531005721,97.79107309154396,635.3488937021893,8.79257479576366,1
12.881976172174374,41.3009159681748,183.23694011095264,1.9421846927628705,0
12.801114156191082,31.058083817005944,53.24897615167299,4.16498871119709,0
82.30588123675811,59.03639139512621,158.14529633517378,2.3404081054254924,0
11.358263786563038,50.172531203935094,128.0179205408787,0.7859123580418675,0
57.44664198504611,26.979903627995675,408.011112407447,2.248308315564613,0
23.89976346465358,72.12806574906921,454.2031369232736,2.0211787791973967,0
76.19199075792605,39.762684022053065,155.89649793188732,2.377850383768268,0
65.9868553838518,64.5421962253869,191.77542347341972,0.48804999114853753,0
17.816860210626075,39.242729899057636,465.81552159361456,2.4621134469929733,0
23.658843676652445,77.04468279276031,249.16506049600642,0.9879047217523851,0
54.73503065601578,74.64787466293207,105.84359424935705,3.269588941366735,0
35.37006294958738,57.147284002801776,400.2780264589452,3.361262500371067,0
43.84705847719412,40.13343210179943,397.1974708795177,4.762929906587096,0
18.898282430618522,55.053487329903085,424.1907376010939,1.9875787577061776,0
19.349701090245013,69.25094055578774,103.09054974666157,3.041488068709484,0
37.03201203561146,47.13097636160647,113.36533794184976,4.919195042703873,0
77.51980834015528,73.70400337617285,210.31171388941272,4.898603217269054,0
69.41433961012571,43.577045899481185,353.1877908164864,4.143790368716696,0
43.54019053786267,37.77060593353991,184.46137883747357,0.12387063467191872,0
79.32971465323978,71.36921731967962,458.09277431857373,0.5522156347057555,0
72.23063527804013,72.76358340843173,194.00494516117854,0.7105347991629118,0
22.586094673452145,27.539668734774963,469.5925023404669,3.329650156103399,0
35.642895857911775,36.20350796609334,220.17731650381907,2.12729166317217,0
69.79715243346652,21.687290376675424,146.27020226047125,4.898458732179142,0
81.0766019473353,47.89128684879624,348.0934880396083,3.669682273666421,0
71.58987119126698,32.87388920557099,402.66634494243885,2.7496053525983157,0
67.82253849659207,22.709081864737517,422.56042796707897,2.9642600244611077,0
66.3153300843623,43.668763450331454,276.18791223899086,2.6474144118969702,0
22.803127248436013,55.031496038480924,301.9838662156294,3.884404978791538,0
33.202953839708655,62.17198664300608,314.3150507558687,0.1488595370356599,0
84.01719590412232,28.813794132666754,447.88751205276617,4.8755725352286285,0
16.04615538772013,35.907395686744366,119.93050793255696,3.812098108228617,0
25.12204900358084,30.01091469233466,129.66864847695786,1.9662323239601887,0
80.29213654273383,68.1618443201613,495.5863051632523,3.418824123889022,0
15.756854641655352,29.442710892132055,299.561302191031,2.841813794237969,0
19.411472259936303,68.48942294145276,432.2829497867051,3.608292747420787,0
97.7446480579351,62.47267760765245,1362.487834191776,42.8214542435333,1
91.72684711920509,76.37741970038599,886.9397815486407,11.276534572570576,1
55.62396250058288,23.604390101298947,487.5169107837698,1.08159984509486,0
17.641982565470258,31.463112122520972,74.53515149522588,4.754205171145557,0
17.302517034341584,65.6534883776744,491.6936268699407,0.5015974959663971,0
61.47453975145731,48.98084677063703,214.27307489381243,2.1371783477564854,0
46.66349351926901,72.89812095052463,490.73894291203345,4.029646830797327,0
77.96074410743248,34.68470477821563,183.68624744509927,4.563012608694505,0
80.30410498728392,38.20185693285023,108.58750694166503,3.166692909212947,0
82.4535628846508,39.59731434488053,374.8593082965368,0.08152950893252409,0
75.49921868956058,32.353238645995965,147.5089896674267,4.062279752015562,0
67.06384981980864,30.24561700702314,454.70273405828135,4.154780887782566,0
29.341576407490173,73.5481456371207,442.82692868405087,1.840667949905691,0
48.53908481550758,57.49662622446992,287.5594225747659,2.035053961186612,0
19.7564680097974,24.351339017268884,473.51315081562814,3.8232480579517865,0
85.4818546708293,95.35019017297714,2883.0239501146248,28.559328821605302,1
78.19016021548653,55.76180965698806,251.02470019544313,3.8774787581803905,0
81.2470887962669,41.39353527061332,418.6240250433034,0.34908150742780975,0
58.17441444289206,61.884232784204094,259.6420889133658,0.3161216962531682,0
20.713771547562892,41.05853743556548,374.5111341195696,4.250420106653181,0
77.35407170805352,71.8273773779002,407.1160387410456,4.520818419780374,0
74.91303444204851,30.553417005119726,178.37509862339587,1.6033236311142496,0
23.99799548482619,25.597243083318112,81.31633132833903,4.896879098332273,0
19.322291761415855,25.5810445557605,55.01956429032373,1.8084540565012648,0
31.666370418187427,72.59362944732305,237.88526274838864,2.3582154855086177,0
55.28465897120408,76.53112726937832,447.0784406448637,0.849981483740006,0
58.19238996513936,52.445937878032574,355.3085970847223,0.813745538911903,0
35.93545738078187,69.75090679699505,381.4223939225506,4.06476491823603,0
71.62276732828538,63.19757236216877,341.8239188962419,3.349454339292034,0
59.52270397760036,66.43970523764054,484.4685456535703,3.408915606061727,0
79.540192581832,63.06193751021901,2829.284588155131,46.26885320366637,1
74.4112578376116,42.635119142941726,421.22231591782884,4.096849089671793,0
81.82189633790351,52.44962383829238,72.46511854852059,4.516573337830929,0
38.53004117278073,76.83841395421773,355.77861023144993,3.952541905865781,0
14.074902611717787,30.600938850578313,264.15162987327085,3.2909870410668334,0
44.13789938002423,46.20663015939918,288.45462911225343,2.8417752299331034,0
65.23015112992303,72.40166707048628,239.53612092142586,2.269189406284902,0
30.159821127264863,24.69646884379255,285.6624495101097,3.952461781241653,0
60.52340631061808,65.645558503217,126.60486459724875,0.9195602561641253,0
51.403538563898515,51.036330185258635,436.5708483679952,4.181549375078358,0
75.80045150357357,76.12366938006792,219.18195933829867,2.5692867963456125,0
26.20286368821997,52.70500477159341,498.53019663247164,4.868038244003493,0
81.03710971751859,35.75801674196442,263.6275033717176,0.22554503142668048,0
80.35481046760985,53.63236114500625,357.55373453947266,4.212635256438052,0
94.81614400260206,78.40310888408035,2298.9843448214556,25.20679619245496,1
75.00777658795002,23.319943229800767,200.4108683707091,4.712888659464436,0
28.57982421258681,50.62760788078648,442.60948546634256,2.4407797804365448,0
12.750357020015723,32.21066649991319,446.5388028000384,2.1519630900803772,0
67.12147114965381,65.3870652793347,154.30562492746085,3.00236431625137,0
47.692455734758184,33.06684810605411,306.83468377999395,1.582688656674795,0
15.94602134733938,52.93050533560843,55.68917063000832,4.982783696173746,0
16.64535354772593,30.009782297015768,165.5337206036972,2.278566825784142,0
75.93893294509357,49.490853549909595,188.8734567359465,3.810192316945375,0
42.42596698025105,30.24064611813402,122.32201320117753,1.090082492659693,0
67.11329737881042,25.314700378198644,87.31721862937673,4.895560848724012,0
66.24703527993833,77.58474328771815,218.73404708353817,3.3106367442712443,0
56.33854301509104,79.8109570568864,329.8468837506771,0.7903065014582467,0
50.70220623686863,22.202776608984,344.22348372245494,3.4595501330978093,0
70.66197426187631,61.27391872874451,163.40663015557362,3.029264841919479,0
55.53514606626827,77.60071284914753,273.36396760983814,4.010582235814501,0
83.99725922191352,46.16422881315876,424.0958320783623,2.6069736813146753,0
65.71611202509543,43.77484080898436,472.0176343546529,4.371360132957583,0
61.9369620001919,25.96977357083829,216.50159325876413,0.03565010110503031,0
65.34632105481941,79.81943016875306,78.96869758176783,0.6479286500499221,0
46.971772874189504,50.127898455171945,89.2973176513111,4.466714764020957,0
71.27304304538775,61.28183113711888,378.74418417346055,4.532653160597447,0
82.43430182222707,66.97906717158992,2031.1134479224227,5.791939772866236,1
21.965851008489125,50.57053239345211,310.5826374586975,4.553388699591523,0
13.008189355936185,62.58422508806122,438.2033316493501,0.6188033304200552,0
71.08513619417019,68.59872462100834,416.3075309839685,4.149789594776593,0
63.556519909932085,42.571428126177324,479.4162986818895,1.4676397708397482,0
20.499053254132214,72.27631105700702,101.44540135360634,0.12207157411111058,0
77.68097749645776,35.79477048983266,416.3949042722906,3.922307334466896,0
35.65807156476956,39.653977635327564,419.1552567713887,1.375383925689615,0
14.39239789634004,25.287594170033465,350.4232533771514,3.178255355794694,0
24.36947093011193,67.41559423650162,444.5815992131554,3.0675734135875627,0
41.89101283519251,34.72726775233583,387.56762658433297,0.07314269602535006,0
11.340545105006036,47.64036749929959,70.49757018440863,4.377783271748031,0
82.53449614443778,52.042166792279396,317.7357608036616,0.8491017294786729,0
27.990558456695855,69.36561458193992,182.5088444785221,1.670073353788271,0
65.43002319545295,64.64296707371466,301.92849301279625,1.7161508748377574,0
30.21338967192045,67.39187726213233,430.69158160070594,1.6000244288067407,0
12.66926731048573,71.11327894822298,412.65754115850586,2.682678868128552,0
18.866396671831644,52.60819219888179,337.72589865635075,2.613928665257086,0
94.24034260290321,75.72908563172355,799.8956626965191,7.853979779999316,1
76.31548475113058,20.509734716432572,355.60797410068784,4.8184358297832555,0
73.39677376753653,69.18242619651491,2187.173814203288,48.97337315493064,1
79.53329716438205,23.13612005369579,228.0514613433422,4.91799164439077,0
72.52374714531891,58.685403595405575,154.3858034710036,0.7343593791660369,0
17.994868985032884,77.62200647732782,445.41391272173416,4.462130887680197,0
44.38235680985785,49.116843026611896,232.09493805709994,0.6942082127399263,0
44.10732569144958,60.41100720903554,403.0295610548989,0.78581411495875,0
95.18181913359736,74.70624378151453,635.6225194002798,47.89847085092629,1
19.62957170905939,43.041144437897486,201.2718492432945,3.2656533514482797,0
36.777200797750915,54.00836630062796,280.7077790524743,1.1493479560112718,0
14.273404524802622,59.36876551084653,320.4845595528767,0.5840615840606134,0
44.06377470525295,62.23615443966985,245.0151269135757,3.1460948604430676,0
51.929446370995166,62.52060319793042,291.393295654261,0.8536603805652482,0
25.468908537711446,78.86176934690457,206.0856549180003,1.5322886567522531,0
62.255287402311296,50.27017544329014,368.6107027990603,1.610967253239814,0
56.39585336613882,31.240807479607334,424.41833264844917,2.922530179916571,0
83.52765557066388,71.30656531984641,249.86489099905384,3.505335915549387,0
65.02107854210516,26.794607098389193,247.09898655299935,4.525420188804769,0
75.80298039459666,78.31071807952908,420.3893880530962,3.18320517679364,0
33.084687376055925,72.40348747455316,426.9032306043457,1.8399983072404802,0
57.83306063841937,21.407541303269266,224.95780353263117,2.5365925033982446,0
33.38620998139447,42.737354588750456,97.97867276244057,0.7437075493574874,0
54.10003475722213,23.497832231741423,494.0648068094401,0.9552258032764765,0
62.02135431053464,50.214204464213296,282.9416400579223,3.4713855853981954,0
78.62511533106455,69.26191682578586,310.92473357008873,0.6324547966012711,0
48.9539394627953,45.94623000299018,236.78515805350958,2.771820204142049,0
80.60986065823938,50.910021703195326,50.96341370546385,4.215549782882013,0
10.14941014143027,38.80206166743669,349.28484799929265,0.2607861542666462,0
39.389452989101954,56.82247817262484,66.45641556333119,3.829329934694041,0
78.20909582029314,72.24783034028678,181.54999007752212,2.375083784967094,0
83.99796838758816,33.05527639589867,391.80282526125876,0.7881801791649029,0
76.8904108608051,53.95178441357717,436.83975975442826,3.039785919050226,0
14.983288326683116,76.74648302050765,398.13649025259235,1.1390514533806573,0
56.817849693549405,61.20071670344777,56.914812830625486,0.18958472036816665,0
74.76606418859089,77.6850546707944,78.86086350682247,2.630713798445732,0
59.07565041195398,54.24099050431872,481.87707711753256,4.1550339449488725,0
51.15503420249396,76.86117062385678,489.1924037266025,4.540769716137515,0
80.07280856256178,61.38209209171212,463.54069647517935,3.5830313778252503,0
48.081837864142656,64.61015214674451,222.33515497894098,3.435442360518521,0
68.75404149968787,66.34987076577883,164.09739916935914,0.29253575724718206,0
77.2366937532819,73.10908873884267,1124.6812561961146,11.646989387712713,1
71.28040532119599,34.12299571390145,264.1670138142335,4.100139111327125,0
25.16906353934012,21.969529929154408,138.9130636227432,3.892909243603216,0
18.537879510745107,67.35743928062628,127.57826448430369,0.005729753141281435,0
87.85351392473811,69.23676143790696,1609.6422038577762,24.653159765304462,1
54.959585474403745,57.9606220904816,310.3129629508486,2.549388273802033,0
36.74471319896542,49.76452871003187,126.28407214825808,1.3451677438795544,0
63.55395425335951,78.42455492230961,91.06275617701039,0.2325924817253433,0
78.85627002635087,68.31178920411678,1376.8181348003682,7.931908270177003,1
59.4087525033038,77.74028344887242,476.89527096795416,1.1103258727069598,0
70.16477355655297,40.17940365622001,388.4697015159497,3.0887025031249897,0
12.298937665435455,37.17679172671645,231.58524492825322,1.9175094055795356,0
92.6386534829682,64.26480340084395,2142.9705147845198,16.447682667718,1
64.35750786465711,72.42068207364493,164.58208999380298,4.049382075192847,0
11.636754758161713,41.38428415097988,128.54564757657346,3.537766779596599,0
58.296743458571015,62.98857575853001,158.2304190824916,4.510532328591564,0
11.03966019346451,28.73772431152709,286.1947481025121,3.0523775567683935,0
29.66980332248688,77.13560470173942,251.65791475932178,4.2781228308793855,0
44.900270045461454,72.32636382479487,373.62736527895635,1.3249038645844151,0
39.38068379217086,24.78734741804002,306.03651519255845,2.039314817128309,0
59.40382290452666,44.2129172488213,433.46280373451407,2.9036243307140284,0
74.12726512149514,47.433825177172665,411.68838843683676,4.037557981525745,0
61.11270416679469,74.41913110629463,102.28134875535093,2.7484212792661813,0
49.77265999368687,68.66627397831908,180.71672252402465,0.39574310474863816,0
74.03386912785002,76.6850048126127,294.21556126549024,1.179877885597257,0
25.809482616252147,70.77163196926242,171.42505398099246,1.714513217754408,0
26.120528394306756,71.00796408110222,350.76231595282735,2.5575756804161247,0
10.41415878427018,49.10107925144247,336.0170669036842,3.0721064911151474,0
73.7930896011337,77.18747675047791,460.07140504258,2.0440570619615768,0
35.95747949033392,59.32615870643968,123.9084802504195,4.652404097899335,0
44.973231710512756,55.267724303982334,300.8832191002739,4.283491115637844,0
68.68193591595909,33.78956250755216,248.9466857935005,0.13580650726826682,0
56.00613969518424,27.99705548493039,104.7143072900871,1.4600705022036702,0
16.017530924623166,58.42683643959517,142.06712643129913,0.9888381380875921,0
43.19330094496115,60.44008226419122,196.0603966243756,4.229796827115063,0
68.43269397968402,36.916213060505505,318.173718078817,4.2168056443599475,0
56.86555747052492,75.35434429434801,215.9048407321151,3.5836239134072527,0
10.93030272079861,73.70511036597887,403.1484445232552,4.858253023097466,0
77.1756083214084,67.61224413372986,133.88623122484705,1.528794115778494,0
60.66900801755791,49.51141228358884,287.06131348517147,0.26238840414701925,0
72.93599560530643,44.56687625763855,352.8540954333736,2.9051916208562174,0
55.26157499473411,27.72526624208333,123.18273334207268,0.20073885014370185,0
64.95242879427103,48.39279121306392,431.1711134917497,2.6289442176777325,0
22.091596544050333,71.90426596252362,66.08677750963909,3.721176292186194,0
97.3864523566809,63.9549177032637,2584.8266379371416,43.04339925468422,1
15.830097772373863,73.34003664887996,315.55239005501187,0.1322725274021208,0
94.99572413306939,91.77336860359952,2512.3741807049614,13.339318271491225,1
34.24021990155664,42.619170037210495,56.511788676289264,0.5516738691260148,0
84.05684128400237,84.71928369081377,1605.0467911499848,3.014432526586508,1
16.584117779361996,55.58935973162806,197.19484943003567,1.0953341092979973,0
39.086956743769846,46.476460205004116,445.57790204851256,0.23388575095056652,0
32.75391577218499,52.856719048568564,69.1119097197851,2.4504534560718074,0
67.02173673416013,79.56992790091851,159.82855296931638,3.973310771469809,0
64.44667591526795,64.31276320381781,372.8455028952141,4.090548923720838,0
83.70546556827895,68.54207301442051,339.79907913371306,3.0027882803031463,0
74.65108617044669,20.967478782332893,258.73934964298144,1.2188474654136372,0
67.83421118889149,68.09855538988204,125.3153888269931,4.706449751971385,0
43.22752797532146,60.712840485089636,375.7979228651321,2.7094047688634055,0
67.7618658817822,22.94964974930289,113.39830425667941,2.0867073663316287,0
10.478940378762518,23.35558100769354,268.61925148717955,2.1980861500443245,0
61.874173889990615,76.62733335247748,400.70131939376915,0.43242221075819265,0
49.22990685768395,52.236540420082285,324.730923841472,1.8808255521553885,0
31.63040783640593,32.62232489179014,303.02712624538526,0.16598157532780877,0
76.75727763878562,36.69303122412933,422.36643189065273,2.0400708349913437,0
20.74610940269808,76.26587355909345,493.68275798063786,2.7830294909014675,0
54.519434016553646,21.596501964661048,451.1542429151372,4.046229183767413,0
76.02360716116952,42.03666207684255,393.00385533897617,1.1499480664572266,0
28.785092409437425,25.74525191980146,476.44324388649005,2.359545549572938,0
69.9557799181782,60.245901526582145,388.3443099661359,3.678487526531269,0
37.167658123921626,41.73089616764909,95.01425198021917,1.1847818129407839,0
52.87095171024249,50.03717194003586,255.16217165995118,4.650134189440812,0
22.729632143269235,20.915890378761787,249.1119171470833,1.213471992278673,0
14.243924211003673,33.8050695114485,297.02240533340375,3.4548707557578195,0
72.53470312734487,61.32981660500337,2404.2877565192643,20.96795970316523,1
55.63954545223499,46.74378925417215,444.5814983693504,2.4175353728883264,0
62.19806545702735,47.1694883170596,289.45001022665167,4.190879603428693,0
56.3691078647722,22.925979128788427,483.0311937526641,2.3161481870451444,0
40.832170195052996,71.93870218236393,330.93068035247137,4.844212035491958,0
62.86532575325363,61.2975799056353,91.96705408137429,3.6191434091147254,0
74.04714752165665,44.899865502245255,349.43215668721433,2.527708617148697,0
20.55336460365688,63.22000214995958,99.97359997014921,3.7297730895199974,0
54.09937220978746,46.45130676215095,118.02288118470194,2.5615765562833106,0
70.04400243318122,72.08588959202376,69.05072565612144,1.2930938565523808,0
84.07917923020237,38.42526460161492,185.10220019362387,4.379669627226624,0
23.11289704453094,67.40788242356649,175.8174667354544,3.587684317563135,0
64.32541128465559,64.93994104429741,442.75834628574927,3.260569893118741,0
95.310772103142,80.48303670882645,1660.1079775117673,31.12381033037633,1
43.85402682472566,27.399109464517537,369.6744413472341,0.5075192915176774,0
99.50245345799283,70.8463386495499,1805.71414269693,33.62485250459406,1
80.56601271694032,40.99170165334871,227.81709882393653,2.726724920007724,0
57.826618517195165,49.97710471992572,150.35568863534513,2.5303694923335507,0
37.879304980175746,72.1459441234837,171.8252411881925,3.576410656635885,0
90.89592380812667,92.14006083035365,2765.3937246827836,46.7108957645163,1
66.64528153726059,44.635921834296,95.07619680679845,4.882936696001922,0
57.713302353117456,62.15777458627495,279.9521435950641,4.448006975621973,0
74.83249351512731,38.51795891143704,168.10533634320063,1.8747385861933197,0
49.012262583399504,35.602882415146034,245.92522825760605,2.455692678479134,0
61.244407274469694,21.081740537534735,303.43914160167253,1.028521474882849,0
41.09680927952678,34.18849473432167,434.8915089633223,2.9460045338192655,0
37.83347038225959,27.216257787716412,478.87096377193023,1.7077561592755253,0
38.56681424732662,54.64120407318006,355.5063593868681,4.948614452331531,0
44.700670379904516,44.218801669608666,382.47234680803075,4.339162483672483,0
52.97816504642618,53.223693883901674,435.25859915887065,2.566950367640905,0
45.14954814955947,43.45504561046974,216.644078952735,0.10903396562197798,0
21.699589025215197,25.28806585860149,439.56544654580165,1.0966409201545957,0
73.79362968206814,57.505493161191716,438.0819585318901,1.7733541330515523,0
69.6107161562447,41.04258727952506,69.78723872965467,2.1402389597103735,0
23.889667590060096,45.57909763944208,73.28546585109552,4.751677333341952,0
49.921890696359085,28.21799807265415,484.1973473737339,3.4596570983654606,0
78.45257735025221,94.22049086238806,2007.841175771987,41.93133356635905,1
95.01725121773558,66.03953990334169,2473.4422327832676,7.196437249142983,1
95.78702766433342,98.03796477415658,2677.68349313256,29.384343809263235,1
53.44858499964534,74.43459003662471,445.6332130005941,3.968324905179006,0
64.86223677552718,57.5755564797456,323.58702541917313,3.494512859470715,0
39.63481807086275,53.681349451360276,92.42419005452122,3.556136407352512,0
49.255102819150615,31.639637373403833,435.46299990235593,3.493076530055604,0
44.89042092127886,26.79387339554752,298.30067767656294,2.905739574866302,0
24.643224084853337,50.278237278646095,409.81038984590134,0.5177178597639198,0
92.56140783417584,62.44421325337667,1861.871492137055,25.972773631181738,1
57.61799943648721,75.82107062798407,378.7520364038594,1.7127108282967547,0
62.27681245032246,66.9590937693726,225.58818526245605,4.260739919260046,0
38.66046061244269,31.929711817188796,412.7503179462822,2.5376916254603774,0
21.732778200331452,28.56885826837204,367.51810539942136,3.786527976674377,0
24.094028561149226,31.838838234563596,59.15337398042044,0.31565080162226533,0
39.205370423415644,24.254971486314172,297.17375365771187,1.8594899528747062,0
66.51040829946976,74.23890179535712,239.02820131075117,3.5637650102996576,0
25.87269239273959,59.24138465952563,460.80319113780536,4.882078121369143,0
58.11283609421888,35.207427780380975,169.462951248942,0.060490108492261,0
28.56698277099148,57.7343086954169,69.52851237022332,4.863138706982094,0
76.94186706148558,76.41079008375448,217.02835431010087,4.764347601790418,0
72.29670703238435,26.26894371847008,240.99524998591056,2.9055426084925267,0
35.69433121083489,54.43769105009778,138.2627073802422,2.649315454183388,0
82.68269726056084,63.36101446846919,443.7452727609897,0.22386186259047536,0
25.475028880434436,72.18175309109803,341.9361217564944,3.919584644232742,0
18.51051409304418,69.77394988570211,261.725323590357,0.8792894065809626,0
72.98512049983201,78.56469994835113,97.83761959082813,1.7640300463295289,0
72.62104042708029,69.44566942906246,389.0246517139261,0.6482520024556432,0
83.17076506449362,33.991253265296976,156.55911556825345,3.1315054738693293,0
79.09806341597316,75.92803492389697,92.1761897268724,3.747931450384078,0
95.03787215884951,93.98021779365199,993.8558887162028,22.687041654681565,1
85.92423784271249,91.93898659814221,2584.81647241161,30.11766777450937,1
39.96390884402011,28.584883725038836,497.98410271897046,2.364579854892288,0
57.55042773247085,50.716317840915664,473.1806175179835,4.9866030581988525,0
15.955493848227214,72.01131278162396,393.2849650533672,2.816323602603102,0
46.92441100008865,24.700293065720402,496.47727150178423,2.5749392736391647,0
35.975949577447096,58.23812939228144,61.53451244799017,1.4885992402925847,0
83.2039811385301,79.72744554842376,968.417580594267,20.291814077355326,1
55.116540947486804,58.46036343924207,353.03936011109175,1.8590049885864395,0
43.99666260610207,51.080920934511184,202.78801360881198,4.926723593436553,0
35.62308345179514,48.266621299865236,156.86100825023556,0.4475784989744275,0
84.39720604289825,32.07037802683405,493.10849926185756,4.580554219348189,0
15.042563506792085,23.46729182119185,163.77520242432257,3.886142600008289,0
39.41830338247992,61.801339272391814,432.6344314573063,2.5749120184790293,0
80.46242061731418,31.146617281922467,456.69526762959794,0.41994750694579475,0
62.337458912887755,59.446659630647886,340.70463092601454,1.2340587257701807,0
64.9601158574688,71.35551137547787,421.52390262841726,2.605010864741785,0
43.575506905781374,62.799303770076335,325.9775060788544,2.976553759217251,0
68.96542391957935,29.69826162707551,416.75349964269094,0.3221881277634614,0
42.05998961250168,35.77545485792882,268.1336108298614,1.5995681757015072,0
70.44944123313687,53.548199387778105,279.14521336071914,4.959372723411555,0
39.0455808568631,57.99700893997973,423.17900488873136,0.7274132479963008,0
89.89841910573455,78.95328959800001,498.47234736722316,3.11728631923897,1
27.360641032397357,40.35220587631508,483.4411884371375,1.2949803664981636,0
73.74815286104965,49.426945804157,387.2869739635594,2.5664679122974916,0
49.86791145150484,54.40997509611296,107.66076811273581,4.707681230192463,0
80.84606646055174,23.816086182667842,57.96700028295675,4.533344073075951,0
65.13032828529143,58.89785163792809,452.0495594193193,4.709106344823634,0
73.14989146675461,74.57520170322664,406.4976649199083,4.135049408234618,0
82.18017319846227,96.74582579758533,2434.5018446591207,10.095857031152395,1
15.044193547552588,49.94217037424488,494.63057388251747,3.9897338544621124,0
35.75400266332332,38.795044429329316,259.0423085859886,4.630306863933765,0
75.8012839849629,61.59257253313206,101.41180396612535,2.253441443025943,0
47.28810730063205,70.46577023696608,128.4254053256123,4.233503616752005,0
17.688229599300946,21.318908888577376,352.08658089208234,0.7041671382650616,0
42.96337664746826,47.560760610369364,116.77342019786495,3.6970572772834576,0
40.26107267702497,40.32807019562678,440.80940354556583,4.634703115600543,0
48.611301544726764,69.65661568094919,260.1353341237091,2.4084388433076898,0
82.69913592131341,38.45930524138019,497.9971691328061,3.0633062357599954,0
27.53596248197981,54.617549007258745,454.41187421097237,2.502698385660627,0
18.304044499473676,28.131012413645244,406.6257568376597,3.6198393688675843,0
59.88979155221501,59.34924603964357,390.4486970260173,4.613474919771836,0
83.50244314641078,41.73760940001229,495.86061017567204,1.9912820457850577,0
56.2799887088351,37.854242986448924,481.4107942602899,3.9791632947522078,0
34.39713505172733,58.87022231649359,441.900756512,0.27478937325033204,0
93.4504362387886,78.68205140005361,926.7751713863985,7.560681589966478,1
96.47042835519261,60.644386461674536,2091.852271660904,26.01382531996982,1
23.443994180446055,20.950284256692452,135.3936011657049,0.2695834189488505,0
81.61489604973956,23.297978410389323,139.87772605005645,1.1351591714113436,0
12.525730290584802,35.476370407214034,250.68437168198255,1.8917680163095603,0
75.3404784166458,73.69437473023059,1961.216493521627,10.440547975043776,1
10.871540493107547,70.55229376391821,377.03067635900413,0.9355421145862652,0
59.39960162048252,76.86396824037831,445.69554119137393,1.560916084107555,0
40.40671188543662,58.912049542000545,445.07370379982274,4.9023081755491535,0
60.60897266255579,26.90065620968587,318.2732590598049,2.795032694929451,0
65.66898903993155,57.166704429089194,190.0603636603686,2.504647022082527,0
67.18440143055179,35.170244041417355,314.40279746740924,3.159910464916531,0
80.71822779343894,77.82111132122294,67.75337881521115,3.8536430765328293,0
32.240168596574144,47.8610149929285,496.92685531924974,3.957705031666001,0
53.743929423441756,20.698693970185772,65.7418430822691,0.9567238135093631,0
62.362128551480886,51.12487082688257,66.76424627638825,4.803004050062606,0
41.21154986348211,48.62658906163557,416.32336688964335,1.091235273905769,0
75.75742275713121,24.037076775290874,209.0969843919517,3.078948994900622,0
26.65808578530477,50.884531625406794,154.55099566580816,4.924329701724214,0
84.4941261567223,56.34195442759254,463.4834230665094,0.26826082004845375,0
27.105982896169934,65.66035897697333,323.11502610194316,4.7339488836257955,0
35.29979566343241,67.63015472891698,426.1128663280262,3.5501136575009227,0
50.59499340070827,39.12903937238028,63.85395598733597,0.7872647859492332,0
23.286234208553942,52.351627647638864,424.2380180761989,4.688961433933908,0
24.301579049774993,65.74167282243036,300.5592729679272,1.4570113314412243,0
69.89918352674775,77.26686169117932,344.3757403963695,3.7758429614766387,0
46.70687227323553,35.19193442076862,210.6426614630508,1.8997806257370424,0
59.36198682231801,58.944836121133065,328.11926543679004,0.466505891786268,0
22.227650269869326,58.22285321021765,466.79634742935593,3.2060749511751236,0
70.42526147125399,38.875258004843985,311.4978101140534,0.9962093929230909,0
81.65861435785506,57.512692031450904,422.6247378361728,0.09054718643977777,0
35.022129687764924,43.885230694173856,239.60291747497175,0.21456136330097075,0
56.022842724203784,55.35604032540002,493.879359418385,4.95978185401576,0
70.70208666088851,31.56058378920202,222.88738321668984,0.00277092292626957,0
10.588119307893761,25.26305850319786,329.2516379385494,4.067077071604344,0
47.065933543772495,46.58239859810965,108.23135026935556,1.8563346205753546,0
75.74880713711504,78.6712216101069,321.48854527502436,3.3228971400451988,0
21.002133551138616,43.379445337286924,216.19857596884015,1.4228335503992584,0
64.25650852664387,42.55827331574835,399.04458589671503,3.731863373961769,0
44.628710785983934,23.4279631605998,181.54828212918505,1.8415825281306275,0
69.48571554975545,20.780612805552362,162.66787281813995,0.08808253570553648,0
55.44977254532691,78.79486596694282,176.72027460586312,4.476474070781694,0
28.976975569018993,43.56410685345365,263.16100953081525,2.2397100564119303,0
42.37446596722595,27.5666085007175,222.06406906251988,3.645516417974381,0
35.57997632876939,43.278365263873184,355.6924993910991,0.588382563226495,0
69.22136070959155,38.56817294531605,251.70196194870104,3.4320994699882097,0
12.287518745428708,36.90950019772832,285.0679687850605,1.7425289991579551,0
17.635276221215268,49.73923525299483,200.39688201684191,0.45036931473445563,0
77.48750092654544,24.71217456756792,426.51982426255773,0.46627434892685393,0
26.508349442856485,22.41980966309078,327.1066484456234,2.0984746174979856,0
84.78867654272128,35.54210864620083,146.05154659671905,0.9376402397328043,0
52.37664946442621,35.935255898441596,435.3346970222526,1.2711251504125454,0
24.189684429276618,58.50054260968976,147.71990007097924,4.347295514202022,0
10.812823861022377,46.60634617016264,315.7653459823632,1.4232769674679602,0
28.022434258777505,71.23690778087263,189.81658560120843,0.10794955571337694,0
45.32201893260501,78.92464271813785,133.68345082615932,4.445180220666008,0
71.0477702129514,77.69262337286656,107.17531941095345,3.9469148034431467,0
65.56780421140536,43.83121317902773,175.4183055293189,1.8445718667681006,0
57.73078084478353,54.65678483822802,327.9007909443283,0.28841642291771885,0
53.901577329756414,50.725314601919834,277.6924981206786,2.481175869349755,0
43.05720602036711,45.36119717944554,277.9255404666164,1.2826630880548922,0
34.087161447696516,32.891276385499886,425.91305938050164,4.35163796852346,0
30.505530394802967,24.88683277346955,81.95305110016486,3.5491353745993806,0
78.74764268809055,79.226005155447,275.33987363344374,1.104990787618176,0
36.89661864651936,75.67605207422129,142.2122146321999,1.659916972716442,0
55.56586389260788,38.166507696318035,52.402613886359845,3.227209165917482,0
46.07296674145928,58.94923788985236,59.461163248820995,1.3366878120583214,0
77.04194372882182,46.26590329928771,202.589425968206,0.5852074134422175,0
34.34393724252027,31.690429499321844,124.49088171223971,1.9112795732820231,0
38.74115244604388,38.63605828371978,217.61012652155296,2.881544099445283,0
23.267271311798794,36.25455339481227,398.3771750103181,3.686348415628522,0
34.26478093641187,39.37406411467406,77.24851530856726,0.2548603440944497,0
75.72395748567337,37.37496228024362,278.6707879520664,3.78906652847133,0
44.444889787991045,65.22882277870214,62.71911547248996,3.664663110087613,0
41.15822504440672,55.89094673252014,380.348141396507,1.4211292531877122,0
70.2860908895085,69.71181557489051,91.78028893877922,3.7278397586767555,0
28.176527135257174,56.199533938675906,204.84489381338145,2.337701311334346,0
71.30639733530126,81.89422455302054,1752.3696905338948,29.348109323265607,1
82.08929228679357,56.68049937486357,418.3441609574764,4.30828577748524,0
81.82237347044409,59.56940348747506,437.3278517246381,0.6453683265341476,0
37.761902519158326,74.5958094895831,193.17884427891642,4.77308685752027,0
63.042897573504895,37.965387488186394,208.04765883731963,2.4698749415263297,0
83.29809309936277,26.4194756704774,421.22611825725085,2.2931424371573295,0
40.51036007137927,47.81287035553531,182.91965172827722,3.8050364509295695,0
46.06676099522567,32.028142865981536,208.61394871806473,1.169982393953139,0
71.0790084451571,68.5804554852844,118.58311401704661,1.4319828921378925,0
35.911064029258426,44.24659086457743,400.01546454976284,4.370229571705821,0
74.06911604561891,79.67052723242693,1453.3213111041207,35.116295329186585,1
65.30178080408498,78.50523018246088,165.6436720342015,2.6368664498542054,0
73.975709160052,48.50650189591012,58.955667683035024,1.3576674145425127,0
45.43700162548852,28.42994058773104,146.26529172487295,1.9587404380260587,0
60.971524955133084,63.14136922601606,211.6237723852789,4.08062786826977,0
72.34364292369233,77.05715945121932,1060.8208408323085,3.739808722485745,1
70.07040411560727,41.92708907919642,310.6495353069981,3.654258865927333,0
63.17953895881873,42.941799863697675,60.39808375436611,3.172400365867401,0
13.844759438199862,60.36281669002617,117.4896608681951,4.7640229278197035,0
40.05281251258499,27.782375479401615,86.88594991707075,0.6255807982474276,0
61.03744765560348,41.99307124275357,350.5701809550841,3.5833120906684846,0
58.130079797391865,33.65795214916354,140.38304722300234,3.8582036859765085,0
28.54233058023828,32.56090396304593,462.88612725365664,0.4414124929245822,0
33.61888334416718,36.25779247227317,126.6949408459982,0.3438530098557391,0
83.59431830434576,58.7570918667227,425.9926756586415,1.9617798024077988,0
40.67147083107024,36.72165895571155,265.04468470522875,0.1081966247258187,0
98.44488415060917,88.06930758842763,2992.1484475476714,46.59068017144106,1
98.89192338289061,83.55320309102709,1688.4672085637183,42.798058377753186,1
39.327465184554896,25.81503962401969,353.8955870632247,0.5235257843121077,0
70.40742469749898,51.52162890916988,90.26527234208783,1.023267648231635,0
94.85654225395123,65.70003260869433,1708.4231307947596,41.286514165621284,1
27.703784750984795,25.288534603447527,54.93364390919451,1.256870036452069,0
76.79938415963818,76.34652189861444,444.64497393829345,2.067456457468401,0
40.023462712974556,40.048184712570404,237.4843325537352,4.994130297571242,0
66.1722363145299,40.968447171957536,372.0376562301317,4.982444330884102,0
82.21077678055195,50.54680311125132,492.44719399418557,0.4016155284476669,0
22.467202153874403,47.089756347166656,226.45753474405473,0.4282519695770509,0
33.086436251958936,79.70956461200727,57.6020097821833,2.5925906630485644,0
61.6663976537568,66.03400364955337,270.77435974028276,2.520475573380137,0
20.41203794870576,38.69917499927894,399.5457221075328,3.283970023150159,0
69.87852553887643,25.353330083434315,455.39055248071065,1.2108606152363854,0
18.767353053127305,34.616887518931655,241.89971257143642,2.284081631031599,0
26.78632111169673,75.39716126083613,63.678836665186765,1.6895071288753156,0
48.72252612258965,48.61900355705923,458.6156943510747,3.018009601106188,0
33.770696632546105,71.61486865864788,448.35304289502767,0.8637769699536135,0
62.12133166768463,51.654777345521026,148.22126728402372,1.9754426117831643,0
10.484826834228292,75.74125314300807,285.8501935521298,1.9270155925900978,0
27.822815799429975,48.44947675274478,455.6299735531549,1.2878939124899969,0
27.428824229203588,75.19225604783256,376.1551855379459,3.307383844281435,0
21.54249285203303,46.16289787835527,269.1233209576617,0.3974587417634373,0
69.83602366439759,51.69066328538103,191.51448613992974,2.121883835069391,0
43.25350107843908,20.024092641520394,94.8933518171601,1.9338510430147882,0
61.70987268529493,39.183250960391256,378.8180979632988,4.2240283351800025,0
36.11916002674752,78.46635863830852,315.6345822900198,2.2658670594694117,0
36.78942504947837,46.31932288102247,135.85651946412742,0.32918871082151246,0
95.36160842777386,87.97403590535217,1270.0121917591134,35.32905269698122,1
20.15946525960181,53.88914977318377,404.1955096411432,3.4562020556830513,0
15.893387286626556,47.132906006103084,368.20427627497145,0.0864698788354129,0
54.798428374803386,33.028424242260314,162.9855608132054,0.8613240717789411,0
62.90956227126147,26.188805652701664,50.84273476362586,2.162822496342157,0
73.31592439646073,56.40317478693392,282.0812847683202,0.0699039591975592,0
47.73129630848773,20.077065531608085,390.4672703063585,0.5280852263086799,0
66.8697396946767,62.196803242535026,152.21708997662583,3.8925714742627866,0
16.840457728651778,78.49425636861409,320.46164486991046,1.0793319882974428,0
36.78408694753771,56.87246109327893,175.321401510824,1.2630973030088732,0
15.489694282633273,33.06198793143395,404.13056471556865,1.581669545942761,0
11.830058616740352,50.36839116167866,223.88700282376155,0.7585330775194921,0
53.72811707272691,42.54927314047646,345.3079519617614,1.1063499931294047,0
65.90796056382476,41.14886281660107,306.11370670442074,1.2001920938207489,0
21.022203219115724,64.49826911705725,387.50683065291287,1.3184912772553348,0
27.202433277825428,47.13940865805776,235.1058119966752,0.3548231664276774,0
16.342403357292838,68.61819794739995,435.2428995063727,4.411347582847506,0
70.5126054450448,71.80589466736308,451.956266244476,4.489155398007098,0
12.92344904958478,55.70278069542567,332.11232569125303,3.6811879835755894,0
74.8494191393605,43.88329044073626,148.63295554354926,1.6743814673976687,0
75.1106690783129,55.716610466243274,267.8958795919058,0.4659439298615642,0
87.19778710792849,61.77549449219,1570.1163853209866,11.234299149193578,1
72.06534216751558,30.265158011429723,195.04999031021313,2.5842926276865867,0
50.83617496001972,32.51911478950586,314.8896513722277,2.255956402769198,0
30.236554009616075,39.03555046141206,406.50005625976786,1.2358848450530306,0
43.20986024078031,73.00098206132624,191.4416954261115,1.2565647936272184,0
57.48635316955168,46.5239727870845,478.92989221841265,0.45708274557258843,0
66.85303157584124,23.080062279420655,433.5599571743683,2.2741488621932486,0
18.60766539019131,29.03665718411115,253.98488239094428,3.5935197475098652,0
71.72378537813256,56.51429559043846,132.1143489946532,2.159667116817383,0
79.30930394630468,91.79443570171289,2860.637950936065,42.70694537286534,1
48.33352288671254,53.61448782698315,428.7538441721699,4.864628552044498,0
17.039296361751717,71.2037440122165,350.5371000078562,0.9032186661234748,0
42.0614840567701,21.801213543040177,202.0342485628867,0.685055143442142,0
73.54487915601848,77.64963181599416,2162.3937311893874,18.57602394219039,1
32.146787053595745,73.64597216636955,400.596884302391,3.010247717746754,0
57.34806648189915,24.754976367795727,217.13761039695444,0.8861119165323483,0
61.753516630708724,37.7555809388173,464.2408540578324,4.254063332350611,0
43.0114370304701,75.35622542563746,94.87893755474707,2.0742398490491154,0
14.213205801057926,42.57870901729986,193.45926278774803,3.4109158307638903,0
61.35483794154094,38.61411702468229,408.33508368544864,3.314015431878679,0
61.75036681154993,30.300691702593014,82.11515625022102,2.869726611003347,0
34.509602939333305,71.4733511147744,56.15494299708986,0.9624038388521083,0
16.84650075896002,51.56564079509252,119.28835838472308,1.5500092639115266,0
60.09399991027203,48.91969506397203,465.414749472586,2.8693138698132508,0
73.77610008399216,60.16312542019215,53.530214558280434,4.594673715552487,0
52.598072298706036,48.597227378632425,413.83097296718483,4.8899989678064495,0
88.46465258027973,66.32314586573163,549.3624372460076,3.7809626561765466,1
76.06713704085644,56.845444278542104,290.7980510002715,3.6672074690532908,0
36.50660344770386,34.409095761320856,236.33087874819913,0.00126227245281052,0
59.51480325382985,44.298115242571306,480.02962090161026,0.25300693560902365,0
20.715697100455877,27.053434947256193,83.89464447533217,3.9121970474943746,0
81.15641513765773,86.99712111117141,2483.513341016009,12.373156340285966,1
55.38171389054038,67.28713639671314,242.65762281956376,4.220281663935678,0
21.584481041749285,29.749904928466485,320.0557729727734,1.8979682191121994,0
19.327629925038266,64.83347870531522,337.82752959442786,0.7838471866750113,0
77.3189044425569,84.13891334941387,2184.491219937393,16.911211044661776,1
68.51594864017252,25.983572231202075,144.38254727235466,2.5560703372958193,0
74.41607383293727,67.1434605252616,544.3129879937923,28.868012059493523,1
11.654961151171813,65.3040922478975,234.87942986640937,0.0688234666769999,0
62.12148395072858,22.603830714713652,385.8197275994923,4.90760507288147,0
23.712833490161284,44.481205477104865,116.57963244828682,3.1635756215049584,0
74.28844427490647,21.69148042683333,391.51937687660666,3.6326309680496145,0
41.45859954679852,73.52446106561723,83.90970330300131,1.3967816162037994,0
46.3392238893266,65.60209410819044,456.24922149404523,3.6553794086727427,0
71.41519528903537,45.28261647283129,281.3932285147788,4.942515349641031,0
60.736281214045334,65.1007860218854,130.93166678413962,2.229108910358396,0
41.11146267532489,58.33778131839708,312.1492266688973,3.9878277626726093,0
80.804450476496,78.73684135127971,482.1135463406469,1.957180101114278,0
39.94869368569811,74.41199464039016,326.1704818344026,4.13446616912795,0
73.93126627436297,65.89290620780935,2259.026032793343,44.87311218655044,1
17.152069095475266,42.56250746654939,54.31353806497755,4.301751674042783,0
13.118421988494532,52.21209307823613,86.19944009420041,4.357985754757805,0
82.48562982801087,81.97115885487837,2568.340631763077,35.57721223409926,1
41.368227721796416,75.66474398452443,300.22580083615765,3.8906283064326086,0
18.8163475112665,50.392999994512834,258.14072448306774,1.630748585596808,0
96.84043522998005,60.694000710500184,2360.612650942636,24.8303788487149,1
71.68167802512087,45.85898377083551,190.8255278067613,3.6062704871486977,0
82.37701829998845,38.22410277350596,137.94016398725705,3.78906015946058,0
21.715492651496646,74.08915106604495,132.13919795390325,4.0286791093820415,0
73.47603982574158,86.99211051474278,478.1484384137756,31.569145102066194,1
27.165659686262423,47.00571611545156,200.77212692231709,1.8480214880688228,0
81.69391217164895,38.577908600170744,317.12307172212536,0.1316935087427601,0
54.37728717297441,31.489376894487165,67.725573300359,1.4617371210757573,0
55.18370814749409,75.8484603406857,242.33680408446924,3.5891488807044563,0
51.24014220821539,63.22602213354668,199.47805678911067,3.5651963762931587,0
31.12120315792238,24.067783749686754,489.7153997601826,4.83527701614155,0
78.20721277644074,27.850541680929187,473.1567699515863,2.431043442599213,0
81.31476716878078,67.90721030307142,79.53259790108316,4.300083764547727,0
32.09645472596449,33.47494295923406,74.16373457271843,2.3408888144010014,0
79.70319918456893,28.65440126708621,247.75170048181414,3.807237910635606,0
42.9407950937288,38.32480991256508,116.7357806634862,2.7516824888097076,0
51.1314372245172,27.855875127606648,356.69075009381186,1.1858384064929823,0
77.89742492578866,32.66948224591562,292.1645435366545,0.36143116275158427,0
35.90064641836659,38.895993647535946,62.43339011378679,0.04547090151209632,0
22.321513245430694,75.54510158331833,180.47169214807005,3.7450402712423907,0
43.049866256822014,45.61431923817821,136.73457824556579,3.5920313884918,0
84.87606335447123,69.16389385798956,424.5016025767575,4.891118342906873,0
68.77397595558574,23.916605453987835,430.43864076534646,2.852764274749861,0
54.463013538108264,65.9457992628524,496.1784597253259,2.3102990094731513,0
74.65319882419851,72.48596375323962,117.22304604705256,3.5134951640861596,0
70.96757568475581,52.72567701270278,386.7783602943844,0.4373980287546403,0
32.67499370136203,62.476869602071346,52.739388939015505,0.5365933023700753,0
62.006659604223174,77.23524823080334,183.2695107187361,0.9507693145630525,0
67.70866705615353,31.817217812523282,252.26688433344262,1.6796064081195317,0
67.36624461565961,60.99053379438909,200.85043109610726,0.5823137444581605,0
88.23471316424164,88.7336631945519,2278.5511431661134,41.43878282384022,1
27.499961698699497,48.190726099020495,410.28064538576695,3.832025117842211,0
40.24079748878671,25.979835324606555,357.27676971300457,0.46547999271508544,0
22.144225497416027,66.24887129985927,417.7072769765652,0.7343725648441346,0
41.3250246862746,75.20682879935772,112.89724749207252,4.877409962238806,0
14.471299400849427,35.375295433344355,217.20789883229003,1.2091749747723273,0
67.70819345661675,77.42642576000308,315.5420297696035,2.7053546039930816,0
56.46920030948805,32.616570674111685,94.29689705044585,3.6716170410926234,0
25.758039468426386,73.95501841889389,83.02280749340385,1.1616189476596377,0
80.9842384862804,21.919667608659484,446.8944158447583,4.787457789354757,0
92.74415384527863,73.04524002645049,2152.4051035078587,35.57621979871169,1
88.24186855915333,96.07837866695948,664.6899620260218,3.125536688280175,1
82.60493590380692,66.27938859301099,195.7323338356302,4.172859784354736,0
24.643045221736905,72.73286875477113,51.57709858897622,1.2285254624233781,0
13.856936011318776,28.99455519482838,381.4955308484557,4.174870366824451,0
83.92378405829506,60.583902134600365,408.0118264440273,2.519645038621221,0
12.521020013746197,35.02897680498581,481.92547162949455,4.641226732190378,0
76.60886417005268,77.55412611942933,154.01315390443145,1.1195406577055715,0
43.033101273431804,40.379637228886565,104.51235823200567,1.1486732705926428,0
37.901356434458734,72.07877760385418,340.88078149960984,1.4565140435257518,0
78.19903015590866,60.001139113550785,301.1603711576968,3.208432539873999,0
10.824687149386035,40.494223221894075,356.0713460414954,2.7312398380144427,0
56.282945832149224,54.233684277476385,304.25799600774974,0.8510731744100242,0
37.073042270502015,24.332791120111278,441.6848728512351,4.68893815229395,0
46.58757389080094,55.622346977086075,391.5438981995672,2.951076178143035,0
32.3011755529413,71.19708791403212,68.90259533846536,3.4818792493528288,0
75.1467375966708,75.18755430676617,153.9348566972142,2.5051028600781255,0
25.701199250253275,74.66723008351745,180.83473965080327,4.212941897168338,0
82.7184852182245,94.02463517662633,2875.3517240623873,26.774520535575775,1
25.139008909221126,27.568259480969125,450.48464093600666,3.4134925238791842,0
44.55840760245443,55.860940131407546,143.48717285548565,1.0502646008965262,0
84.13157454726108,63.17350479592609,395.76424671167024,2.0032750088651587,0
16.526291372709156,77.02278508892559,386.02472075782794,3.0295447160664817,0
67.32650398273205,54.309726270961455,470.062756376401,2.856309142213097,0
32.354965087750315,50.84184916855217,144.80956266363563,3.0342985180147375,0
22.877043077908716,60.164723855218604,353.40645273268956,3.298522410735459,0
35.24532086454404,53.87564487741929,124.5870569248047,2.0453801728304777,0
37.1389819903854,23.214593576444475,495.440367817052,1.801992025597573,0
58.209630287973184,25.335771365301433,323.162894473046,0.8631363513461188,0
28.11254709946251,58.79726801945332,275.76634287935707,1.3323347060460133,0
35.41454870040637,58.36318528724588,222.31238329839832,3.7659385192408705,0
75.13509819234346,26.56894196413964,372.5589725147168,4.44998741290566,0
18.90318216318336,25.266374847406432,383.72397527450227,4.945510072696598,0
83.57405336220138,60.719605629613824,145.18788163853617,1.5077200664443269,0
45.660678642455025,34.95772100027668,217.00024869946463,3.455885722887115,0
80.19529361864197,73.080499097201,59.95997400115313,4.819044848104998,0
65.61745813501221,30.11087860755105,64.69476556739117,4.351208291235009,0
97.94617990472597,70.62942640740417,715.9641430724425,36.15075519013116,1
29.32054152502914,32.91462923005722,325.83980371521216,3.6651589047294935,0
80.0824779065081,69.14643957066127,344.04436587846294,0.7427257575499047,0
82.65396457853592,93.5632137639221,1086.4465279044027,35.68899239353892,1
14.69899025915159,68.35435055200648,198.11151750023615,3.9848738944790654,0
65.46019249290455,73.72476267165314,283.5912786528777,1.3555588096771483,0
82.52764564421096,66.92010953563648,458.65942545228387,2.396761446079166,0
29.521514317450226,53.59343191074713,316.9719918445965,0.9419649120178691,0
71.54083219098145,72.95851903111526,1138.4298372234155,46.695782437275945,1
81.06250643516861,95.40679481557757,624.6797884137573,3.12825099211174,1
11.359303078429729,21.319191322359416,372.5978790187748,4.697168114480937,0
11.74539518018694,40.52416607945332,280.88124028854713,3.6016213866320075,0
27.471960606522533,26.347791216367938,68.12517323092455,4.610998619178426,0
57.732268715772754,63.473474549529094,348.9549311591215,2.513246673111411,0
24.698714681435888,36.605247917078515,398.83584618225757,3.3535976285352405,0
61.816298241311706,42.91880272777676,100.49061504453928,3.306749200415315,0
31.428067574566775,34.992047915475766,357.67881207974256,0.8555566666871484,0
71.69607388852589,29.290483678847295,413.7641105795675,4.514594866165269,0
67.81913834830391,52.64756011778606,126.95488448820278,1.513867961783462,0
17.808223703812473,71.26397079954081,182.44478490405615,2.183612790778333,0
36.90366440627601,63.71690940756661,231.8090462882661,4.192413452829121,0
70.76208174697769,24.484754218178928,273.21345241409495,3.689740041416602,0
62.290703643222756,23.79576030924049,432.2400212547005,2.657337479787065,0
17.379673728504798,38.988127043689914,97.40025241023395,0.35334095154039236,0
59.254711354120595,36.24047635791736,256.81415264574974,4.295388472251713,0
25.10228366019808,22.0578740781987,199.12736252418682,2.730456626481963,0
47.70402925693594,79.49746057767369,286.9890185863389,3.3337803065368865,0
67.27692020127404,45.154954959137946,346.8185721764667,3.6521814717684564,0
15.771490122190688,58.35210976339759,409.4473231015828,3.7515621918985986,0
19.990744310247152,62.12583130276946,302.8541463506419,4.596492191888372,0
65.55764633156534,50.756914646191994,68.8877268095777,1.4897871447917954,0
71.67664804759225,85.15430822007252,2806.8653614669233,34.51997407734294,1
73.27372480388678,21.849477121962217,453.7772024609848,2.836699647844678,0
75.9459667117755,61.88446030871893,444.0440244535637,3.369492689303601,0
78.91949002296658,21.164074737092925,303.56171321578336,3.5311408497898684,0
68.73988099739694,75.84997185054846,88.10426985921046,1.5354120654167058,0
28.523409930399986,31.20635169386776,86.01465639467149,3.3927101489537947,0
54.06894033320514,26.330818784072065,365.8380920708971,4.558872735120715,0
79.80679942026735,42.32261406873244,385.4763884087477,2.1374693599716013,0
16.45241177747074,67.51439230533421,466.7033379214628,2.1098469030437084,0
49.670285052040896,77.01675341668442,110.02155648698427,2.62815957299752,0
73.45931578976737,68.82974789557059,400.5016902961573,4.481822810405483,0
36.21297790651141,70.16711693270256,294.5947615922489,4.163615488985732,0
23.39084965407502,49.15313637137679,362.5438883167733,1.0222566311626502,0
46.9648438335585,38.37435471370402,357.24061613008394,3.512740402768885,0
37.19198474193209,79.56823869116087,161.22863506753293,1.3928135672486774,0
58.82301003632156,73.97674936233891,105.74625438300285,3.5988070650966604,0
20.982719245211207,39.32483451897595,318.5324882509586,3.2254225176491484,0
35.1707840702382,27.738734475629915,420.72823182703723,2.169040182591634,0
50.81489968777766,55.78847465263714,295.35607324650846,1.2384343922330066,0
71.34752680892967,49.33705558630712,290.2804461207203,4.1711921482032,0
39.887855079803,77.64477816628133,457.28515750751654,3.5991515587497687,0
23.307157710228015,77.46599949057335,414.09644757037074,1.3427705310483973,0
34.338385013150656,46.839945599971266,123.91864867428077,4.708474157508297,0
48.334685442792235,60.215238562661554,253.02380165941815,1.9580094046077772,0
99.16548904561122,95.53187651935269,2149.9662638141776,9.608968773467343,1
70.3680082631079,30.246095600200213,279.0509825915322,0.7193287140342192,0
61.68157403111722,52.82765855413403,222.9840189118332,0.02186839550489761,0
82.88365620407205,75.95400252235765,299.0433025236773,4.096593811734824,0
21.76095289876043,60.290708436862246,339.43037759145307,3.4949070130537723,0
55.88896710417846,60.01564684752084,129.66948253777883,1.3619228963164476,0
76.74350322721469,33.20658980114981,232.70564128469863,0.5885909954131369,0
63.02323655917871,40.187021109050605,439.8051302865151,2.1084082342644717,0
20.506301142739304,53.461321471127164,351.0860075880275,2.869120345944701,0
28.92339453022653,27.649983600319143,269.83325926887176,0.7938814314363113,0
73.68967386739894,24.3739071122993,444.61351934188116,0.30568815006111805,0
64.89954563585539,71.27284359213081,129.269260626287,2.8133339032816655,0
27.96326274321536,46.04293210869084,496.4173132003676,4.767134917004066,0
97.17316287356579,93.1966864116717,2154.250021122655,47.95172224235322,1
81.5924446644108,51.3130677156487,240.05834271533053,4.956896092241478,0
53.630248556589,40.1699203147748,141.74891395723574,2.248889707828516,0
46.255557697986,45.25379172555356,227.0459702465871,2.270380721561709,0
31.61383944696471,53.41066478807375,72.39523846485899,3.157495533367488,0
41.13592404945593,40.766434446943705,461.3939553563653,4.889235436640284,0
64.44849324889717,77.47876119493344,333.3526933369493,3.3344763543517115,0
86.43743331029947,72.57055145854065,1940.0576544871074,6.5396792024851,1
13.835153608157555,54.4095058334586,137.58334124145108,1.3485850204126941,0
13.768225736723661,22.136729016370488,324.0071874635171,2.0071908099943245,0
18.654598163418804,78.71035801596139,248.61203540852964,0.33614317785405246,0
84.51070078794356,90.00365565224354,2237.8652415874267,31.379409291508768,1
87.83795361846934,72.25653383061598,1951.3682834362403,43.57538984796355,1
94.41748319698253,90.50560831765489,1137.9811148870144,8.71576940298845,1
45.38048781388293,37.47339911469656,302.8090336979621,0.6184591603368961,0
56.966524122356155,56.40297211820023,397.9868180514689,2.20109486485501,0
22.67012973041234,36.08859377671525,137.1651317535659,1.706546202449467,0
51.973651261518555,65.73125067164493,484.60618854813544,4.040551733071717,0
44.32747038694705,55.50847445979956,462.67051556951424,4.974249035308963,0
79.59507769875901,90.03476609912094,2225.5556601007643,48.91967020119503,1
61.932711349327725,47.237529982871585,262.76200885072615,1.8995477241206016,0
68.86727328336006,60.38048997732062,157.8244244126924,1.8258167783901436,0
13.12546754517882,48.043240126875524,261.6120435469893,1.6798182427682606,0
47.49692439735913,76.03152774714437,270.1988742309062,2.706506581281609,0
79.6605970515914,66.97605036439202,354.531514405949,2.1851203804933643,0
43.19091361110592,67.70437287086983,158.65890268964722,1.594628577159447,0
34.399774807244825,40.82014012473199,192.52270491134723,2.191904485704658,0
64.7666288317937,75.64198456769321,292.74545996957124,0.8228143830991019,0
64.91686648071709,56.78697434415449,191.6535306726311,0.14646852502685326,0
58.647921757661166,39.79849371741659,176.17738036565774,2.496977995855328,0
61.00839140852295,59.64364358654909,51.84565269357518,2.2529856455179993,0
94.38190148294757,85.89170359142602,815.8417134406141,43.73879099443588,1
66.20270774837178,34.04169051841247,224.77693117274913,2.5106404789281243,0
22.060603856312397,30.83945247867819,333.2097241830223,0.4425952628153379,0
46.946882821814434,33.047175933034154,256.6216086691601,2.3853337478363623,0
60.45272456566735,63.21607543684374,488.44293674198633,3.228453342247692,0
92.14125415042619,97.09155216562237,1481.8160453251958,42.41233707970683,1
35.56026551897634,63.08085068762009,73.04285713564808,4.601355988007693,0
19.112603222568854,44.97709571266128,456.3504883181733,4.031976466674915,0
17.602967316486936,26.556766722089595,94.4898523052066,1.2654220161071343,0
36.83605630851616,74.99858616163496,224.5302948586311,0.33578891191410665,0
67.45869495966897,23.672999488614323,241.7681968028257,3.8954762790649795,0
80.26223044935685,32.05468038113135,475.9537293404347,0.026062592384624717,0
70.49987897701124,32.55726569180719,205.19320266194438,0.2532266322186316,0
67.81841528093665,21.018147758927988,316.4855811931482,4.350715027758686,0
78.96482684920373,47.339649293185516,345.47987726290813,1.1693387181868813,0
34.32503148365317,22.180444898974546,486.41935335846813,0.23806189213744056,0
20.28322792967493,44.473654206811425,101.43107862658545,0.9148669170743473,0
79.47378149007467,75.7884532254238,1412.8672263859514,39.451547407971596,1
68.78036883064273,28.010933081169174,462.7864154588228,4.332243903171321,0
43.73384866159919,76.62644722068896,330.54430704951244,2.5020974791754087,0
75.83725586140307,24.465705106310942,481.0186957159666,1.6079197018123255,0
50.4506681436738,36.915101335835104,389.4270498658472,2.9848198285822143,0
41.01618261440136,24.524730559567296,226.831462986507,2.0467148191447233,0
34.975143479364846,26.110835908542963,61.251850782766454,2.8628272694884442,0
55.27279004195313,40.178763650297334,173.55771305581848,4.445432916634328,0
78.52448934670132,98.27500249434833,544.4037244628757,38.35612254426982,1
19.225247134280924,49.594849581559146,423.7624963015031,3.6354636461211802,0
47.543448807312345,72.3322717399337,174.50147398058687,3.3710508019382384,0
33.81900964458375,74.24209918727355,224.79224955253565,2.5352382952383907,0
42.51870944744608,55.08540850023828,257.7466313426369,0.08092334465945594,0
80.77830747293679,65.41282842168782,1954.8257798500986,31.571493841965943,1
60.80785534212208,78.82824786698427,181.4795615219202,2.489950638773843,0
75.57163556502903,61.13441712497,2585.6027360685393,11.811528549100242,1
56.14735188023515,23.94979060178923,410.92815168986135,1.4535242795219105,0
18.01005280017727,35.17129872575353,255.02114187574796,0.5785664978448479,0
64.16894262947997,28.765793932479212,387.0129382153338,3.2137095020071254,0
25.565570215427762,56.25557095921551,359.72810166560356,4.164345208989947,0
76.84224818325372,89.33590592206592,1517.212410938425,33.30074576250255,1
82.66583914642686,70.53162385238687,197.19117770073737,0.28104778933111085,0
28.02991846701302,61.87942828986755,234.84969028593076,4.96075717615024,0
18.727479841410705,29.118810948443073,359.65124431747495,3.591801094571908,0
61.19053590753678,39.817650528088045,282.25606289111903,1.44879801014328,0
42.40141956958795,36.282883704775074,291.80067117938495,2.32619657589968,0
84.24701742924589,35.94113389197581,315.1452755536792,2.162416879363299,0
70.79149980863747,66.06587706286027,294.8900009511325,1.8716278230642691,0
94.72448215599674,71.39505897730267,643.3784351180689,38.30004010722429,1
10.803647327151921,37.882551367481355,392.5721433314121,2.0510250264176615,0
46.86959100560777,59.8094207077226,219.57600245727454,0.43725078251376837,0
32.22682101349663,65.8169179376994,452.6004309413061,2.5603922696883954,0
82.44063128948295,86.23883766917518,2068.43607226747,23.209649381142416,1
51.437572555591686,63.49476479746637,224.44695525145957,1.1465947515382697,0
12.545948393934914,25.36838736862323,478.85727921819927,4.841491573300846,0
30.998432024521314,74.70710674290629,82.04302289355465,0.5895315591014211,0
15.383185466988477,45.04689703378775,143.83739313463448,3.261596007767755,0
32.81490397272107,43.68651900630097,403.8392987196259,2.8928002759955995,0
13.156989222727141,30.131557362022118,215.71825544236094,4.823427782234209,0
14.001099774167328,67.13999611666736,134.7776453302215,2.2497978818430475,0
20.439752600927164,79.9342819857846,117.35305906262049,2.6376296183729933,0
17.869763381363114,59.163687426633444,185.01371626797348,0.8581750870768651,0
36.42812099572408,57.75315158049752,296.2568425456776,2.9454733790829053,0
76.248567581927,83.97121866683325,1274.861185351127,23.63773787021761,1
83.8625381387469,98.15526907906676,2466.328797251273,5.183689429429752,1
15.062691001286645,40.78815722472003,335.49797352575854,3.68512952895177,0
28.237914324959057,47.067804187870486,85.9521595061124,4.669335199256599,0
52.46355184188032,22.877463946219258,256.74743597827035,4.547757953875506,0
68.09901483858863,67.98151172016748,101.6538253972756,4.83627311262476,0
69.7330421142608,44.56069525294356,253.40372959418653,4.133185738855028,0
78.1675544529391,66.86172366665222,2545.1976580902597,49.236820324738396,1
29.878482124375303,20.76929897063635,137.26751912630618,4.529302818962636,0
17.713194411810754,47.85990468770917,446.1310683560436,0.9414017444866102,0
61.2902593681774,68.2330825241152,83.90485290791784,3.7383588504007896,0
84.65781371434825,51.915978653167485,467.2691915931438,1.126969471584149,0
36.60784688769881,49.35936484850728,347.86297857106683,1.2834927323228262,0
53.498784057109845,39.23379346165547,360.42857754618393,3.1087969304769865,0
18.99647062982274,29.494444508915763,445.67268853230917,2.078007334323339,0
78.88198241090565,24.034438043122197,254.75496453813076,4.832096584022993,0
36.29406691049478,75.8403353337439,70.96097393894371,1.3360363837828455,0
91.8337446607869,79.13054274399346,840.1313095148072,31.63420271188035,1
22.74107545380515,68.1845385402647,279.4516590788923,1.8191635513419269,0
81.67386236723151,26.818762321803163,142.16068622262512,3.397759311425925,0
11.505339833329478,54.36621660121675,307.34136021727943,2.302545799540894,0
46.92083923360261,74.73245427495092,244.88352731505432,2.1011631640073003,0
46.72330570240245,24.252302039292417,332.72575657934607,2.112666774424884,0
14.323568664926867,59.049677029359685,362.7343709683875,1.60589629483732,0
44.468804291021726,69.69276547319565,281.6453183339493,4.671650041084722,0
58.70341151774668,22.00627913366586,319.83806483103484,2.1006403949780905,0
76.57781370687248,34.49607658614578,427.3957195216057,0.3446635106204454,0
35.59333373182905,40.71079029773783,159.86156936310786,4.817750690815274,0
51.02840092116833,27.131154708574233,365.7197074548186,1.593519495141088,0
11.96475313990486,48.24898516195389,388.3095250334188,2.3671893391913725,0
63.493359041724624,23.164637129733045,122.63764445940828,3.197342197460519,0
30.069450754597863,76.25302024444031,377.9699810417355,2.53501495248086,0
24.749018871471904,30.208564410629474,216.86188889518138,0.649774520384605,0
55.14111922272416,25.34058409376053,410.544455109633,0.1449346504687904,0
20.48292824697171,31.83097891808398,217.61102251044875,2.396626388857577,0
18.953575850364757,73.85053010650124,130.00925235436193,0.23406978617113772,0
12.920351251574921,20.691560843179115,360.49603835943776,3.4329046401064387,0
12.187732273394836,25.703392209953865,99.83682852372907,3.2664512237974175,0
43.77632341790595,38.86604634868432,226.26264897987775,3.484961657992192,0
69.44463372162875,22.269208193122118,301.4255336956486,4.857385351351369,0
74.97489928118482,62.93748165923761,1139.042842149606,38.097244478221334,1
10.523669641026109,65.96155397115778,436.74016588758695,4.399099883527261,0
50.461846928150294,55.61451526485788,308.49281735141506,0.5479893516756351,0
81.54464327519405,45.244193754117006,146.3032009282434,2.7177011886528546,0
63.01430078857128,78.34768340167413,492.3252147290995,4.65894271525587,0
15.339148634517173,49.050381929804445,498.88118554785314,0.20259762719834984,0
69.36686519435275,21.586814155860047,434.30698870495667,3.597384465882323,0
77.9765788821052,44.66866018879922,456.30545502351697,2.5043497669108277,0
58.42019327938087,33.267395773340894,148.85360509761836,1.1293109081108517,0
47.21940646617711,73.70600174397467,156.9295479021892,0.7408886516473684,0
64.52925712115426,36.49373949542526,241.7450692913871,4.2121540107522355,0
29.258242579038097,79.91364839513773,390.41495547818556,3.159664814257223,0
23.147720676824473,69.101638483713,102.00051447635246,2.416591107761267,0
76.26673102730214,73.46307693257796,2983.9510832739065,32.63429830505791,1
78.02814703112664,47.902119483840366,450.0933092223078,0.4904718312049072,0
56.19890876951343,68.40246846470369,80.16263556688523,0.34390328848829477,0
13.40847852560934,33.50966145295591,54.4818835419365,4.267751139791583,0
45.88683025803919,24.565083605930436,339.2227196355011,3.811003864630412,0
78.03962730293723,49.18430213217069,155.027953277783,3.5855974276614617,0
40.88241561883814,34.81792474802375,246.68513724086378,4.6647251766207205,0
49.188263581419136,22.64873372524733,438.74004019469373,2.3732407889090243,0
70.62011584122087,51.2959707794673,308.96387504886417,4.667811558013666,0
25.302672597167415,43.01404346043753,274.64517658997,4.150326860978897,0
81.30795307985035,23.379996667954387,235.35386526295005,2.442568199978765,0
30.305850485766534,34.20322855122998,329.97511587812346,0.17543805608149998,0
79.71172692960725,76.72967305178379,1228.7540353649617,27.23516776783678,1
99.0857968191966,82.78625416363894,1738.2298617963747,25.96331381382712,1
51.21466617428017,54.5926993970684,428.2023117374625,2.8259876058887556,0
30.64293857777562,36.49875151841841,394.4083972638442,3.4258060030709307,0
11.989915290536478,52.57642666935966,314.9417586042543,1.163898422187395,0
49.93780498119864,75.28746417299183,377.97536620503655,0.8609426377788137,0
69.95619092267344,20.796872207514806,347.23958694641874,3.0425617126267337,0
62.774339453501774,54.2512361767257,237.6719277444054,1.341891826385739,0
46.11417636344125,30.438643971308217,373.0405330090686,2.0588227511318866,0
61.6301797320802,54.011505997645685,67.00233562906782,4.900002077996657,0
23.884969662896474,58.89541724466932,289.86375266971504,0.022008045018931388,0
70.88550387631648,64.95302990545389,392.37396350875275,0.8385138799486347,0
33.85026062288979,23.373457691058334,450.8000041513582,2.5676103845624176,0
69.90874268302491,43.65142967599448,411.0299673636594,3.7876349706642225,0
20.037127224976985,36.864433126706786,300.9475614300874,3.88299241098344,0
23.6076576317348,27.762837018002053,405.4406483208843,1.32465443111203,0
56.773658371769955,30.18550989242815,488.27100834699235,4.989546608951431,0
31.313822178379656,58.18236234257544,200.861526065149,2.4920377135660243,0
48.55715819134448,58.28019411297489,464.8304747965032,4.10324090024691,0
82.5134124849464,22.957979744550197,102.44507449938467,4.6040329350390605,0
93.374117703928,97.31621547222194,1251.3353119356254,28.947604725218646,1
81.83423507411528,68.60840544472768,127.69544112457952,2.3980687708204167,0
20.245067773837945,58.56812300972495,426.1658328625161,2.5308504282760125,0
41.47954876945917,26.348301491390853,236.0737116785173,0.22863307381136344,0
31.55571973491848,54.67262488645454,388.93986586140323,2.841805912178873,0
79.88152895746123,22.435142728081704,459.6849903101523,4.14712702093166,0
81.2517683233932,79.92809970939669,1095.0336104361163,11.569451840088348,1
56.70171557123481,45.59551406326361,104.92419518659219,4.055542571714124,0
15.03073580413206,29.750663917847376,275.4361858364907,0.8843160604695782,0
19.07687503638948,59.25414679671908,406.95335522299496,0.9993014863709943,0
26.536572956106195,70.12916933859776,492.4659249327064,3.6848979786057585,0
28.982615438470656,73.05471043573725,230.59644977355077,0.5552319364594915,0
83.27552158292076,24.982325468611187,123.85149781810564,0.17751684359316178,0
83.58384309009519,30.77955734179472,152.20686451633952,3.5884615527066615,0
57.42934932462906,30.787868809704523,188.789489972906,4.0506331750597955,0
70.52241181629952,34.936611487812364,130.33980704287166,1.4282933479144138,0
41.691132123395846,51.10397759798391,108.70406922981238,2.0925819332634195,0
31.078731262516687,39.53020028756812,301.33226892237127,2.529165898283012,0
53.23873566356902,36.87707381318205,59.125988195338984,4.387991865807095,0
16.684332408701245,36.060106231657855,171.30276196360677,2.4917594565523027,0
38.84583069840761,50.69217165408751,496.806570904669,4.400383544419222,0
69.64504838949176,25.8566022865395,255.08111630381813,3.6151721542539783,0
17.90510330473467,22.851065432426623,115.65016091747927,2.382228681469143,0
69.46408142753795,55.54897963409579,133.92995562682688,4.668287727041358,0
47.13826825834526,55.503018133544025,113.346705997046,0.10097461542166453,0
54.92834403627862,76.91924485417944,137.44685924319845,4.345914319902552,0
49.57758318147249,20.58965315418727,371.26156283763544,2.5428896093435753,0
23.15284589675872,67.40499499828627,150.53564521833127,1.6733250499227244,0
25.802872290040238,55.12252536745738,55.696022817872986,3.6111662809359704,0
69.871989790689,21.0819205895138,231.91822177931888,1.1053293252360836,0
56.52321635150985,58.34647081968238,487.0838571379664,4.538626715646713,0
65.09562255329013,25.311338912883706,448.37727309360514,4.021467318885571,0
78.95439799108131,40.80312567415467,333.3385554046058,4.345235512384084,0
18.402917662603926,54.7875706299773,443.76553906036634,1.5255459510604108,0
15.070356210428736,64.88970794172177,106.42049784868445,2.3389488523627078,0
30.055152089315598,20.891367350450228,320.6192951494222,3.755958182256929,0
45.510382808542424,76.90217316733515,304.5401970731549,1.9683170702782038,0
33.54750380330146,59.824061641636305,170.30512047148403,4.949615712103642,0
21.485837506296715,53.49390501677966,253.726441983473,4.477808651634388,0
15.481117152026124,76.21120580546092,420.70892694576537,2.2411942327769823,0
83.29599494248355,26.447192986513194,179.9732434638239,3.530204919790841,0
77.39204535061295,53.243503007612645,302.1215340186378,4.502026592825336,0
32.79598009305428,66.27348891742422,236.03745882825893,1.5263215080371795,0
68.49066593932179,36.96592742360592,155.38749152756583,2.7147496897405636,0
23.960192331501094,22.68610332130921,142.36588838132155,2.0961847074868007,0
15.29265605503224,51.9994128715763,245.97726235396667,1.9066790856114213,0
10.732813556438774,62.816441975808296,53.706308716382054,2.3189372787767653,0
21.795490613478652,32.57115345875192,361.80911820563637,3.802661010522182,0
17.606562133691238,31.21443778700709,81.26599319758935,2.7259541454514826,0
16.04511353178435,38.192491625580494,315.172292556689,0.03770546357999338,0
17.518417279215747,38.207192986976374,157.42796536001526,2.179672454455641,0
67.0755942621544,42.9841621835904,136.55442041375966,3.9410255553581566,0
46.22266540640164,70.09740650312702,98.22051361711554,4.253653422930187,0
59.978906018365485,22.630811149797793,146.89873738792917,2.2888967563281994,0
94.19908365175779,74.4925988727334,1668.2461086641765,44.68842461998349,1
64.21107274063628,42.983528385260215,92.99129343630672,2.866618565515116,0
75.53535986796135,79.05030980774748,1599.0897714491339,9.117688912250431,1
11.24408716958921,53.92495638515228,112.96353975214734,0.5427767888632423,0
46.440381938974426,23.999589789398364,306.67374480930204,2.7722761393331963,0
75.80956469727853,79.34751914652401,287.9623481705449,1.7046794015709783,0
12.712028539357158,25.32639601737396,211.6370310751317,0.1524163015569402,0
76.95037833077312,57.3772426510029,235.30191236859858,0.6531198343464589,0
14.520054271717065,33.539874983123305,358.63452158067133,0.8885223059840702,0
29.578639467613606,49.74302060469653,88.10141642388024,4.608776225134465,0
73.35874210876658,64.43057127309912,241.64085239741468,1.0018015200172514,0
19.603437921832935,75.71333197364817,411.2041156368291,0.5560828750110769,0
25.903362993117,62.78085751170445,304.165751488782,1.6805482311030189,0
91.68222303314865,77.7566940621464,2292.994968061952,14.06309532680547,1
69.71810879060264,68.76158260254695,165.83505358851744,0.06084172691016576,0
50.92719766097694,55.285174751281865,276.44210153373376,2.6104190458113825,0
78.4781100167392,25.667745548065213,212.36307181058805,1.4573351204866851,0
41.95625379177786,40.67579574361831,263.8523601507831,3.1917715244273888,0
82.38390223270342,29.414157448767206,214.27056206425107,3.4163830521119487,0
37.58373495394399,56.997318689916504,299.0888984107325,2.2075934825543255,0
84.38574635120226,50.59910475880983,229.08077478309616,1.1504539602001977,0
54.47049511312774,36.18454795242602,306.28034120498955,4.127072187869054,0
34.39679637713108,62.939759124338686,450.04623735034954,2.2887468369109962,0
53.782958538558375,55.11565253059079,75.47673791062553,2.330955181644692,0
15.134403950018354,37.272770200090676,79.92085782864494,4.479545693657454,0
19.01554218404322,53.250875326927925,131.43787879010102,3.6787022494672463,0
51.29975345806386,23.869440827350775,444.1485746151281,4.880475895557443,0
78.94060232902939,73.60754325002696,244.71721158194745,4.750841703815468,0
63.03148579500236,59.827497436486645,161.91822018491052,3.0853826500311317,0
59.64767085954014,64.61265617823767,328.6435662634204,4.730981419742827,0
36.884929640820445,49.00988510640823,75.57825682057481,0.384247309306171,0
26.013352473300394,24.974874883668868,229.11942834684308,4.505656196430859,0
81.44827653948175,81.83767712243038,316.25950899469717,29.296905771554417,1
22.431233486511694,68.19827441108201,465.993541302918,0.06566686854966863,0
72.52330078563793,57.32176875512055,233.72004826689164,2.144618538700797,0
10.689778871247224,42.632106947458325,142.33227502782233,2.0060741385566443,0
72.73316443524023,76.69684524929028,355.1326305448625,2.243703754237531,0
77.96909353907775,69.87474830539655,159.04841515418255,4.445374583733598,0
20.647899232074543,51.0994353823894,56.1469475458814,4.157726656713983,0
50.76536630069845,32.31122857428842,413.80713026471676,2.630914050524302,0
33.45834919077655,66.52457087554967,84.9496378002591,1.086393893835682,0
71.59429785040096,74.73249420689154,318.8071854400339,1.252507123479698,0
61.57915318229205,67.21854796287205,241.388667635519,4.663085085851669,0
48.62000124349446,72.27661928726943,242.10593929527673,1.8403485260864938,0
12.600452816954979,37.19963487722138,423.9879833104678,3.7767100771706694,0
44.34968192526786,64.894328370854,458.2028386310596,4.192888331857124,0
84.75226403897327,25.38205514089075,385.30973682428,0.2386689483937804,0
81.21404677432317,27.70099559688169,455.4335732174437,2.877885628492101,0
60.34531189218494,40.89383838244212,238.547158389604,4.657659007047895,0
76.62110561652717,81.51422270782388,1402.365485702632,39.59323434435515,1
79.18745358829717,29.82373747275026,93.62812668202162,0.6111709642726304,0
71.30826713038306,46.81245171202633,263.2137957320624,4.66977065897619,0
28.816978426832687,46.94740483581505,461.6130845845466,3.2486642437869535,0
25.448502690772123,69.81063457997524,142.35526705113912,1.2175313036929736,0
53.778519079852295,46.47378014550301,251.32092018713033,1.1951797157490307,0
22.43309051224568,75.79222893763274,342.66450222295055,1.0189691764996085,0
20.462039548903135,46.12377940398508,62.83401117739171,4.160310483770754,0
63.90385849466518,20.560697209174652,450.9727776187406,2.0677026137174437,0
41.90773289623126,29.40562571909836,80.75676715168763,3.41114633788292,0
53.007841609246455,23.099441426878464,179.8998362039572,1.5368635960202242,0
40.847797904967344,36.353464928924026,418.7471368069707,0.5213887891577312,0
69.14479084183981,38.6222533464872,369.4529450216541,0.08029411340056858,0
53.1295430094111,50.61277498868732,380.2387927972919,3.7602216844131355,0
61.31747698841177,63.65786826198132,303.22019450399125,4.34425375900582,0
61.19629159175518,63.84074069170341,394.2785441145038,2.7950544629842087,0
70.0756528510846,93.99782442857443,2121.0454652998087,25.11214880052643,1
43.842950813574106,58.24427673567101,296.5418647867489,1.8698512963866631,0
39.949943514941694,42.794031339362235,424.0125339959222,1.1032297233947852,0
71.57357629743557,78.42152809101194,232.48451984159118,1.0339818317880323,0
54.76830179099921,63.11622444141174,283.88411889677025,0.7092491095962106,0
51.63137119767147,49.504276581139365,201.63415453107342,3.520611771162173,0
82.83631805262144,75.98679327011918,364.5432986785185,3.879485411945922,0
83.86308992217509,29.992310809836198,339.96456522165533,0.5673025076238453,0
82.42240248059196,29.975319820982037,346.66004167289236,3.0454082751050677,0
74.6027497272577,74.50460643611417,446.3368596833852,3.49410290622141,0
54.94744652547915,50.999855590632464,386.8515435518045,0.8277658988734693,0
13.613950929497218,29.883064816578855,205.42849792861824,4.791492415356503,0
50.37489574417851,42.43632281622648,91.23719232907753,1.5234817004314472,0
66.83845828482768,38.987427852464975,310.9828912408,4.686310223889202,0
30.906990431091476,56.76106068047643,316.25096926707675,2.77421095185804,0
34.587864913752554,27.35114855222563,401.34795569923523,1.6910825859125278,0
88.40794206308234,78.98634768955944,2190.3498186310726,3.466390736665132,1
84.57477270142861,61.04149170152431,242.34398202209644,2.2667676895709765,0
59.877750590969164,29.579980962029044,397.19590579056984,0.5790244467370387,0
44.91985135993451,79.0226949925491,242.54128168384602,3.4807296246927057,0
12.741225088607116,28.63256932338681,368.9278609572048,4.254531610754999,0
98.37215265968358,80.98578048344064,510.4651874634807,19.0586798777103,1
12.76652105158996,72.79026487648807,400.9184040304146,4.9972953359320105,0
50.766464583549144,78.7973268414967,440.4863255367788,0.3030517855890674,0
15.760228623581614,27.460719046544643,441.25660244204937,3.9136742067851387,0
83.2880638165988,52.28726060238879,110.02965582987024,2.4074683927469716,0
62.10223531408201,52.52091790878357,326.58926852069874,1.9674027529431308,0
95.87024835891629,73.33337156018848,2327.1280764258017,18.581801478480358,1
28.52208752439194,79.18293029773353,352.39454213104676,3.0418429534811793,0
79.82965089764929,71.31781932475575,1220.8191650135645,4.48329880588268,1
47.0159935255089,38.19686156392672,208.04883380040636,3.885764541147368,0
77.17674581999624,68.77570432363623,58.68698752303999,1.150363105518517,0
66.90364908729406,49.18232604950886,189.50736011983201,1.0404360742505514,0
81.28996157158068,76.5380562740724,449.11957834272744,4.726481224686923,0
21.34351215512009,46.91795549706405,432.991347004465,0.7051239430016787,0
71.30872813683936,27.819079285477457,59.52371629191722,1.7427332580168882,0
71.63732099390194,23.10114079466791,442.686509461039,0.7787346592672212,0
22.431113272391553,40.99372781884392,247.44299929323338,0.8608382273222548,0
92.97412264092662,78.80124475659869,888.5954218487734,19.70514093387362,1
18.29526991548706,21.978616620955606,317.1537834790558,1.8684858486811151,0
83.96580583597022,57.90334509959504,65.77922705842342,4.281220208458102,0
73.48857540177085,66.87743884434153,390.9459274713376,4.773887762126077,0
54.15486415984899,55.956651069415514,151.82131314129583,4.252533021890976,0
17.641929104951014,46.90447046095598,342.1592297770868,1.8473936181686663,0
16.98270758544244,39.93035132370395,333.6804167161998,4.895766198757443,0
75.32268428095642,46.587640719374875,73.00923714801374,2.9553103902449465,0
37.8279072238452,78.80032779180902,115.2043966883057,0.08018200015322885,0
83.98864365947348,26.339020726935843,71.58540136076414,0.5481249316500114,0
70.19824823467829,52.19645055582646,51.685292620078165,1.7745892018235359,0
79.68585379087655,38.93921761893944,307.95033090030967,3.621784674149178,0
77.37898499380262,40.33819557036928,363.7129162756024,4.1107243978518655,0
62.91813793867664,47.29741278366423,443.7396763808529,1.0394293595968773,0
70.89596759784126,21.297619547707626,337.42553396765265,1.1361034704995525,0
45.17805606386155,53.945093853474944,140.11976962309825,3.826216614303792,0
23.281169154796736,51.04766056305747,138.77973892268082,3.4068278779027983,0
38.91339285526917,32.64239990449437,267.5094363765045,2.0308600645574297,0
64.15532036520528,30.365439096865238,495.13287396474317,2.441049891382459,0
23.86408416441453,51.15876155853819,493.3432966599922,2.478306720175442,0
81.03180003313894,45.22012335172994,330.9509869480425,2.149228718531751,0
18.887696769861368,32.37216295410673,217.98724555529935,0.04976812856682167,0
84.68008390384922,36.31164360355494,452.5345595974707,4.12237523122251,0
80.73665592177068,87.35342460757197,2088.251915993742,49.98384652094792,1
25.742919482168933,71.09488400103425,331.6362786815527,0.7897318621088406,0
26.18055093823406,66.67266233221264,351.005047528378,4.866535397501883,0
12.380782402974146,33.894979477339966,156.79137240263822,3.869803999116051,0
10.515847166473698,50.99279062335573,92.71940430452814,0.1275677443238482,0
28.65938415543828,21.4385268425919,60.01265836684893,1.3027250705486892,0
33.6829863437122,42.030428865877525,489.15200205315443,2.409454430287423,0
12.919747249425058,33.88092279200903,331.0331069139562,3.502387348450709,0
70.758742269689,72.23277545785108,2796.8754533769347,37.87243514977177,1
70.2226092364195,71.07281334581717,1407.8467946359324,16.205169499132012,1
61.60341678055966,27.40781442384416,424.2062742641877,0.14322965655128306,0
93.58881786525095,79.40002948739763,464.9891118661192,29.934320950295774,1
44.458507630449,26.770432671013065,53.757381881196345,4.2798793019757175,0
10.286494199393733,30.730464110467963,65.74211973862828,1.8080817064091619,0
19.97573491804966,75.5473129696741,190.38719409458935,4.425268765149829,0
42.4057662208147,30.017010742068152,317.14366075106466,4.252261366811293,0
73.52701211419684,91.75297696885784,2002.0976001148213,6.416524278183433,1
16.645032225971292,65.16362826955856,497.0177546720787,4.791428140722369,0
44.52687034014447,27.864791702282186,412.5581549946015,0.5159990595291802,0
26.955930325792202,53.20566204722408,178.11408599939998,1.8705256747815324,0
69.98914419604864,58.88181908331285,61.41716961904201,2.1192894708463585,0
28.815932491802517,49.35179107883694,68.11014677866281,4.288056176627787,0
39.58572089275265,39.69530535664022,59.971790995034695,2.8217058393657535,0
91.51815067562008,66.95343720382554,2459.1327688419983,7.872449367665128,1
44.5404622955605,36.51141270640854,210.55831504472056,0.17181514608430537,0
86.1806324802069,74.34321221401628,1418.739892765392,46.5677578272131,1
43.790810148257016,51.69135570538137,303.19435385208914,2.6740908247157207,0
60.391955769904634,57.608157803890634,86.35064624345463,2.5142185532156773,0
53.66490599455854,39.525096840956465,142.53326398952657,3.8595312170004457,0
21.91811257520152,34.4427551398104,120.01564597325354,2.356474142666584,0
32.97351240836595,51.638653738543596,78.76542388637245,1.7958632527965013,0
72.16866056130081,26.069937176786194,56.9671066118819,4.378496864712828,0
59.40308316256571,48.00098934985185,426.6159484591814,3.5342217871454915,0
75.84807403338021,68.46214214264342,115.01406346757241,1.5538084768621068,0
30.298295648632426,62.612590898975895,416.6582776969892,2.7744718808760465,0
15.920455220991666,61.49033274881567,404.1754942956648,0.08218028966163582,0
49.329270199568505,20.447788425033163,98.66567405173939,2.940557852278012,0
71.43916445700927,55.13926012572795,415.50779237393624,0.7777004575024365,0
21.375615979956336,65.72777722701949,71.5395195077482,0.5350533630221044,0
71.3055885479582,45.1255394289593,86.39138562444772,1.6443031626533862,0
68.87979407848235,20.15792933477529,294.66563884021286,1.958675481425605,0
80.2454269221221,45.48765087988471,187.42166688580866,2.012275891394848,0
80.83364370207276,69.57304254651321,68.0088383325527,2.265120068006032,0
59.07194142437214,51.02707585141517,498.02392018149175,3.254842859537349,0
69.22738803568593,44.52197373625604,101.58797461356808,0.03244041890263227,0
23.28330095552867,42.09500644370799,173.5575419979597,0.0867296342685897,0
95.68888926396914,71.8577655157965,2312.0943420670988,40.14730656865911,1
76.71078294294142,87.67975050849533,2732.375727268089,30.55501187572207,1
97.56052533829893,90.60095666428836,2614.2184666845346,18.033092829696372,1
41.41940871284109,55.7248880972065,484.884183255543,2.827659384620288,0
75.96863912136469,50.22150567424668,231.94059404889146,2.8512406247369975,0
47.03466972732931,46.27399322857474,222.2708935835767,2.4563381424500035,0
75.6928693749921,25.35239352901783,382.9197354645184,2.13284502355768,0
24.401206355502755,48.88296270490565,437.8226588710712,3.9801857743178113,0
11.87287465877872,35.13338805383713,453.20698533273,4.875962055357633,0
45.15198698462277,22.06261150110351,393.91052938357103,0.6521972726667324,0
81.53109027203038,93.0700724143692,2970.4997361931873,19.51175427862722,1
14.902461817328893,34.47466016228167,252.02994686520688,4.6640600748512835,0
70.61764075069166,59.71819036703805,180.2323088169857,1.9670678817521208,0
83.5972817872935,79.05931872884247,304.32796530077184,4.013152108000169,0
95.11442293975352,95.60829082409784,2715.474726483781,16.72287240728153,1
44.352146243790145,71.5799328599885,73.66616205830533,0.6071106116563124,0
14.753122785457581,74.91739642275644,93.31092101332237,1.055279446334253,0
72.88688753822686,34.01654192217421,141.115353863621,3.618396840464038,0
68.2532917716386,20.01446028110807,441.4155646162654,1.9057165764648931,0
76.63027542315109,59.94706408813226,340.6624368824813,1.3943542449561153,0
18.037900850483204,31.054919094360454,213.81236114655485,2.0362320863103527,0
31.54159069038631,24.33630254068109,77.88695314073462,0.5932792235469497,0
76.71394832828224,71.66377618878317,292.0270204171885,0.8011438801100251,0
42.34254023436684,44.890856393632745,228.17349311628834,4.929075529067578,0
55.580259615914436,40.32397734646588,68.00590874080595,3.4506567396844607,0
42.03308414696922,56.62178046908942,419.5067470183309,1.3666479156233147,0
60.71331715565755,35.74496490177287,299.0300120750367,4.162390000159545,0
60.835990023253316,50.021501623063415,344.7611133822905,4.951920888491095,0
19.04251643329591,34.021426929521816,377.7419797221806,2.0890940305312684,0
66.62814465597087,57.67752412057447,289.38728052342424,3.437724527641654,0
35.064453562983246,39.391643919460165,294.91425920788834,0.9604882260067632,0
43.01492484666179,28.19018072501493,200.33474783803126,4.351518892499213,0
24.24521023431707,64.20900990978201,93.94984315675532,3.666097847907051,0
71.74549095100227,22.447100806131086,352.691932744567,4.851175312140103,0
12.751240216794843,52.788581661522585,143.74712608701788,4.418887291042933,0
57.38601452625013,23.270556644823174,474.63515179182264,4.2571319720750305,0
13.058135616607293,32.21209243321378,274.16782411301676,2.909718207528915,0
42.644670974241535,30.182314349314694,135.49842914102803,4.581244016413174,0
26.369041589879814,53.102742321198015,109.09546239394284,3.8923416995759252,0
66.14839255946501,54.813711931948504,261.842099750466,0.620800932739054,0
77.20684749426199,75.4785074677182,162.21910459815143,0.17837208180266184,0
39.925202790259775,54.8461150168653,365.1378592477132,4.676711406984527,0
79.90210791325131,78.20701318510592,312.7249726814402,1.4021493078678842,0
39.74152614924724,38.89046932452412,99.62452772445509,2.7262672313098517,0
19.876517757715526,27.92970665150142,328.03661932801515,2.4173453216167555,0
14.998903042051747,71.03481183839597,243.4353661000455,4.391081551371015,0
38.11186932624983,38.70665880830131,440.99185799272385,3.5560358036701127,0
64.25858633875008,31.9125715320921,224.24803568564215,0.5591990242080619,0
40.38270208956748,42.03017754170136,485.293627503766,4.635918844396738,0
74.63392157601379,68.78852026890353,286.2960791640098,4.372221941030798,0
84.36495818705399,61.393760198801644,497.01238477463454,4.877452491655278,0
84.83656417614837,35.56695026408458,135.0576803005494,2.54370144715071,0
58.7650819298615,74.19641733433485,319.55568670157555,2.406217276884183,0
28.96435886875834,59.27727161092777,315.06752327375324,2.4622113043325076,0
36.48271667037921,79.90527403542644,70.2092734289292,3.2508176625882186,0
51.5633501886845,34.05950393903161,347.75377732288865,1.368989957009561,0
43.29395908797834,77.76708847884393,291.9418087944556,3.354288516653477,0
82.8649518175788,52.69290116176361,393.80568154957433,3.1195351642894824,0
93.56335092556718,69.59689154879631,1134.3723940751647,21.540439726159576,1
80.50645390394529,83.82711900801482,2139.9038655235163,4.371969503239999,1
72.32118782913014,49.512557567649424,259.08218189084505,3.298329658453741,0
66.75636292664763,41.90285400155609,258.70126881241526,1.7699778477233337,0
50.16653611597544,28.956080760154837,432.111486272505,0.5646329564443753,0
73.16240324877859,20.486491813172794,287.010211516858,2.9777535061624287,0
78.11994144749903,38.58150266631135,449.91194665315925,3.523921467238634,0
81.13399802216175,59.984438281695134,272.82721651099985,2.8787504176015526,0
93.88451524069222,68.72530356762807,2796.974793817447,29.441309526939154,1
90.18892519335446,89.85794126810359,901.4469065771879,8.185147953316672,1
18.023547912021883,30.248822378372644,489.6369745818174,2.253589927660737,0
99.0626032732841,98.54325498480233,2267.655937497436,43.26790271435477,1
41.80980034767895,42.69893642991557,493.8425790224058,2.174795531756084,0
57.170713508491296,35.65095475772534,164.3980230800097,0.06702407125995513,0
14.608471759809063,36.80804712652278,77.35152588323155,3.758529800896575,0
58.04613876616655,23.39094144780544,316.61888208436625,0.8123957668845172,0
35.91846894031098,30.825429324882226,79.36483510625267,1.8266963180535023,0
24.055895807318667,60.14321091901687,96.16305214895937,4.007151911043225,0
76.18122763055041,54.31385134753722,391.9987212489358,1.3781768500809726,0
70.81589357559389,38.996146089644775,479.14540293347204,3.9041291670546405,0
92.7735728675278,70.9921873822601,2738.4772992802878,34.07093706163617,1
32.296540321099485,22.332421821001358,484.42491664854333,2.097503701056693,0
24.03432028078763,43.5671387797223,480.30178868426924,3.105613014559051,0
33.09474561933932,53.162233402732404,273.12801399681086,3.477925871517721,0
70.55801163730469,39.082376701671194,59.22991369417603,2.845232874468371,0
72.1607999719101,75.64170311561452,1851.4098742016897,31.417364293505926,1
38.23475251585372,68.47743968654115,329.1254676953793,0.28473974349224107,0
71.67859083890158,73.84514300469041,210.3880348210044,3.219236014057734,0
61.22550800622676,66.90678955572358,259.15289267187535,2.437637852024999,0
23.23960240041312,64.51972346757034,191.53290749409737,4.899015815520772,0
37.83793175782207,25.68433488676065,390.06946512157674,3.112416595145187,0
57.50506407375443,47.560619335637384,288.39871186555933,0.553715600955928,0
29.492873443212464,27.691284368627706,127.94163384196044,2.873516019597439,0
92.3224133231518,75.965784189039,1854.575170191168,23.69312102951691,1
62.66940745237482,41.754992755680625,191.2457180676942,2.5296312724608523,0
69.84356197119206,34.19798788820053,384.2288886934937,1.6700035941329694,0
46.678630033696244,38.21060749268669,82.2427764041681,3.9870998564441296,0
37.179542433747486,44.6565531410066,450.46897515054405,2.4773578153266667,0
13.887684933979676,22.382672454334834,131.56151272976973,0.8948090856750052,0
63.11290664839612,28.737718802325404,338.04067846377654,3.2284266258712035,0
64.428963129127,47.83912504642285,173.07628962336818,0.9306607718404974,0
23.077482175374357,68.99931459209742,79.17539845378604,3.571589853051865,0
71.55221205750846,54.62320050281266,343.71006770341654,1.1206608983003936,0
27.792009380199588,54.72538858159996,249.9772185120964,1.8934533166650114,0
71.2605577379908,61.49398165766659,869.7623061148689,45.42929770378165,1
58.391393188349795,42.52991732124321,425.7634825700811,2.3675429387053226,0
25.03558866463021,53.40910161669845,219.09170651178331,3.0478041095240496,0
42.8202343041544,47.20497383745608,295.5031448754911,4.5414431174366445,0
66.33835358563135,76.64247669685565,346.8791895173407,3.661839500736578,0
32.15835831080652,34.13395607567008,306.36708441593447,1.66037621090668,0
66.50336389442063,57.21409093766723,354.68688737799863,1.5570787694057935,0
41.98748104313958,58.054585458652554,325.1892175766483,2.408527399220045,0
79.8203662419705,79.69612208409298,555.1064629832017,49.4996857109934,1
39.211142117681526,73.80479299446468,479.7003695041661,2.407945275539389,0
37.003784942573375,61.34860141882026,234.96835125857515,4.2733693512515085,0
77.7963887934942,88.0924883181553,904.1859365300578,38.646994900356056,1
67.07783426880872,57.39886602554345,414.7995980675806,0.8703206870365421,0
24.25807373377957,35.80840674163089,245.7428806267083,3.8620386106162083,0
12.817831779918054,73.095604810698,54.93466222540127,1.9257036815578976,0
16.459910429776023,40.262646483453466,183.58341542599328,0.37800794447339525,0
76.5347376198593,88.67846755075388,1640.2119815267063,35.44360790687841,1
70.42858942511634,27.630947217950656,488.18669635308225,2.219487929962827,0
11.692338377901043,43.72934457101421,245.17754730318998,3.3276700008500697,0
79.05547377569765,68.02185130732072,388.32187479181397,3.1370755563514763,0
83.80827392773733,44.60142720450458,197.3962719223218,2.42184075671329,0
74.17723510797143,55.1741299268457,91.35324143469782,2.5013225373873094,0
20.01099793119578,70.55207050110809,226.2774936340302,1.473091498424517,0
83.79832359698712,66.84092448127174,170.17742310771212,0.4179111100017785,0
23.641006329935863,23.963318469329604,234.11470456293003,3.541794680193306,0
22.99014024325114,25.479544060013424,113.927724249378,1.3633399513407203,0
72.37727827568301,56.101196517227905,194.34398630976509,4.009731378708877,0
27.53055940275582,44.14223237248246,443.01624784223844,1.2476092879307616,0
80.62942837141938,50.7545729554527,260.1497387899491,2.2216758354148496,0
32.22443514248501,74.13473738577389,390.14336803027425,0.7556699992444693,0
13.92662651406043,68.73903996284713,254.77326716366238,4.175630816716021,0
59.682550877580105,44.80794600260961,128.09161383749756,0.9183076939094287,0
44.798627362516555,63.93427484553725,88.14176297389483,4.67448224258787,0
64.84379420105313,22.005079682303567,350.49021133934104,1.1832177394095067,0
37.24415137568577,59.68028683017276,205.2728911949256,4.114751600111081,0
29.920003194152955,35.902837244557,389.2115676958452,1.4853847889823635,0
53.71051263126172,27.185597985931835,435.0211821743126,1.5626113566215323,0
69.82991975111605,26.365522996877125,110.10121963856758,2.0194355866180236,0
58.98720928984623,33.6860226741431,82.70697012836493,1.1115910460711316,0
19.04188123027677,65.627876376564,145.20776292018604,1.9658851579380021,0
23.895763775015503,76.94674741329482,53.84964655317658,4.475735794858639,0
40.32390760782191,22.94890342071062,70.05048422794394,1.3544302751318738,0
50.43709575064408,70.49692758546891,360.4860554637762,4.806396211836931,0
52.07034786515397,56.62256358690152,312.5238045474866,0.313607954506942,0
64.76868921471784,68.58731172128628,416.0044980702987,1.3568450751252819,0
19.56852270966728,27.79142080507286,470.5511326444768,1.2595413268371076,0
70.22515539683778,27.556438462850036,271.98509730753165,2.9900918241831835,0
16.00792949572017,51.879847560390544,495.16530737677647,4.790567644496596,0
40.06385625727299,69.18062016682754,53.966674982512686,1.6722309343916235,0
28.653570444072244,39.771824826439804,359.5928096856514,4.869703833333909,0
32.348292662188285,60.7890875131982,122.0577080830881,3.1431560778444645,0
32.68497380961023,63.338670099422465,399.93915635496006,3.984963119895361,0
22.521481656039903,79.01583798432645,292.0653640705486,3.1980087425655803,0
48.45007944673123,36.482301968428615,205.02583481410775,0.3103506835425557,0
18.814468508282864,68.00825496512456,277.27601012168395,0.8477899718506776,0
42.31656427463545,49.891357950438746,393.6343619962103,2.2961869568204545,0
11.078608455406377,28.991767933193096,389.6071343906636,4.813932544140351,0
44.42053874476152,59.2964662740393,298.32270090061326,3.0420396096973983,0
71.89315674576035,65.24041494178893,2194.794580316393,15.729293771696291,1
23.003019647106612,71.05116543932573,458.9993481739105,3.0817816179951247,0
51.758868319614095,77.49966118888321,99.43689067373003,2.4725772847915923,0
39.39329222079318,42.01746990901972,460.2819687248091,3.606341467427086,0
11.935893021211523,59.711618732900334,258.9198891286728,3.4160415477379322,0
60.90024675044236,47.297046610519985,120.16332934827217,2.198842519440718,0
26.849304823132496,34.25096723564361,115.50549139362552,0.8146821948452304,0
79.72732392569299,56.04752896037715,366.99062966486895,4.516705068533973,0
74.82686873797277,58.652780959377075,288.0964704471973,0.5440369511503279,0
61.18993446532912,42.19993315759865,115.74081489788874,2.1458601387953102,0
69.74029682321321,47.828589480462576,299.19827943249715,1.6937224712183607,0
81.55382704440417,26.402709146141255,97.04950616796091,2.0789445078862654,0
39.43701673050136,78.88528549532151,353.38971872428726,4.779058715871872,0
98.13212409686267,89.78364091753937,330.4275047113754,21.601229111850795,1
43.17203540883514,71.74604780846941,284.28010932715335,3.828066420110826,0
38.7874713949783,58.526614101531266,138.29704302663288,3.309107989945535,0
30.549107460247885,68.66092249592415,202.3636873737081,4.44275691351684,0
36.83486989940813,33.143550383592995,56.70961886966355,1.1708434309832123,0
73.36564832270909,54.58933418839195,130.27921336786147,4.210193918027606,0
41.01373977174694,34.697210501957365,392.09253103812216,1.9391054436243809,0
70.74433152271746,35.98265848580143,283.18322405439943,4.809859348870354,0
70.88995930077849,26.441667107040065,209.13703841304965,0.9780449812609621,0
47.13598952604807,75.9915750229411,454.99247459539436,3.204458324186035,0
25.438090752757617,22.86688188088432,103.83369778223164,1.6117754670308815,0
39.467133166988425,51.17011128589887,309.82967020989093,0.7052331679186358,0
60.06683038907704,41.31703845421536,296.4829592611116,0.6476330495017618,0
12.924700943118369,30.908507940016985,307.9075654726541,1.9837098563136983,0
59.72704027923606,26.415191862789282,274.3561476335999,3.4711224459136276,0
76.45700764849062,53.33702928094417,92.50567307092362,0.5791732917068487,0
41.470004682084245,46.37377650637392,271.1070906209534,4.881156283504872,0
84.91694590249679,54.99997459931105,214.43275890570058,4.930492567400996,0
49.387253775029514,56.41838697645593,368.6663005693507,4.0687414778377375,0
34.5274871172429,62.83747687188629,366.3345485950896,4.078108855201934,0
64.4028700176143,43.27713011929352,98.85341511626422,3.3210898613944115,0
73.672324200597,97.70120705497854,2915.9574744430333,27.59247924752567,1
17.9405738659847,20.765388782445832,375.7078535786535,3.728988517093621,0
13.391400257964206,26.37282965530737,341.1260187517874,2.3258684832831915,0
17.573358011332083,45.58436338951837,435.83668099286035,4.77740447390415,0
80.38973376048479,43.623150179182254,211.13838585202018,2.057181187133312,0
93.70080284926854,62.70846521612164,484.15683380535876,25.016458099233404,1
52.38139843395672,33.795102251697955,51.13739742435903,3.034727064191019,0
40.53298668442207,69.7786283211757,339.319043672342,4.284919028556879,0
84.41185111174845,73.61059828359907,401.78563646687354,1.1470933825785667,0
32.59489455700003,71.55949706422857,200.9644747523914,2.8415255229741843,0
78.19395208277443,30.25669361405515,90.05725613025328,2.7300337576679374,0
76.45645816101373,26.226482518084442,474.91977184499785,0.046111367936134684,0
38.43205365039522,48.94541609568373,144.68921768368318,0.5945150883899669,0
78.191515439617,49.05106989935581,144.96724859387695,4.522318792761643,0
29.242208777602283,36.115935974875846,266.5742677302276,2.730722352316886,0
44.65043527330995,79.961018028332,372.2574382145319,1.7077405846158817,0
13.151850637855397,26.756553760953242,393.20877670457384,1.9074564662111366,0
87.24737752533701,67.65600419592091,311.80074092223305,35.913368307256974,1
38.838349573360944,77.83496072439131,84.95258597277737,4.281766744067543,0
50.187076335481095,61.572705661799134,268.5047910275431,3.666391479338258,0
82.58950261337729,27.852868313214557,281.99614733381395,0.06093775505871257,0
16.97429798673491,22.373450393756787,441.90130571051276,4.623929548570068,0
44.43430174650107,76.61391302941863,228.04106953852062,2.7073641370654355,0
64.65835408379857,59.658429238980546,191.87623089676515,1.378731302925182,0
90.85924324280592,96.30794365547092,1214.1060938984444,41.94710480935772,1
59.212137826080365,74.54033533014218,56.67357309426854,1.5604595795354104,0
66.23949484662016,73.44944789063766,229.93641281174698,3.0352899625284517,0
44.81788898044187,50.51233348986247,280.7254404830985,1.4368995762778418,0
20.50848818248394,55.14850365291466,173.70875186700835,3.8932607553745466,0
25.186042012392804,23.140830705878784,390.34930391607156,4.832174050421598,0
84.08280254976876,60.50798593220405,413.74488977308704,33.6437716111879,1
52.75458775670237,45.02985673854212,443.02287396697136,4.000791183323981,0
69.05402700642497,39.256126299166425,372.13250698706497,3.1477952799757327,0
67.90093572324928,64.29773062869846,393.89921772903887,4.580935740369438,0
24.421676410650306,59.733929499775584,90.97978193698144,3.7345182767776164,0
36.16239305939726,21.101343462748506,449.6361720164623,3.4595115704181048,0
21.13800862327606,31.849176899121936,236.61056937460387,2.7288874270280528,0
47.27226121793727,64.78712773142684,407.81332513018504,3.216621568378941,0
25.726770807265062,64.56929009509196,284.82487182268244,0.3730952778435409,0
28.675655208181745,71.50240278566375,70.6334082686157,4.134884386104736,0
76.65610599017329,23.121425301766813,385.7369704578019,4.150584556540613,0
42.82459961111526,32.02038926578654,132.68251662909256,2.309596467053187,0
59.63759388354986,51.248935168644934,245.09439626171047,1.890769839751802,0
10.967310234214407,27.56814717774591,424.62026348875185,1.330749734648657,0
15.5023050594702,32.90028609620171,55.404123387918865,2.3330681140106284,0
85.26464345472985,68.36526110118592,2648.5248239949847,32.15592661091397,1
64.95501060896238,36.99779167986213,97.22263114757726,1.827129401511236,0
63.71130056673952,75.5715791848776,455.55081034000517,1.5816102850474034,0
80.62689899935229,76.69908713335059,239.30700666841778,4.35566060541084,0
17.911257059577675,74.53506464728724,73.19969296981309,0.1770948664043187,0
15.070942269416118,27.743907489743776,208.14875306180755,3.0088222105523466,0
22.571441221623825,72.94647148085491,253.65402654601218,3.9786385748491915,0
10.982084244125023,45.0429765080284,434.57340323001705,2.8822992822961697,0
51.31430279568545,67.20338088401245,375.1075896525293,2.6407002863687685,0
36.47877937002268,20.507089763747633,349.3418465664802,2.0313740027979326,0
79.53833646095894,58.36248803256653,193.84161241443115,1.978087328966342,0
30.231220863774222,71.39431932100015,82.7430693078322,3.5407584387030058,0
40.22351340738711,35.1920698021986,327.5978323848777,1.708080312336674,0
77.35229117124902,63.62976858440831,113.47690977153368,4.623004952108563,0
26.441049051853323,41.565429609849026,71.01401804830088,3.8663057603999427,0
91.28133790929667,97.62476482447674,2962.874612474088,43.4223443457222,1
67.05887864626732,70.04984649250648,217.39764190512284,2.285011546884703,0
80.09079105366366,36.455711009533985,266.8749257267243,3.5945490766260546,0
78.4490738006037,73.06013576918505,2258.6222031234183,28.724450890128022,1
94.65013793104048,69.75522432882053,2792.881024237973,9.993699035037451,1
71.59448776518843,84.99761144389595,813.2540421578201,42.830432872477566,1
56.045018857004635,68.30560260797157,310.5214517331515,3.0655379797779485,0
60.97248867963577,44.94716372415098,360.74868817984014,4.64624457621568,0
69.06618143940844,69.9297472237471,474.42340753400714,2.3576819378912237,0
23.427372808118783,45.9437816111054,295.9674185737601,1.845148781912989,0
81.7218911135021,32.32209108139912,281.2849306351905,3.447058542152564,0
93.78594961307414,83.35592911184682,1354.0648072873917,16.741865297617395,1
70.66417488826438,98.43497932515066,1889.2404813734097,42.97945230623982,1
21.019144268782807,68.255669262707,73.70299932336371,2.4925373326205067,0
78.62955493879169,66.8313081654213,328.36863267549563,4.60933217757513,0
60.190019720355885,35.917105345163144,399.26273166118494,2.1331268673819723,0
32.084931965643825,79.0745537825668,97.87478243633481,1.3141151310619437,0
19.590010091681314,54.6212241014335,448.8330851381299,0.2850329732484619,0
48.795179233120706,65.7976947198369,421.8159781994311,0.6009577072276934,0
76.68756585057521,72.33094398417212,331.5970923894101,48.24465059068909,1
22.51451512740646,21.481837861166678,473.3226858375988,4.326871560464122,0
23.636872540532547,31.78921801737267,276.4442375381944,4.336727523510563,0
52.56556361961686,77.10214438343223,299.2239121405206,4.065256035716541,0
32.49231947459022,55.945959506165146,398.39700117486143,1.3031464893748324,0
73.31278367268979,39.744426767643674,136.34452089606054,1.193444407156488,0
79.52507259432215,46.98823944226572,230.29603179707897,4.113280613551927,0
45.416119387146196,27.1526265704344,152.15058470228928,1.7137020679442294,0
25.972312113168307,79.86033579587955,481.21302750462644,1.0970781927845192,0
43.44270297825612,40.23274942437715,152.7488764669897,1.4472459715218466,0
21.125740072156667,35.73645930889909,288.53982361149076,3.5736110090471316,0
67.40225228935304,66.49300593517692,281.4469155094365,4.4913482481692215,0
50.52091698905658,50.72140334652556,395.61460441433707,3.7093524254847794,0
12.95946496681745,59.04729925081411,111.51278352006634,0.0956317531186518,0
26.76968788895895,70.6918451246305,409.3231836217609,3.7040882896605765,0
17.08322205669463,45.90842570646664,276.45275542375293,3.3967939496082327,0
79.01588649151441,84.50789236110359,2328.710516466629,29.674256274164676,1
40.82713523550285,23.176156134129094,419.74096872402504,2.6687666029689305,0
51.165460115694984,66.15019217141526,370.67210791462986,2.768779181689493,0
36.28904007146214,32.06819255542264,335.204788795251,3.2728825708706926,0
77.11205128207366,25.097977393367984,234.4314529032575,4.451545988872821,0
21.030511069677843,59.0112299867392,489.4172492903919,2.316644507731365,0
21.54219297548913,76.62598293272086,345.09978580288106,0.7927076779580522,0
82.73657838089085,36.78601585322245,495.4514730079436,1.7257873206799008,0
16.162875060732052,48.62878255934296,158.24078893217614,2.924557501359089,0
60.14294850421855,36.066458876247054,415.41498186169724,3.295567608107737,0
66.22388738071936,32.55836455005252,269.62707032134836,3.1586808841170546,0
30.396229459647326,41.03856148742881,287.90863415546886,4.469448813610958,0
39.19717105314824,66.3101621138066,209.25762181558642,1.3265318506020947,0
63.81983242436322,67.43081645201886,355.42095629690925,1.8221340566762556,0
68.52741272551613,52.13131496515781,481.256862633924,3.6576280763429074,0
98.47396458749994,74.26232067760787,1948.7335799057994,4.483672331264422,1
62.211710885344395,36.91577310509365,65.99834489707479,0.7231416906172372,0
24.941476437780736,41.180285058310176,284.94285661165503,4.0279212457181375,0
77.46809299559264,61.50665834851894,310.82490465272775,3.896025573694417,0
24.684335109197235,66.32912165695029,320.69682787086776,0.020126394269853742,0
84.20883482237923,36.114776259977994,287.0373874463364,3.624565714261716,0
45.1830408285684,45.463341084350624,159.51637103286922,1.6588875450232359,0
70.26120574726635,69.23849362126873,311.6787393308325,3.9198039353050893,0
73.70848046693015,33.55288477601455,58.94595891377618,3.9624386368503566,0
81.28443779314718,20.55205385752277,284.04047192262544,1.461862921651273,0
24.109086979282097,36.47995218727432,111.9777356827135,2.037178263830719,0
28.40118322609907,44.38776307712433,268.4175670420477,2.869137867919286,0
23.558886292178464,76.94416361872527,253.46257480510135,2.7593997105931956,0
12.439463461843893,67.84523323649987,208.0146607505654,3.362835975473115,0
31.185431977750277,49.42726451118708,443.29910522588744,4.360552043965136,0
71.99133056435983,59.531324253610535,176.4625668215911,3.7168062524396213,0
30.780193728504972,35.89197546881429,151.94923183683107,4.124669188203973,0
13.05466017392276,76.6824429003489,403.8653236827641,4.1736897738848375,0
45.535737129846,28.46756709795931,197.24000991751814,2.994833181619377,0
31.99814580854235,70.44710431634687,197.72253210116807,0.504023924342788,0
42.24682148348663,32.59357053829983,132.77633803132278,2.933833819140137,0
55.323473668023986,35.30021915006454,405.0521980523126,0.37792546202723654,0
21.71144480246428,35.49802574765553,186.8495033042766,4.538154766673535,0
22.660750433842313,26.78634539010319,164.6565600790869,0.9801460085175384,0
13.78125802016569,68.67383350408147,162.2085399080159,0.1445591163327864,0
41.91200008360565,24.385105461569015,478.2216031249046,2.6114473665558595,0
53.54412627085326,56.258265189288736,342.89547687309977,4.707128359089399,0
57.35641909137823,67.86814233251647,267.6562005910399,1.0580766367469074,0
80.10966381195875,61.807730837860476,249.4786937356578,1.5825106995514537,0
52.90922227916547,79.3325427282526,421.86164457875185,4.625774091952718,0
16.524006993355762,50.58356451729078,425.99097557067506,4.4436386427585735,0
51.539071330099056,61.602652311131145,72.50846940598386,2.7325085694894153,0
25.304829140995043,54.24137969461088,395.9306570204612,0.9704726964480259,0
92.15713115904681,87.78922634617713,1789.1424740451737,15.328656576160867,1
43.6520216966898,62.88176534039733,267.1422833600027,1.5112469745659873,0
52.305552162513834,27.10770230566891,87.7561438226891,1.778803574971513,0
15.33667591584323,38.039338433644645,313.7541569624736,0.06363640844960272,0
48.070778401334124,61.00576490943623,479.7943502745587,2.652315000204077,0
40.32173104411518,70.2704828543311,242.24136227682555,3.8700165645487985,0
40.141539991804756,77.37327041861766,439.15559989995296,2.8795523370869818,0
36.581871159479114,42.66780943456469,301.40664977175516,2.873546014337877,0
82.69769017143243,65.97472836562274,269.26230215545297,4.767867687061487,0
25.43457827420663,20.014452471071987,277.9492171466379,3.53280407161499,0
16.014006760908497,28.337594314934975,344.1043187064959,2.757022374529503,0
65.12688896423676,58.82420997553243,372.05319958490276,2.017437376402525,0
47.25215671134599,20.70679257719852,247.29300140503128,0.5812287634496899,0
64.34487151357217,49.85897327031309,90.49350035732931,2.2773907579755543,0
23.847434301052694,33.82969024109126,197.6465641288198,1.1183760602746946,0
90.08443014670084,75.62867494943366,2567.7406773027274,41.52644626940627,1
55.14425732613487,31.42480976149461,234.96915443941873,1.9453035480932628,0
84.25816345651494,73.34716134364658,135.2001890736817,0.3873903298186526,0
69.01775396914712,45.78987545078015,494.0584673809535,2.7461004994343186,0
21.16660377493335,48.98397471159816,54.962637921005154,0.18974865119935402,0
87.17419683816127,61.74983105944139,1806.2660528458962,29.736457475975346,1
53.16950714800615,26.357354680642864,145.78284693196122,4.333284620144532,0
62.19243386266018,56.80411079133027,408.7578087602601,1.7626392563192566,0
27.815749369290824,69.81217306074572,464.77733923897966,0.2835756914111276,0
28.747966815162226,66.84396380172018,497.52729689925144,3.424341700134237,0
74.69803533618843,70.3173077718834,61.0952250681018,0.1645539847746963,0
73.44410797582991,55.45496556963361,475.62998407822175,2.8103906878282436,0
29.408498620001268,57.40277395759443,393.8418500958417,3.5848845053193856,0
49.168244504110326,28.066005642173,490.2212686995446,3.9280089621151126,0
10.101521928660112,24.342583591647347,104.93843974305472,1.4452486647288958,0
94.79498086903024,78.17865735144261,1397.71605924388,37.05257341320942,1
70.22589111447404,33.290063051231165,160.35348120425544,3.660599002053151,0
83.15073501093029,62.75608443790359,386.4085862243497,4.503910000942128,0
74.31717532459628,30.487202902709477,308.3728998243123,3.775588946527086,0
51.640060869959676,41.80423591996562,443.6158929470204,2.5542618248189894,0
68.78198818630804,73.64548215547073,489.73230796774817,0.3102552631771638,0
56.50545669463851,57.83811769898483,132.19322843469752,3.3252405619128,0
57.06290974137776,69.91649250128313,372.9405138542342,0.1223235137946671,0
48.75237889197008,31.62302304657787,203.04902142629095,0.40815824925669153,0
88.08689018339221,77.70964823956896,784.7684511442505,39.607061468030246,1
81.52691614118046,97.7175090774831,367.05290019603865,14.408429965139247,1
31.535346856343164,41.40339015853438,327.41571134356,4.3072396070217405,0
28.144876023664718,51.311737719930726,476.5626855205237,1.8120532090665082,0
60.9772912625009,49.88778045103882,275.31348250788943,0.676812308801289,0
66.38688594675108,46.266636313374136,364.65923086046325,2.0276261072897177,0
11.9775230872939,66.55263526818158,272.35658351357176,0.43254634469873765,0
16.118119420852445,22.02734905689492,440.3318509510554,1.4094688529966621,0
42.0701000277503,76.58124257874417,207.7921773293084,0.8321603833122854,0
52.36308499469623,21.198375954681687,416.3301076780701,0.11997972900036513,0
17.12239564212824,30.33165604554526,441.6823264739449,1.9175754725515248,0
60.761597414304674,25.07892521507774,136.3493973731429,3.215807255816708,0
25.982852801881247,53.245956823749566,99.76385478377964,3.5974472512970435,0
10.000872606652461,36.14718515828062,67.53756378579038,4.516033339578947,0
65.31312695942552,26.63258997851483,213.63248694702065,3.499797063569186,0
82.08516140556948,21.382825304396444,163.44439680303498,0.4079581519346348,0
23.476233165268148,50.22316607539737,207.26833203864544,2.1599379621257864,0
77.8269831245393,55.961813104295935,172.51139136671208,2.517020544222308,0
66.11947677877438,31.549589038149623,127.75534334710844,2.1764566574766597,0
23.032119485180786,26.237562554743374,269.34821319190473,2.2786370034012315,0
80.46371765596064,75.81825220699645,2079.167286914706,48.82455186762876,1
44.4351817178696,22.39687839716566,234.42731514931734,4.711305868292806,0
27.769999367998647,56.37299853324596,280.5281343725959,0.45775867875623044,0
82.74448940088932,72.64935450388927,240.3565008087932,2.653440705312219,0
30.89822973362773,29.281090891091672,271.22600517814885,3.2134720827402488,0
87.3889171070984,62.76561912065365,1672.3733872572955,28.579497186229887,1
36.021490142217075,24.24179649106197,466.13636413896273,2.8037159800770857,0
40.56572732743231,35.15516040108345,355.9427932762287,2.4705020787921974,0
35.140603552815456,66.19841709239606,243.29710558430398,2.5288272116740274,0
72.84312811388527,35.30523334528389,462.4107568997254,1.6029695354015887,0
72.52640362212061,77.6347452680272,1190.0455412188571,9.263055774151546,1
34.6134612098209,24.34090303016344,228.71862497431417,4.493059038171111,0
50.04756044108228,31.826362329419133,115.38127038460172,4.026788350808879,0
19.103870456682166,24.53162516155321,439.0966012504513,1.8710639786952898,0
85.66781213587048,78.31630800993332,2816.3595482556816,27.731807806028755,1
14.671884859754702,25.37913387414074,234.7219015436038,4.07211783539576,0
59.463307648057764,29.51216950999541,183.80468639302055,0.6403925449243963,0
72.00305198061156,47.606157593461276,72.07410766450724,4.979431378798579,0
41.40778936690548,22.69163345766302,443.719995957792,0.7559145966862713,0
42.66874861096998,27.612369683785598,423.003700389145,2.7132964106828386,0
90.72753465823098,83.25166142217721,496.04930200941635,5.514415780168195,1
54.94765871045783,68.21250660958566,388.7912500266068,0.6769102165472801,0
63.26820989674837,66.4803762309079,351.5834603350434,2.9822805315364165,0
11.433707082232303,37.11466053840599,260.637827084441,3.6966809794800044,0
40.722167117142405,54.34446355806591,235.05231318424723,0.32888351705572305,0
47.19068013090781,65.37860581881765,179.66727006501876,4.6512715999252805,0
75.30624259543835,22.365055107221778,252.55592268585747,1.0097043225599127,0
68.9238713560174,77.35880352956434,461.2166592512956,4.558415021648679,0
62.306520043513,45.07904513041481,366.2522947246887,2.4476977104707713,0
18.2823897558327,20.407290441415388,91.94626665171432,4.385793541350265,0
14.684319521430357,70.21566997067742,194.6085376168514,0.7001284473494279,0
60.090093002561005,55.36824818559481,181.27574923116242,1.654259024363225,0
19.665979143298692,48.14149638307301,453.04305368086335,1.9828185839854044,0
72.59288426917207,65.21996827457488,386.649608521971,3.994252301003172,0
66.07070351321883,69.94346250211447,153.04423338514027,4.588978130553399,0
22.199561132911384,45.07817261519162,451.94296484787884,2.0824520618453497,0
37.361685265584896,44.15668630040976,282.98329569700803,2.515342317394155,0
54.8071931930065,56.2964487918653,464.4632822242109,2.8981426379157202,0
32.93079680854683,20.34623967757808,166.04150159660387,2.7164668018553764,0
15.689749608149793,45.613683669398156,83.75994000181318,1.0394402763157222,0
67.64359981849015,63.35670349006698,196.69056969596548,0.49630074654597456,0
79.954636251551,72.06212587515435,197.13993045923266,4.469891959415541,0
63.95152167768689,49.18654322851247,101.32263396742944,4.941235778451227,0
40.55241431596242,31.341036964789833,126.5480969054342,3.4120308097765886,0
13.232508171124305,62.614600515635544,310.7325339889946,4.295191847731497,0
46.24707137247439,34.80130578463984,421.26750978051274,2.6739343771655752,0
79.02073560171226,66.55616758703921,390.8383208681576,38.323490693514735,1
80.65436646164466,38.78152128209488,372.52112432086705,3.0822946758314806,0
56.125972602915,78.51467211703752,246.35803743662527,1.0200431825538354,0
35.925046249289736,78.35409413898421,164.30951709300322,3.3019322013567196,0
57.07810398035634,26.421748052662288,300.99414159412777,1.5654158467567603,0
40.65506283235723,69.7963755927466,176.39747288041988,2.6745239209489746,0
84.82212230516174,34.49037361136368,447.26530949031684,4.206070727555265,0
66.63529417552142,36.50593289354747,189.39406243333417,4.600004173748275,0
13.450198151631456,77.99350636283265,124.88642793992294,2.6258789496711206,0
82.98075984342238,46.646780310524385,424.01064443166314,1.1442913791174854,0
29.40337316165807,68.07029019771949,370.66007446126736,1.8981323320635568,0
71.975560821264,65.70456238817096,475.28563901352436,3.931819683012066,0
75.85251346333428,52.092365345525316,423.2854244753396,4.343136327397659,0
65.11943855461706,60.28208053380774,266.7570451048364,1.2093481805689517,0
59.23072026254927,63.94727774802378,108.9565494951265,4.348084992249346,0
54.61355346264322,28.439200354020002,332.987263405026,3.6819489502502236,0
34.221735470593444,43.35251711740633,156.05920144881924,4.65612379589449,0
79.99038158194797,48.27035356268851,151.9091112548277,1.2968291058374741,0
64.01180956982051,69.96674426139768,374.66468723030766,1.7567950716589043,0
52.74172636534874,64.24588648562732,333.8508798972194,0.9054035115397052,0
58.7224674285411,33.69987514211665,293.84607797429896,1.2022278183795465,0
60.08204437023647,51.21084419400558,429.5481996491331,0.5432438956646524,0
46.83217970373739,41.7913474229735,73.07164960841897,2.1983076618529527,0
30.164013578664512,77.05648111195006,100.52274124800931,0.26483202804855055,0
18.516819414972176,26.743821630560777,478.88274587996165,3.218168940598103,0
81.00502966925467,56.571710585243814,417.6358027136943,3.0373919725155907,0
80.2210466101695,62.72047767188976,130.78773162215003,3.5694573466405655,0
77.0570726899938,70.35247718236754,370.7231013313473,0.22408155335403634,0
68.4865663007551,52.650806956517215,120.48538153573344,4.614365872439453,0
51.164399880801696,70.36448225655631,304.49251157884703,3.3184756945619136,0
11.903976674525865,44.93766692174931,459.59976563464045,2.2967318566367068,0
27.908285932622675,49.18896594394538,72.10710225133354,0.3699444210095254,0
32.74644181369622,22.51282363032653,331.0513861628275,4.530687937836172,0
26.845361720498648,79.77346958267832,153.02405126275036,3.6538115092664967,0
80.70432393205841,25.254473779174294,166.38810648679473,3.2904628046983393,0
55.23625900922102,51.029021737032636,469.11126524290665,2.338290620940205,0
53.739310320782316,63.235185162238245,401.4199309057224,2.6867279420650023,0
41.30582523615843,53.553087906107486,497.07570217806864,1.3332982919410057,0
58.72349867442763,66.5519039121672,407.54853248976747,2.9765977289144754,0
22.027405458980738,30.44062688096745,353.8147344997318,1.4132782637867232,0
24.76942783400713,75.4531060905596,492.8081675883622,3.157684548713302,0
20.95157644727219,24.71163115649437,276.81710343294077,0.04026310812640599,0
64.8692141316499,54.63120057339853,254.73214282685495,3.645188119100942,0
77.98540832234102,79.13604403716802,252.98423232118685,0.47831793209420825,0
45.990671522793164,70.80710011218471,125.16880160216868,2.172513468596522,0
56.994438331990764,56.56806580199732,406.7800402267049,3.3487290371281957,0
54.431092664653185,63.56509108903103,344.2555158661658,2.437511393101399,0
14.927114421577432,25.76755110392909,415.1538636861607,0.8275986780245481,0
36.297019840688556,45.92697420811576,204.03827817238385,3.1129544897126165,0
22.711956001456937,71.7775773987811,470.8480145768938,3.2059981661607404,0
84.96682774378289,32.82420127891464,356.8085650779739,3.458147452993994,0
31.55962486729376,61.59016161523076,310.649015852401,3.543526002745015,0
77.24309938517577,63.2193749887136,262.11567006567077,0.04836269423459605,0
66.56861947615606,66.35135550575266,334.39610485916097,1.9775847155377857,0
69.53635779310298,70.7671511333067,234.05348153132294,2.829043170930871,0
16.57320600728789,34.36219018052278,450.362176397402,4.356786706161039,0
23.8390764517283,26.112725848373394,210.9382473150101,2.1404643831247188,0
39.83774691266177,29.497175363545885,185.26600525141328,2.143227846575914,0
40.3994020485215,34.51434635550547,228.44265240401785,3.6312129425368544,0
67.74951648239582,48.06323695826905,443.34670822979484,4.501880111737996,0
50.282990636391084,60.513850253722254,422.12706128784987,1.1852075445934003,0
68.46375260680476,54.53297046986619,150.57443945958994,2.418251895880676,0
51.75721697604473,65.53860991124183,184.03130676200982,3.944885939261469,0
11.367443700727122,67.94492874631726,221.708474521483,2.452051805684026,0
15.77346002987247,34.0690404069902,64.61659491615262,2.127658224004416,0
71.9034868262981,79.7914998318729,1852.7314059094067,32.63004384154189,1
41.959092846417306,39.96910166550032,140.09942110489973,0.0030581757779352126,0
79.9693646927254,36.73231557565789,88.41595069695438,1.3178724410069194,0
53.33552876883135,32.70300670771794,110.69368088362147,0.12720450566219677,0
43.7543979569669,76.55658260951932,177.73076675576144,0.7013408081771427,0
20.45170555546181,24.717602659385484,438.630350413979,0.19566127241929687,0
13.615902914541703,23.32158901630457,64.45389023051652,0.3422658471302137,0
68.23355848747934,24.314403038986736,459.7756283176724,2.230286128322205,0
82.80528366686868,82.4232405365614,1866.5069609222373,32.01950985483325,1
27.4159521360113,29.816972248296576,253.1958624378754,2.3579129804711627,0
18.690179464384727,45.74896951749931,490.32250910230584,1.9647221968667994,0
81.04364330378941,31.94560519615554,372.24206712048266,1.703817446744436,0
36.6247229373953,68.42642121917076,412.53661637371323,4.816966891849245,0
17.688697304985585,28.45211623705168,189.50983079724608,1.5333698584403805,0
53.32238157583169,62.558857688209,164.41358117654474,0.42733011482573746,0
72.06647892055352,33.666700497068085,50.638199060261954,4.782543731173725,0
13.026312014477478,42.79759713558515,428.1626774233934,3.090162420905686,0
81.28086130574191,56.58091449654664,332.42894329221764,1.7163357853620202,0
65.30753265411141,38.21023454887713,52.54344717853313,0.21295476985156547,0
43.158027600979004,50.895769723548966,240.95216290832406,0.2995235050168188,0
34.52057682525064,53.78759563352281,84.78207191770963,3.574352053386926,0
34.85141640522377,61.397861427581745,128.95473658862346,4.6436209899602225,0
35.42723432865255,32.28814454337257,152.10534525971372,1.242746553755898,0
58.48440562284479,33.395324064161656,82.53975864775616,1.71444664798028,0
15.22308611218043,73.20989236813756,445.73778961897824,1.191962210945049,0
63.94013337041979,63.03088682280546,113.12825575458506,3.1847178771343945,0
10.759838802080754,76.43839995116683,137.32424611052227,0.5732390151108824,0
41.06058011617496,72.58525661626956,172.26257727616667,0.3851334818561575,0
70.83428274501031,38.15842043820887,129.02699044902488,0.633105608453865,0
45.70135970265749,33.937379245787156,73.48327600854249,1.2034245461167044,0
87.63826715164794,64.69273963850387,706.7671193837112,17.83034572430317,1
19.52953844889136,66.46913618718744,267.8175231025318,1.6291779742249946,0
80.16528854749062,92.18338480127835,1968.5965669418713,46.00969565756955,1
74.66522302436415,36.4647578981409,432.70381300270566,2.5352176846835484,0
57.5147283070671,39.57021524769521,263.44650674763096,2.246829358125753,0
16.90502395618566,35.427110239921674,179.69791233014013,4.460127845149867,0
15.789064766985097,47.63396045373534,64.22675507205895,3.8453073669058546,0
65.89110570181259,49.865393816413786,471.1883381198259,4.989489263771085,0
26.590708136470166,68.22160711263814,280.70963254796516,0.22330014438611878,0
34.27594273031828,33.972748769108904,376.4354554368367,0.8861809888617672,0
82.16294113559064,36.00767296602985,122.7707502485486,4.140625959284505,0
37.735994199038245,24.394736246443408,178.2947747223473,2.839452741527026,0
52.94554246615168,34.87594698834843,53.645423741295104,4.9534778294959025,0
84.83120417576505,34.53175352078853,184.03250507874625,4.288087498841393,0
79.9532881099571,78.25428268699217,326.0558419840657,2.0515280677995755,0
56.14145786732582,68.43569895957503,96.74320562546473,2.6653941116231596,0
58.83606886612556,63.793347062215865,219.56882276658686,2.743191958477886,0
59.2358955498627,29.391752804944474,95.02910220493999,0.6559255196039931,0
15.175569445961223,26.279638034473777,101.27218240759339,0.9463675008393774,0
70.75850460093855,27.744274815852886,244.5502549453994,3.0415970070003358,0
22.816569054254934,74.89009699981268,161.30811731798426,0.01823351392338135,0
30.268576909808743,52.18462298480183,444.5863623617773,4.912449158970309,0
86.97801246076142,72.26792737799977,756.1763450180491,28.023755770065296,1
10.771337195176901,68.35820772025724,235.84642708679942,4.12418138576879,0
34.38280115737742,34.5058704487809,213.0318492424188,1.3541607016997963,0
75.29338187845052,30.95750781518607,443.8980871870586,1.183276897398569,0
64.37545572243391,52.52200070583212,243.07159728745205,4.406063662327568,0
14.692363166458868,72.68691181914208,186.88211493283225,3.6556555448221175,0
72.77599962727541,52.413036006717114,324.27730510224393,2.789269245650977,0
83.01167268830477,34.60655700592464,425.8604964821011,3.5505544595310656,0
49.48019957020849,63.41207439986532,320.9458235573074,2.148504035215799,0
83.87422421056563,53.402555393171234,60.78262330592142,3.696448143732185,0
82.51105673539513,64.37229601334836,1236.476922326779,40.44294357094236,1
13.847038673591168,48.59407661480111,212.5592573184547,2.635219984143405,0
76.61435122459781,41.864591959724194,57.61820859149078,1.7941430345719178,0
37.48461511535484,49.479825914727854,231.22956644013476,3.237892454034295,0
52.09170912118937,43.688436972695364,210.9725442240924,2.615780315720558,0
78.31953883703818,50.2479705151063,253.84914537348374,3.829261520185047,0
70.28536678626064,74.87506611330485,206.16261139653622,4.409812139159342,0
38.78791622837346,34.04346650104995,97.50903899875851,4.947935370703349,0
29.34562207863667,65.08539905187816,338.02195861852533,0.05283561387221469,0
56.74735951206684,26.36962121284803,300.62844124887886,2.349449540207198,0
50.70433325106971,44.31182855451978,276.081257066057,3.4132090072253036,0
76.46232115786421,85.2562095869076,636.7541791410965,17.758017653769954,1
42.179677697699944,67.05123075392478,316.8294228173315,4.6859477443792725,0
80.5588390377331,69.35887563163337,87.77824767490273,2.6675383125824337,0
13.886765261682019,41.272892529716444,249.38416982005197,0.5962245565963059,0
44.389225666141805,44.94648805937909,259.6850366837615,4.878946681720573,0
49.10867681251601,52.338852467007236,448.4474439630376,1.1384935671291296,0
67.69173608786002,75.95023718584295,149.7170436977513,0.31121863079390466,0
75.24222715465962,24.204121743271365,367.5289118810648,1.8640499460160276,0
74.91828592184142,71.01906248945593,293.94342913924345,3.02354896943696,0
65.62310888770317,40.67035360364379,485.8983109160319,0.6761432705902615,0
19.62443966415734,63.708256733515526,256.51243593443087,4.061844014368904,0
70.26106977886364,50.66562928834388,137.36871347834708,3.277790987086744,0
46.618085276633366,37.11119576060287,161.91131426201082,2.641723467182771,0
22.923990340122238,60.95070380697201,324.30584025430886,4.214862010242816,0
42.42511007819515,31.422907177822083,394.1815519489926,1.6244330324060936,0
98.0743827544818,94.34413445430592,1779.4550209906454,26.933754250861217,1
10.4784282554943,72.34776890502044,311.0985336607432,4.999357191370669,0
26.970432250238964,32.27026032156775,303.3416770318696,4.26403055545451,0
21.560878238386533,27.64448430172574,160.00349461549794,4.670384246357422,0
77.68393272886345,90.45177061232653,1366.5315090369818,28.332624427322163,1
43.48146373011866,55.32861620937339,287.28460990795725,4.828444582801846,0
12.489201592181967,66.80504142409788,297.4947871396788,2.3076447927002586,0
52.4387920234935,52.29958232059472,147.76095761639618,4.012632674316579,0
75.98143017207578,61.44206236994996,260.7298554527905,0.7342857432010114,0
64.16074265919295,50.764993987635776,198.63995242858095,1.9423182130549828,0
20.69174162748367,52.08805861515008,325.7008383827657,1.458973233618626,0
60.378164443304556,41.337319955453935,315.9440082356607,2.859959726533541,0
11.57087207731846,67.73266351559889,122.75255099917018,1.8646606623504602,0
12.25779041584892,56.345569361538324,88.54888732113781,1.9890779756112935,0
21.643018444803438,63.93315237873333,67.4082312157362,3.999456521344085,0
49.23233831276116,38.24567815827703,209.94650632603913,0.9156768578588492,0
42.81061915177968,63.51958344415269,245.3319868171912,1.6091375408453996,0
53.93316859550975,78.64739379103055,219.62748725882244,4.635060564625403,0
78.59114978864191,43.33108978844699,140.39183106124597,0.6889276033754843,0
57.69552451200332,36.22299411863938,212.49249935330104,3.08527123052105,0
48.05589540383566,78.01193301760361,326.51645369134206,2.920193289133109,0
23.042143691461547,30.71118735635592,96.83418038821114,1.6415613677123186,0
26.403235024268742,47.09282136904547,58.29539436533388,1.625737231155751,0
59.673530404804,21.11147460475735,234.04392668022547,0.662743895524372,0
52.5543208117055,40.90867854773932,148.56726273892633,4.073489230600077,0
56.36635474871958,60.612336549654586,338.79893199845503,2.977513002864039,0
70.7405834390976,26.20850381879508,292.1357942933244,0.221477154984962,0
74.51047700120762,75.95888603254872,376.8986111483375,0.42390311864877184,0
27.193854642448112,57.60520091253987,185.4309720014026,4.584116460117101,0
92.81601964029085,63.49347715448273,1210.0125589179916,49.55421042615999,1
31.91084864014136,77.18720686364827,459.1868658827222,0.4186206655445496,0
69.75110478935292,61.23698026478766,57.7278457980663,2.01209247128491,0
51.52836140185084,58.35577299088177,424.7820687161492,2.6736985770675554,0
60.418801547064604,56.973455096417176,332.7513643843942,1.9779959092491368,0
12.06525399020991,69.50809253968515,487.4189423794806,1.150271838734485,0
18.72688638733719,48.21777336149449,312.5369458670558,0.28694237303545367,0
54.43058384946382,68.1095539925309,493.68844295848373,0.5620235563897441,0
55.79650318312245,38.567754586770945,414.2629443269455,2.6018610822048394,0
21.61214594482899,42.184268652361325,427.7168885920507,0.2825731219403116,0
50.99328565242212,40.05292023560688,260.52710590612173,4.859528413258353,0
27.038466776763617,25.809123859233118,348.968934883203,0.020302931434378335,0
32.223109034199254,76.95687030535902,170.4500418962492,1.3387583276977084,0
67.07679932072492,65.41561070762083,134.22790171712614,2.712851017040339,0
60.191427244365,75.09158950770218,225.7320639579773,1.5965016016337858,0
38.1916213859327,72.8778527368455,54.60523538394088,3.798474988999559,0
29.47531292128105,61.19902540124224,409.1823453086793,1.266741822364295,0
71.09310401735365,41.24387374130565,433.5644071679196,3.9214735239436322,0
34.76169627367033,21.200703417726487,466.73660605411345,3.0571540361394445,0
66.06032036003174,40.543707397751575,286.3409901038587,4.381116465658205,0
17.63368544653028,57.097101260823194,315.0246418283069,3.4744354290364003,0
53.82357339423252,61.57521375348731,72.25134650570627,3.611521646647693,0
53.37237995652705,30.276404639974373,91.08899491017235,4.933877986927788,0
15.67747954823406,70.83780473212963,480.5997991848348,2.7598709763588984,0
12.321684318950766,25.15462329216923,401.43848032312354,2.6751460638439193,0
83.07961057496249,54.15829906473212,184.11876425611155,0.2903166944554564,0
59.626321629989235,37.92032944325298,96.48521501597595,3.983002282491885,0
29.485268579811983,70.1863842425674,362.06010768381225,4.712289192666481,0
40.215496197447784,50.01830938127088,223.57954755492497,3.6475191321469183,0
92.25438727799545,72.19063009553066,1992.1712340597203,12.337049853051948,1
52.095789817712216,27.078349017683692,431.1554159250876,2.0007273364227958,0
90.05090041856326,96.80379637922195,2293.747773355785,45.89021527829701,1
38.531500563067176,25.147657093969368,297.16307212005245,4.8023987578048875,0
81.35674156341744,53.10972401205011,174.07833664134017,2.2142915478970955,0
25.306574586682018,45.37258810800673,418.47480464635305,4.732290472952748,0
33.540855738627045,35.08580913124781,162.00427333693636,1.4746306692265632,0
26.255485006808172,24.672739345477446,401.6706094663574,0.5282142443512094,0
74.6268177840509,69.89443555462715,451.9124232707451,4.690915760222546,0
15.113996482409704,41.91465209692231,453.12560451057294,0.46490138222395616,0
10.911757860804011,35.44192750409805,484.5315752769166,4.653696981812063,0
82.74357983609524,58.78444251368534,443.1018210226757,1.8196944170202145,0
18.78002623207044,62.95908161250345,426.97809438019533,1.4272389359993276,0
66.95486968134728,42.60863766645275,467.58607780417015,4.328870611780377,0
63.17846962918245,31.30999116773367,424.7414008037214,0.13142386168803533,0
68.35347298623994,79.50038316990069,324.36295481524286,2.60770724596757,0
34.324703301363854,73.19537577013679,295.50845603545037,0.8336662390267163,0
81.00671835191805,51.624256310807496,127.9064476243201,2.2856028713402203,0
10.010101975336399,39.210870045706315,419.3039225304817,0.09365146030209937,0
74.6595712949088,20.235102497065597,216.97913066158912,1.1808599124143866,0
35.806871338708156,43.601170324865706,413.230896591121,0.21372303262304493,0
21.25364985204882,67.57040271641162,244.272598261975,4.017838007001551,0
84.4626803357344,76.62646700536828,817.3037133380868,42.108150930999045,1
73.68235149690071,33.493206813531906,363.87456621669253,1.213035084767261,0
58.63786150890161,77.93919048598474,212.7403974897588,2.9259157074920674,0
52.88094873578115,54.10833212940918,54.54068225984668,4.38153014833397,0
99.18613974465717,87.21432031130587,2108.3199177571246,34.16080713074834,1
42.457861325636415,76.60568643591712,275.5547270052836,1.646378646112288,0
49.94420744136894,37.689034300806014,132.9657071088622,1.4934199190706714,0
36.47188775892674,33.27426918840102,131.4726622124664,3.7287056827570138,0
31.057927183064184,61.50320684808133,397.8905637277004,1.878974511440286,0
75.97011225338215,41.60852684833628,146.69202823211054,2.0267580681276076,0
30.279496478839416,64.66515522879956,110.92036820499551,2.8194605641463304,0
71.68604227257707,38.56211372480077,172.03000357004154,4.424968066975129,0
10.909058098291995,38.25845550925186,381.53759941095234,0.9661799574243357,0
71.10032535324919,50.34453790132666,189.35625395815512,1.3737251622001145,0
32.914323299351764,39.23405516098994,499.43751547609264,0.029667483730282385,0
25.039354502525256,57.17495556962521,61.19414690657245,3.6827860148492224,0
51.65737792019706,67.70069221570822,74.36048378104434,0.4662245961067918,0
28.825103744672518,49.640700235958334,447.83154923707906,1.7696383828765183,0
23.86287984602687,61.206067735830175,429.4396137306583,0.44077322126149565,0
83.13958064685897,65.44869743531717,1482.871859735832,38.156171501536846,1
38.04407852596102,44.36492795358626,51.57988290979278,4.434669648546017,0
43.152506569834266,22.68508603557429,144.2427737625201,4.410252584829829,0
13.919340946451783,67.55974860509701,488.4091364847814,0.10894474881127769,0
22.561831682058077,52.24501631598842,301.2244359817621,1.5670529310981247,0
79.98349985076682,41.58949403819399,430.85695093989045,2.356116654518716,0
40.152041266618056,44.4298579080275,180.03101861332271,4.450781812866972,0
52.671661246138804,60.627649314434116,427.49648622730444,4.060522694320449,0
77.05744027593508,54.713835936761264,408.18795959853554,0.7598126293910756,0
57.07516578691065,71.78172675501708,260.7459383158498,1.3665965997857081,0
21.533777913491214,64.00169088392562,392.3633936439847,4.398976037467298,0
76.8054128650317,89.4292907437539,2583.5591445180726,47.432294816164124,1
43.91492712125765,65.71606254458582,391.0361549324451,3.642826058166354,0
28.49527262335185,76.0207343679761,306.36853275646996,2.7071469715249834,0
62.0461333350325,59.136866769106774,481.56979859213345,0.4947615084326745,0
22.820230181563623,43.3559838085429,243.2042525168485,0.16910820859599607,0
46.93882703641479,44.64389260946072,263.1920691824241,2.318658679656604,0
75.36526046142822,29.351092193086608,169.3313938086453,2.6867820238644353,0
90.11540795856303,85.9684052182572,1699.5673190152206,19.304926057432173,1
35.49062228260496,62.81961698672923,323.8270758368539,1.909358761172502,0
74.23673808912417,79.72529077552737,360.1533813633284,2.4432194854937923,0
66.5698730010267,46.370466826853104,307.23787547156655,0.04791343856577812,0
10.945563998181928,47.652124116179124,172.63902606809307,1.1148873739384069,0
49.2497223396056,27.626156826244426,432.08189370657146,1.502885540270111,0
42.032878402025744,28.153169007655652,321.28013605385786,3.4787916899609033,0
23.14163290793705,31.801313493872787,147.86795923834012,2.7385785408961794,0
55.87905596757642,29.27124979943114,154.72860884152408,0.8431410544254769,0
34.5623014133436,40.97686392846333,475.30287830414574,1.442291752090642,0
10.002303913403681,49.8292289529723,442.7929785952067,3.577848177365361,0
58.06560586024109,51.51909586704328,331.6309997227745,3.0512448914490244,0
56.46446500272275,38.556086689981726,408.6102045841834,1.970566917563642,0
83.15577757635589,47.02299278234048,472.6483226949583,2.8728912326528553,0
38.498430922404594,42.11374814166283,81.31180259461055,0.6118241438301214,0
84.4101729608937,32.87339127980013,208.919481027142,1.857706122247943,0
88.40677914434542,88.63868722630497,476.1281854222144,10.466047579503833,1
81.3583619247319,70.84130323456202,155.76295420316018,0.7879516107823431,0
72.41006334683064,44.44447288128113,77.75613331389296,2.381164067585812,0
79.06358858617651,63.20668001089674,212.49483828191006,3.4525331600556797,0
60.01481931595782,50.911533568292825,258.98130784429065,1.2995823692886184,0
83.43636663254617,50.301682768926014,196.04835771462487,0.9436992284925366,0
70.33709818238668,71.46593290234654,449.41504582348625,3.4746334822005114,0
71.42045214239708,69.96049759241336,1873.3404957591597,21.492935780793122,1
15.126490023246896,47.37955542934391,236.42458141544716,1.6491391471243966,0
46.961468839961846,29.86356105970485,405.76645789268576,4.420853292554431,0
25.666204300387278,24.33376089634867,227.57222824755826,1.5119925991448886,0
66.59071555635117,72.02361094273684,271.3150950451052,3.4222452423159853,0
81.9682483240775,70.21180533359554,414.592632276501,2.1362359811585216,0
24.857322456980512,60.0025313237874,276.07933752959104,2.58158280830585,0
79.6854640011597,44.83556348315533,246.02292386643467,3.8899305936025366,0
63.70374799316084,37.36987190718318,118.10356641118986,3.4984735047868254,0
26.36556509141292,50.15285640332139,430.29828455243546,2.195473107859377,0
57.80724261236549,73.59826962728737,499.06181048552946,1.9092881261091628,0
82.33574904256088,75.3934248191137,160.02837380499136,3.4152494901478168,0
75.28952247020382,74.79235770885035,311.3424913785139,0.5994293541200213,0
89.55972561597565,67.53344323374907,1929.4648593139732,13.297456666905422,1
14.962389162583033,33.37700051346522,180.93129373308275,2.338661355572352,0
81.4166339273196,41.56033943094724,126.44729382237121,4.822296341397562,0
33.41423024268471,43.813278693495135,300.06659332413557,0.3544275290456306,0
68.15096128023518,79.41335207690443,64.15573786071174,3.539460153489666,0
62.24881179076692,77.86119404215918,393.64116463544894,0.6589333431705513,0
13.010414431402488,33.701336850730854,420.1412085110623,0.3442876880377077,0
33.91501137408541,61.24621165645204,255.24742978274568,1.7510096265648416,0
16.09222261050045,41.83396438971995,449.6800596702722,4.634703313910197,0
14.251032412437656,54.772182148998866,491.7247950390948,0.714439670961336,0
53.939859134013936,52.07327268536235,147.42075526975282,1.6050990527544984,0
35.06829181127206,58.709004998054205,361.6760495412953,3.287356844280768,0
61.69828090770177,70.79325934792416,162.45193769031414,3.1302223523285826,0
37.93999553196631,30.71773260525797,293.46363007826517,2.5203550192833664,0
79.25066317686854,96.65323906312567,2044.9111180099642,48.23187537967083,1
26.999230167024102,41.96169594479092,477.4797541994919,3.419901662800947,0
88.19866755428745,75.18712815941505,2547.7293991515894,32.78072455150733,1
47.89392793358929,77.48828718826977,121.4837113747801,4.223951801447808,0
80.85521940873097,49.16345251416085,475.01954593035964,3.3883688738402333,0
11.102004149121537,56.894180874016165,228.8542665501621,3.5282296818150667,0
40.826580644915936,76.9349730913229,486.5258120171312,2.0072550380618597,0
44.97245597048641,35.902095088432844,300.8635470390442,1.907191490745036,0
72.13290032042431,64.88208436049533,264.1085667475704,3.6772862583771064,0
13.748427149475905,47.33010171315321,356.02746273807645,0.3899141649499166,0
82.61450709360413,72.00928914130935,258.1224233055972,2.261570873817388,0
54.65387629900329,50.3626815447102,74.13277566715213,2.2207953615625016,0
15.668771039055024,48.83888169874454,419.3839871125985,2.0675842718929944,0
43.91634556673554,52.087967976871546,285.916067556726,0.3647993195647742,0
83.81142626277932,80.10147547226961,2289.148437791285,9.551385165326483,1
47.23458642664748,48.24235683895624,128.85093156475187,1.4065523523537127,0
68.88921573613064,58.030989124119436,260.62738825795896,2.1635322462435185,0
76.9034916382835,29.104574777183146,137.18251986116476,4.149590154934794,0
68.0975335478341,77.94622663305722,405.46040076628043,0.6034423392312022,0
57.560660372180266,71.58486834110401,437.3847626195519,3.3371400300349467,0
10.748408249383703,26.47774688665013,197.06913781327944,2.071915846781383,0
73.3779736672482,46.40890683344795,185.284367861754,2.317507830835926,0
73.9410565934478,39.159012801282444,70.85897124542579,4.109586902943809,0
28.51179019014267,74.11496647027298,167.48005995289816,3.7824192454995824,0
69.1335507439974,50.11613484685164,279.61819079929217,0.004268487187016334,0
47.29363794192891,54.903291648408604,466.0802680291378,3.557564501559092,0
28.039868888511155,72.29274084248759,174.1651488806464,4.482187178593683,0
80.61056781295491,29.61854237093413,333.7738122427742,3.5963569253460776,0
41.601775170780265,34.30023263767982,65.0313529598455,0.2668774708863042,0
72.42726547457463,65.29235173451363,100.94929247005217,4.3268780605105475,0
27.517552080145823,56.92404528255439,436.5105467430386,3.1134390684827413,0
88.28743888910802,80.99281234224837,573.0370656145162,10.570959605104242,1
51.833756302751866,50.10194996038549,463.0111430943126,0.2464010072387246,0
73.15249707823159,67.64807370393635,419.50563175297594,1.4497916090189338,0
42.11381112379858,67.86828088046435,122.03334746902878,4.040073745313918,0
26.820198209541985,65.37153404640682,306.6742964153889,0.29075560283200574,0
47.75088479546155,59.67591837590549,411.6897264061358,3.392649227184712,0
14.338333708537046,20.047370665593128,332.8229435400779,0.9018988443753567,0
62.276180574645096,37.45261125389495,261.9872828170309,0.9129856554354965,0
10.31405827209684,60.2584825691471,409.9232543224557,0.2673286206281422,0
78.3504392558973,47.245795602652194,452.62134714002576,2.8182934981750756,0
14.39131969329844,68.7180645434481,90.87718147763638,3.6462598656420733,0
56.15655848656266,66.468645156559,157.75915079051003,3.7561509445404107,0
28.8376950661301,65.32623635093486,427.1671244193606,2.4026567157920415,0
61.38507324058631,25.68610826207564,261.74366872068885,1.6496501042123741,0
50.35170290229272,43.265859711784984,63.40135429441442,1.6484744335252588,0
32.68146334589023,43.287287406109826,436.71210113876964,4.277337645580527,0
28.29922325343127,23.44351062129641,295.52380899221777,0.2385417072693602,0
57.256984514624754,63.906565702260345,133.35049887392205,0.8029343536156291,0
58.0860724663973,34.10187792871512,141.1103939430875,4.983812924932045,0
39.6353307448239,70.19721262205948,147.9496442296722,2.1092919618374846,0
30.83895820672842,67.66305350557138,69.06286937875191,4.047896304574924,0
29.89017757612941,43.99898109761411,58.30538856936019,0.029708779221772064,0
62.96846219164466,59.84754435700103,403.39926101245277,4.836929938318466,0
67.66920865807307,43.62091315943677,90.16238823646279,1.8062484728680235,0
21.501355233706015,35.910244471001334,403.993632234356,3.993065079617255,0
48.127041018720995,31.466337361468696,242.00329127711214,2.163074664360228,0
21.52682821331534,20.181252281369673,362.60240163988976,1.9842573517093198,0
42.152651573982524,53.641668882540806,218.97375859472945,1.791614642946916,0
83.76406946074876,65.40545842582986,1818.8116777323664,26.003923517868646,1
65.9300337048424,35.75061742898994,365.7789683401032,3.411131883529955,0
74.73275694066952,24.493750520119022,314.7951003873912,3.3496317108066154,0
41.47205371051078,71.08906695883964,230.86408414670444,4.071136640365355,0
60.44515886688447,63.370352234012735,150.75375498755824,0.7841684994818149,0
88.68079727859927,94.40251180057206,1790.1168766476937,9.838953345330092,1
70.07355253025236,53.98662110519759,168.04213257449055,4.431306922649066,0
10.521409789839304,40.5965293438669,320.33289850267704,4.290068287841634,0
45.421135312223626,22.30169328727848,169.8027288428607,2.454036247263514,0
45.80621421102653,42.86603081670884,211.16608988076192,1.1718579320190288,0
74.40235909334304,31.427419821802758,271.737003258202,3.9919807450149545,0
60.70197160394106,54.23987473884734,353.49848211509084,4.506043679208062,0
28.628770655740563,69.42810499523227,70.35333391409671,4.485652331554682,0
42.536306468239715,29.434139905654007,473.2864478628094,4.7454854446421315,0
81.74054016101739,72.83503381086298,1903.8342924518267,49.15824492364153,1
28.254751241389787,78.53163974125411,323.31037256498473,2.6225947132790477,0
44.37426959406816,22.087951992101008,114.60985855186786,3.7093343004329613,0
52.17226119084324,49.10437454856172,79.33676098311096,2.115590987738652,0
77.00535575779794,67.26442011020286,788.3599031978113,23.72584325698121,1
25.021151340071942,60.88763675103028,344.2097792001275,1.834478309326875,0
63.634376486266596,26.577691664206384,199.50249382982773,1.3660091583649103,0
33.64295759870881,60.56850731608743,206.22507785343169,4.993471265152217,0
57.09252921181808,69.27556522237073,113.02905171152142,1.3500124056059764,0
55.463097583816,58.97336040541771,325.6202781936875,1.4999573527685555,0
49.8591185641979,51.3894889890585,75.12719939441348,2.154854212526414,0
21.15969770538367,49.779366277062735,79.14748978634078,0.7434219617834836,0
11.026181107051084,37.33622099945496,303.21590241698044,3.3067410315595986,0
12.985857958431538,63.781977646803256,128.67661195979503,0.7978861639335677,0
71.66349151123174,62.979520608561685,381.1930199406858,0.3070329157056084,0
14.510675695058891,44.38198431664769,173.3243933432965,4.073843406735124,0
78.4693317356262,91.86455136575799,2193.4533165502085,39.26379801277308,1
31.07533741815352,23.309395436107128,76.78678859232011,4.494055465137108,0
41.183132764249144,62.61039599540964,155.71813686311447,2.9633903295687274,0
61.01711818234685,31.396084619661202,130.20489451021257,1.7496426688570383,0
86.31216868491786,96.84447500471518,2016.1957507563768,35.03649242290951,1
24.10185509615621,20.219378680678957,453.07362863660063,1.810279250862457,0
42.53887369284798,29.686861161975262,367.158126259484,0.016894234042061362,0
16.771732754080624,28.87750004656435,461.9645965482492,1.492943781441463,0
44.96361933456677,43.036933655778356,50.776169949428315,0.8747325687899393,0
39.712951870694155,77.0302136953481,204.5437646087719,4.83138125948698,0
54.89938631477774,40.40026316359353,323.2700015456696,0.41651291555898196,0
81.98971020350915,67.56220434684508,362.13567832744167,0.8318136215586092,0
30.72393313493902,25.93811740452241,353.27500208286057,4.7516226948363665,0
50.667790411888625,46.080688898988214,471.5482772853508,3.1065104458604944,0
16.74076388021205,47.66201408586872,293.91592347775315,1.9005299935790199,0
52.903648252697565,45.818985682543456,315.2774228789414,2.7368887674987312,0
14.984749433220408,61.773286167276346,202.56284738475938,3.4622274062077345,0
74.95713670631203,90.53394446469491,962.6085986361461,25.108628583666697,1
72.91735648344506,79.17060783702169,390.8794202683277,0.26708335967255303,0
60.7840479801257,41.81668695140383,499.4143168285791,3.8736171461030064,0
22.005372621592976,76.59175098160705,373.2070977415779,2.697090963767335,0
73.55584086460378,73.1349187603067,2763.4168570729394,48.4166033179434,1
30.4108852922472,47.57377865033131,432.1486151123472,4.824115627361239,0
16.259806374203748,61.55436800465491,405.0279034435551,2.7186336741508237,0
45.3375924199611,76.01558862207509,263.20251303852,4.2463437521909055,0
82.25159980053101,82.78359077804791,2676.169285135016,44.6374117510805,1
67.69786702310049,54.211232947988265,188.35797786508672,3.9496636052794005,0
44.03421560377294,53.89715645914839,233.0955781811019,0.08794958106262296,0
62.58546958131053,60.984174511407446,152.23606393199725,4.127184578024992,0
87.80428599562914,84.03557000881699,2011.228137049688,36.26473437379398,1
25.31815797763217,62.845221361101046,209.55551950226786,2.467887193360911,0
76.46468353488059,42.761935892251195,443.32545341254047,2.253117072850626,0
51.01966569891077,31.332211205771262,453.78346483998257,0.4289554413101826,0
83.18989418643484,24.888433862776512,475.33486089179496,4.529939531294575,0
65.3069564328008,38.96629327645374,369.02935554278986,0.6516205678006054,0
53.25267991433172,77.41014005258378,53.26359260681501,0.04780856425239122,0
29.447256914933032,64.92033051505945,251.3940059598234,1.22119734044088,0
60.551493929409446,61.61059022277922,122.4216550410883,2.892558962047227,0
32.85633215396,56.69934053876084,249.29172774765073,1.9091954828056334,0
78.42725092125183,23.893956772304566,396.13405549816764,1.8061136761714314,0
32.603340562310656,54.169835511114556,399.72253829251775,3.5633061282337293,0
50.59722514758028,66.67456440491222,102.22405672305601,1.6983921886461273,0
74.70978081574214,72.8754840657807,178.99666180126368,3.7224419497463312,0
83.03503100178621,26.986731445082686,141.92039895508395,2.5074854776803184,0
67.48862871494384,32.36442679623052,307.13512686990543,3.89880527639561,0
27.8112478877038,32.59188063674727,382.27623662122585,2.170000082977386,0
75.89724897663685,30.087085855863506,351.84200977019026,0.5200514886407037,0
82.74323891214958,62.39624773965306,378.06518427327234,0.8571610223735904,0
39.53983042406189,35.913711350160476,156.96444213780296,0.21609968627478604,0
64.81157237355472,22.404145180896002,387.1020105616418,4.268815510009888,0
36.06786431792366,28.303855158087472,459.8383157321662,3.0306219444148885,0
47.31548891095766,59.22667537736938,330.4658793529091,1.1873834750281205,0
30.35570353350358,32.56440283699602,362.96402188508483,0.9131948785089922,0
25.241731831456548,43.83747757675434,143.18817119946968,0.0397709063927032,0
64.17001988917443,63.12195595836776,434.9686796131809,0.18675817407906414,0
74.70016403042554,90.51226601089523,1044.2394216541488,28.333387165334084,1
46.09584634144277,45.72350850508889,312.06675342125686,0.13147220334193355,0
63.41344160106519,43.6253084939244,457.8593949930408,2.632578082608151,0
37.42605611960285,56.22530863025678,349.89197636701084,2.05451029494294,0
77.28014050995414,98.32178966478503,2862.312924016488,49.25079990211432,1
55.887326507741605,69.0261279801569,183.70272115752886,2.896818086632736,0
52.344297920009765,69.60365890377693,233.19138027110887,2.477695064271006,0
66.05833049475206,51.64738782330393,148.0096018023897,2.4008672092979477,0
37.55430465228028,33.983191279091514,270.1725016539237,3.871110955780066,0
88.69213100207557,79.64342536342143,2252.033022473275,7.105911289214475,1
19.843365826179067,30.00724011102045,263.4676879885785,1.9505660671696656,0
31.0450609928437,37.78088461283484,209.0967001535548,3.8740486042112687,0
39.78876472138411,31.53894636706103,212.354780485427,2.9398712418517423,0
67.27043456198206,37.12424410780535,324.1501982462096,4.1109145290836695,0
66.12882622571735,79.2957269085912,185.6412103093513,2.900974516239885,0
84.9560294328,68.68795634910092,352.4379757727284,1.1224025061636418,0
58.24661638317649,33.63566321357974,449.48907923629383,0.2462220070414456,0
51.069428211530216,60.24363952655605,259.19191856945463,0.1809239876646257,0
48.37580815867496,31.19540581239005,148.94734536830708,4.888076837618766,0
44.105489172539436,63.286949426574324,136.76085619990664,1.4543986612210968,0
27.765291923086153,39.41147682422228,164.16357349811486,3.8158719280486944,0
42.32389153849722,53.66901274611046,270.3024078024226,2.5049841830609783,0
56.509944835115256,65.10788981521597,54.05254891901386,0.9533797337739575,0
55.73595711610878,68.71170198995505,91.78676282458457,3.451166667072616,0
26.83304288774955,42.57555975982532,144.26880022381988,1.149625817727803,0
44.04924333997742,72.41451834558404,474.87846357754785,3.595821908894447,0
51.76009468437626,48.83359645017609,55.294292465148956,4.618013339889589,0
59.78683561395438,37.47762483233032,183.5178301264548,1.4350008953948494,0
18.790292926017507,57.364476582648656,182.06535981155648,2.3170177369301728,0
32.245936161781984,20.55515134615414,467.020780388498,3.9293581279655276,0
69.54513500888885,37.36114461333477,111.89845016381285,2.179198194672764,0
89.9578877296738,98.32092465052023,1816.5721120989817,20.807433761891904,1
65.17473356793923,20.42579194969323,362.46015004787193,4.861106854835028,0
69.65874705922968,51.48033840113733,448.1070698397595,0.4798784834805647,0
53.37901877548068,36.33892383086497,408.6444446415435,0.2639167525784558,0
41.304608674686094,52.541537029539285,250.0725196562454,2.763528830814388,0
89.18992800369526,73.24616759980857,1249.9083716343807,13.028479645678525,1
65.64222452190364,60.83498557512604,224.40485223492445,1.8511474291248675,0
32.08366690521893,43.16305613911015,364.56233631894276,0.16593815112500743,0
19.033550499742407,47.015911609798295,388.9563864389424,0.31915496013056766,0
71.98430995808062,34.85789858428632,138.0498330314041,0.978875557065681,0
73.7469497877404,76.73778066493982,260.70188184168455,0.11110319759969178,0
11.43586509976275,33.2077546518516,119.95353147040578,2.587327768268632,0
10.347401725345215,46.75319719158847,74.84793203768254,4.3399696666805525,0
80.39919083109659,62.51599181878332,2430.1875045279344,41.85410228174502,1
53.01724600200325,39.50797570401586,310.99249420343773,3.7966178428920094,0
35.06787390220456,72.02912906006732,108.02178743891773,0.17855474514071545,0
75.78179357636417,28.294733938043425,433.90012512066636,4.461154299744358,0
36.08569059266448,41.69996499170257,473.8884944646156,0.9620551894356966,0
65.62204655889167,36.18776347354185,248.51461971608444,0.8153293368003178,0
94.25206899392683,87.16999223888281,843.4117261044097,40.898495862855384,1
65.34021389211475,70.4265650327612,117.24435596390857,4.65351996596237,0
88.16736031092285,85.11753162852999,1647.0950655700753,16.759241783789303,1
29.396562616602907,49.85396500332355,489.7587042502021,4.789065913766789,0
38.265016026039135,66.10399573692679,398.68243094034455,2.892238779263482,0
23.543150884550016,27.948239380515595,351.6869815965305,4.9365777459931435,0
45.669714386650625,34.515663687154195,175.57712473097143,4.410711571129305,0
55.99687636655343,66.22470722411862,128.1376906814354,0.7973004889338359,0
47.520890140582026,51.66633254413262,321.22841022842084,1.9185767475016335,0
11.090849925091145,36.74782824645618,153.96626207617675,1.068564874262895,0
19.52083103162295,21.35418179440656,73.42357926528821,1.8592465135197944,0
20.232981441754987,44.618223312359724,348.695031254765,4.243343378093549,0
30.877636124699244,74.57332570623214,461.8633478138413,0.22166125401140713,0
71.69010957881476,31.520975058076928,446.6600441958002,1.3561076019205909,0
61.820330357684945,73.11433272245392,393.1936514402634,1.6337802362151543,0
25.172046186865273,66.84712900192858,443.6968853489649,0.19527309206278043,0
19.103981361955483,51.21941757148314,345.5252179055288,2.6372052277888924,0
10.398510675125946,64.80459846788959,265.8343802897871,4.994714809902589,0
65.58404869675442,28.483013252980413,449.5181517342494,0.35626342660682486,0
42.5270748490285,23.233897423627326,140.4875697827207,2.8769085180497096,0
94.51882784765965,68.16926884040419,2131.4807525044107,39.118617776503385,1
72.1197637802316,97.01597955573985,2442.3313747325333,43.79504930466813,1
44.44299081977186,66.71095280369981,341.0625471570936,0.1645929338197688,0
85.35384982826255,94.97075359072896,2388.496581132494,8.445045800164277,1
37.69605776616558,75.91476395584735,448.0120911089874,2.140674223555472,0
69.18784289555038,57.538994776487186,496.6654441702301,0.9759690713796276,0
10.45352823879838,21.38664010806753,111.74775422452967,1.085720789199594,0
58.436678971486316,61.16145343615346,290.98664721301975,0.8053708903473433,0
76.76612519771308,51.05778970387803,201.61709373381728,2.8511972122290037,0
74.95717252087687,34.99753887436974,331.42893344618574,4.229809763479779,0
44.090579857582995,46.779581599193676,396.2684242920142,3.0703249236369916,0
23.83442882949125,54.88199343227449,400.8354602600656,1.5481666185419658,0
88.79095323642717,75.32466498487861,478.3229507262187,5.305344748684725,1
34.77135006265633,43.833651773973955,85.04152893786485,1.0094802806644494,0
89.56197459055834,92.35774275069835,736.9373854243845,17.707158720795313,1
28.18072993113102,55.62107719452399,136.85674343256437,0.41596838425753624,0
81.60883238553211,78.3611771824965,741.1299324542863,15.249446126842555,1
71.03462647802115,49.520103765924965,193.10436716643417,4.693001578973638,0
74.17720703781545,37.07071758454665,90.76341089574578,2.529053417598575,0
79.88053024873811,61.825468295645514,346.7705769894433,3.725758267633929,0
30.995042270945714,79.92757614893927,62.88403722604377,4.462557095470758,0
72.85864672360827,49.0527883608585,236.57902807841504,4.2875286997862805,0
23.134235509776495,29.666001395385337,65.101631741263,1.0999010244909075,0
91.70677875983256,98.716754874544,1178.143226688118,14.91631713840124,1
34.40497736194508,46.67441006416571,330.1321407857222,4.30351016271075,0
45.566066249309785,35.761728620116116,304.9099726908354,2.5266766048857168,0
59.77533740219861,67.47864285876001,225.82284901458087,4.419380559929409,0
82.72927245984827,70.48140627831191,107.24185370200138,4.091186435096149,0
58.07241460740683,73.41815342681122,53.94863977786302,2.473341411136717,0
12.158700723500424,64.15522438243693,436.2311009988978,4.483756823065324,0
58.41507673078917,29.754024119808715,414.6808733865425,2.7189509496493605,0
50.522455507112475,75.95874304047007,446.26209940443493,1.4826086019557305,0
83.68898925371667,84.32848329291413,2638.487715522264,13.009376150067407,1
64.86223480323542,20.582021295382532,298.8261021100516,1.5031345326932426,0
22.202480785642443,45.89048719085854,74.9708244819773,1.3459322008584362,0
16.17042432077964,66.32190715834129,90.90450566354653,3.408407950562085,0
54.49161775805382,48.40609601564293,485.8762169056683,3.31722196819483,0
34.38874915200603,50.294687075008355,325.54007997817854,0.5007164386917556,0
84.67233321241626,44.97302186193887,389.71927988250724,1.210199963880233,0
48.56758288102087,23.16960118188332,451.75817281544863,3.271966824152874,0
21.243807051158033,42.51928074638083,52.61169597932349,3.238297928201473,0
26.10219155975166,73.74872608391472,162.86185962540338,2.974126446368856,0
81.78511244048471,64.97754512894141,235.09521357047132,3.119312708086647,0
20.297502453667768,37.170852247874436,321.1848145785357,2.0348609745554573,0
55.53171840390655,68.35347015181125,399.57411625172983,4.493534147873966,0
60.43804470052368,44.473095611021535,191.83428056928372,1.358902505955986,0
18.798114172179588,40.24862274277831,453.667332312808,0.4844608058208405,0
61.243602121723434,53.1012780683877,437.79822790520956,2.0430248536162003,0
11.478290331577313,41.52455063257332,224.2810281538985,1.5704522761678903,0
61.71450632736708,56.925734901975595,240.66191839983904,3.3739821480077796,0
20.08110077042307,35.139364655824714,491.92008025387275,0.14259246955646288,0
37.23117222989763,71.5160064189499,292.4687152623511,4.915811449557042,0
37.78540770935365,69.23045025392655,326.64692892031803,4.027515556299316,0
81.81857613128629,46.59921924636192,210.24035318963615,2.8695872197978947,0
11.07951164723169,25.218021215355982,90.05143009220583,2.9313392159663403,0
11.889932111580222,20.337878764883225,67.96948516952418,4.859235271403943,0
55.94301012586144,49.777707530038384,163.70583248270708,3.2791719380870266,0
72.63568552979544,91.41554763379631,834.4644142321655,22.76578415864243,1
22.551777417758576,28.49668103707396,424.77939179007683,0.9257044252101776,0
29.368329122421876,46.34783964829103,420.6759287616443,3.756536478260882,0
84.53862916747737,48.76729868898594,127.49824499316472,0.7287058793698886,0
39.3179496929136,76.51433523562521,162.8293217009245,2.7147329228592065,0
13.41888684615016,63.61879228074893,333.8397491183454,3.0515389077004795,0
39.00302927829834,31.50640749762026,367.93833453643595,3.71285055371228,0
74.15954380082555,40.092697408219095,162.52554132956894,0.16566731096605447,0
14.653106271741573,20.712280800161558,471.04480823429503,2.9456990793886177,0
17.5784358257985,45.660145149450145,307.4660950038801,3.8126283854698793,0
27.598156139159016,40.2799268617094,221.49919670372728,2.573882110002268,0
75.99359700452608,53.12109033773907,186.1267821581352,1.0186123096525774,0
58.921873644395475,60.45121692977683,72.56481038231459,1.0190974685825567,0
43.64579732159069,37.512030622183985,461.71935579663335,0.20349897626903812,0
30.610452666110206,54.61616740069038,244.41115983518372,2.548613527832405,0
63.379210430953655,52.93595146996026,181.72599702789734,4.491192991000737,0
71.40551721130382,48.847170090783635,484.6563463396149,2.1364085406366384,0
55.72730688644619,46.615982079091225,162.74499092209408,2.1813356740220993,0
69.5657996912054,46.80437151868357,89.74072454836002,0.7271142954771992,0
80.25474915525508,52.301786126061366,331.9896574902913,2.6184919313565453,0
72.46227825912032,41.82353126814105,360.1207542760287,1.3610940041988784,0
72.20135169231328,76.52337997509605,1024.97171331338,8.19847034121123,1
64.1839086446129,20.44118267326562,311.2788922170592,2.289068250423125,0
76.1267958882631,63.8308792415796,238.64000327183052,1.8864286218561994,0
36.94065602370178,55.17094124530048,166.54930453764484,1.3089500055135372,0
93.60637593462889,92.86246075564269,2060.2192605845266,3.56941769515131,1
55.71732504849226,58.92097720144187,402.7663756138494,3.5507094128126404,0
91.277862813385,87.73838308031463,1727.370746877512,23.950185284199392,1
69.45685851796097,69.01267915362698,311.5334042294511,2.7426949603559443,0
40.18046944744838,27.414349435969427,378.5338249714981,0.8430340314475715,0
18.36947499679356,32.850575164375215,178.94632934921768,4.259181293809503,0
79.49407188711209,78.94895483607488,455.827242398752,3.3008632082347846,0
18.239733530558723,23.29429345464646,238.92745205978449,3.019003840060945,0
51.56698855990125,33.782977020993904,79.27068098171327,1.4277146893476673,0
41.81665069352322,32.81257126942048,425.7362972665336,4.943282774570062,0
39.19012590506223,77.99733325376644,171.17169093734344,3.6694048663687093,0
57.36701650693904,48.188259286920896,217.3113460735411,1.8732654582663049,0
56.675744846293455,29.871522343568742,266.47300736434323,3.0539067803897364,0
19.815524553876237,64.55815938090143,417.8895871811543,3.361357538170963,0
37.22371303029037,47.3191046037157,274.34519524908194,4.339555658696306,0
72.9385296235224,62.42187015937306,249.70767844087794,3.056033759290967,0
40.700050473628224,43.41431297503971,248.06489294207157,4.113124638392801,0
75.56668935138819,51.59569655538736,355.8538090132857,2.977249657346483,0
10.412934937031562,29.64280095145914,165.38826630893928,2.805243676833519,0
63.20791484754811,24.77870774208595,453.0511456870519,3.521316434101729,0
18.743730591677256,30.209158468671014,135.82276385213538,4.218190064228972,0
38.81550347393502,38.285654767839546,100.4951926612728,2.652053439877017,0
39.70007247892114,77.2782591203881,203.20281299462258,1.4103381227213836,0
54.58572513896298,64.37379488667608,452.54248350826595,3.3332373284963874,0
78.49652106821776,22.532028114877907,434.71654542998203,3.6033817954625915,0
76.92268736047392,56.79022164458702,397.314399321498,1.0790559320932909,0
49.00510158833581,51.71939623935654,50.42436913737065,2.227027142889174,0
22.471252656705957,66.1838850978128,300.67966970776274,2.688853888973048,0
80.5377964659552,37.35069523138659,186.9995520456683,3.838704049263545,0
41.86381321510652,22.95641921496629,167.37582326178935,4.444761278453201,0
59.383887599381914,49.2424884752747,206.0420323640309,3.485706752461995,0
40.61137681500236,77.03638229479236,204.3208021265174,1.9389157872318945,0
29.465633738206776,59.13584035662621,479.93637413574345,3.619355191573586,0
48.085379796908434,31.007473085531903,196.4610449044802,1.5080178314858228,0
37.080604475577786,38.06954118712672,224.7650949521964,3.6309056100000765,0
70.58844564559439,51.02791352063828,324.440930743492,0.4110079474096684,0
28.15165599856579,38.31287180773155,286.5339626001663,0.4260704345088545,0
41.782758994819254,69.39358155478996,107.17396260710177,1.3457682048554487,0
87.9163808255798,79.29872364497513,455.3223160295662,49.09074700343932,1
56.65650251709051,58.77859601944288,209.41957459743162,0.979360925395687,0
12.44942955883719,71.21779571167743,280.4467349587096,4.769512305646249,0
84.21290000382419,30.02805889215843,288.3033921417517,3.887875135195251,0
38.62123743318512,78.3736633632617,378.4433056891884,1.2051486616796288,0
77.14051282653995,54.946104613297756,384.1059038961005,2.3236097809937473,0
28.645366345997974,76.84863406373748,232.3319467104325,1.4579268675609764,0
36.57034954129118,27.548140180763077,372.24136302418106,3.869902981334552,0
73.20339266204161,78.27319471312967,120.05425649388893,4.753409684035413,0
84.44363466158225,69.99645830172545,160.16483302740534,1.66915761851036,0
74.12305146711057,72.41333457362532,329.50638459087304,0.4384835458115466,0
32.719817923032195,44.657636482154196,277.90750344518597,4.410272021393842,0
26.56395872222567,44.63136706108567,410.14618673292017,2.7576532646614145,0
68.23097205564977,54.98634543679388,295.41328346013876,4.04293084714549,0
25.78802047490072,55.1511273459901,261.0564937487545,3.8995788955270494,0
70.00026113227611,33.705551138505214,283.28339513055914,4.354603304249493,0
29.46823369562869,71.15232445135803,244.11445537460088,2.6718221442968964,0
28.14199705846669,42.68149696606412,470.8626414774498,3.8413797389976128,0
38.25073303220968,64.2336606349896,368.91693014614094,2.9912646525852598,0
75.87140244784796,61.33712028813495,2333.8471632545197,41.440723880051216,1
32.31613384891155,66.12585084326963,335.71140589042886,1.1365120361926189,0
36.6123891657372,31.17900659111201,425.847767273946,0.8938814377524357,0
37.668522967732926,70.62372756261544,344.1213286408519,1.619695600803579,0
31.320556969563754,79.84537634321325,298.49678062458327,4.191995442433461,0
72.70882774054365,51.23932122404669,370.4845918907715,3.425225878543098,0
60.43888420577788,49.4611857601346,238.21883640615908,2.4140874717520555,0
67.53912166983451,48.31415063387138,319.72065001749576,1.7700247159062132,0
19.988659425064256,45.66150728200766,250.3826475688447,4.57279138844079,0
27.76929954225426,37.12431741817049,368.10995679454567,0.040594035184974286,0
74.43338182351874,69.4833898446152,235.18022130464468,2.955493996359963,0
66.98677438212913,21.772518116689596,381.22430651725534,4.3572603230942155,0
26.536465680263152,23.13674619612558,365.0844023737054,2.468847456863308,0
11.154616876848136,63.78070481883448,485.98670096050483,1.1988986942202373,0
70.40725322844844,54.25118153265876,251.0754037339679,4.973450649822626,0
30.310474602772942,37.39924355864851,344.6741112773016,4.359569943793183,0
26.51374014623585,24.649017593328963,355.49520457576847,0.2847643364784058,0
16.086188390217934,76.01692267010564,304.1821269498085,4.974749930609709,0
18.176021173069653,26.26228748496974,364.01211432248385,1.8541704229699474,0
84.30093677993244,55.26219370048859,470.78447719121095,3.7524719224754826,0
66.11379340366348,47.268963977321405,169.94755420442914,0.2768956707397896,0
80.7846320155636,96.89118659054695,2368.8450347153407,14.237483470370915,1
70.93553657831288,67.876591355198,313.86386359532867,0.26665394919294483,0
71.18748437429633,78.58937966887322,338.72899942148405,1.9898018822255743,0
32.19490220774621,28.12513098906968,402.34309230921315,2.29805835886802,0
33.34807743670027,53.2772294726687,487.13083187389077,3.7507741189746087,0
22.997074005313433,77.5323123914246,150.572441415128,1.1657365180904327,0
15.956452674173995,35.1198932986443,108.83063275603249,3.134739276208775,0
22.01692007323797,73.61207500990622,393.5215669026032,4.520408542706541,0
47.96063971301831,38.1660564570455,205.51139300691386,2.8839485424861815,0
76.90635167051758,58.166338078617116,157.76992155655844,3.2436674122269906,0
33.71170787325629,79.30223400329427,366.83855088905096,3.3497459050154004,0
94.04041431885136,68.13931622953056,1652.889865909648,39.56333523288902,1
48.37805853360256,24.533269625766174,465.9069653663598,3.5382719155906006,0
25.899554102399357,48.6195149226905,292.65373730141744,0.4053745807364939,0
47.69778198288941,45.1600808251573,198.77036448650082,3.0983207580985432,0
65.24014212510944,38.82692859834373,172.81477738973155,1.6410087526880872,0
87.29214080306176,85.46030753065807,2279.8443787517376,14.428875955709264,1
10.975144263305202,77.13584087200233,107.534218058913,0.20533186873305798,0
15.258110473094272,41.014196859624604,257.02980753107795,2.1873691138542046,0
53.01467135916799,27.505334590184212,134.0635541857243,4.6036896784652805,0
55.79100662615684,29.45966160781448,434.90125863604163,3.930652112310909,0
82.47183697838591,74.11620879428092,1152.7450369132541,25.297890131573535,1
58.71316972805855,61.34654488920944,449.7384863469674,0.7157815583203597,0
32.12805307406172,52.436659659483745,334.89807022297924,4.590382811343207,0
44.55502001812554,31.844224023832552,375.6858734335035,3.2439931228944427,0
30.945706634080782,79.50116842356414,67.09902678713397,2.1276714886059978,0
33.277146919268034,29.396768893558992,325.541023181115,4.617380189091919,0
66.3382852715532,24.798948967805288,422.5416707777782,1.3861250371094114,0
41.31855818386963,42.6409086338187,221.72946987947176,1.2172281701437238,0
79.61365735854636,58.44261348363329,434.937269584031,2.2637532592901795,0
76.14458187284829,39.47039895013684,351.6186590724163,2.0504484163057644,0
95.86019416805765,95.80385522537648,2562.849012108769,43.3150533647212,1
25.662320162094247,63.29070679060542,360.203052034672,2.995985455105541,0
78.85378132018232,89.7034519387825,525.8363445748209,46.35639708770605,1
74.40732095121041,27.622014558393904,332.63756445714597,2.8593785823547586,0
54.64222995395512,63.93804623649086,360.2024699900373,3.8501965784106162,0
42.13434278865966,49.63082088449368,468.9628683249032,2.7109782244303684,0
67.00041587215739,42.8090085174602,203.9427525917416,3.875713820226694,0
45.15759740983794,78.3232084774093,268.4731510246427,0.6822555913522926,0
95.97288189690482,63.39217129150423,1306.3621030520546,21.42527163571192,1
31.2463302619433,48.14362041326922,178.19988750637748,0.9651808110716054,0
27.86370857850449,75.00536018712481,178.04327462242526,1.7463245292381946,0
74.29232030273432,46.5293682867687,450.14630604088586,3.877072574832118,0
45.73277397578437,64.7788287541446,104.78839894145528,0.5444080801558288,0
64.70085955659972,52.249625220394066,498.2660739200023,3.049058289893508,0
15.290172819471742,32.00053526676486,414.17656896714493,0.3587398211285686,0
34.06409070623827,49.931061424656455,110.433633977834,0.5286763396322525,0
53.15193798468239,64.44679202964035,334.5804028108384,3.2223901298994173,0
32.186807312240205,62.58828279634231,345.60195559460806,4.91640301287587,0
81.85885066895753,22.050535342465245,344.5631600861571,3.149049928530588,0
53.266090098340634,63.044213324312615,99.7256080524605,3.1239996103637413,0
18.444284989689585,29.59479470144765,406.2798018498438,2.988410640139038,0
62.17136098726051,76.06464767427289,420.36273895809404,3.3079101068779666,0
68.63678975087018,46.29791648198996,393.79867219379435,1.724810423796161,0
53.9967938712747,50.30994269136395,131.59663524694093,1.2969068670419526,0
11.926723365205612,64.32668173511587,119.13418417697,0.88606954134547,0
15.133053193196961,27.47685246245127,391.237571080982,4.505192488670116,0
20.137471686611708,41.33178782912046,467.228676981195,2.4077669856362998,0
50.98439062960933,58.61312737924505,132.5589142859818,3.804867822658266,0
38.219468914818684,52.6880651165659,264.1917606571492,2.1906117354043158,0
98.44621185446394,95.54438693548407,1040.360533662661,39.65828567178847,1
42.53829421414331,27.630871353013216,316.6004483556864,1.6902120799851987,0
62.04621928826176,53.468607544126066,466.9252785698996,2.86656872285761,0
53.967237401259794,59.77158725807994,202.52129897166182,2.2927438573970003,0
55.23640820997912,76.82917616038128,285.6525799995433,3.9567076200981823,0
79.065430039886,70.33036020591622,280.0830858107156,1.5443260050607888,0
76.83573352735533,62.093915936176536,109.49518526913485,0.34753898257596616,0
30.646616008889513,77.731154569508,488.994437175779,0.6407749228156634,0
45.56303718154939,74.57572346665665,207.71159104306756,2.348241782013461,0
56.71678568642502,45.701108034130776,70.46894366252357,3.1274841855835205,0
83.80098724078482,31.60683368071625,448.9388018173255,2.999206105715571,0
23.30796578347921,78.01811087709892,489.0222358651004,1.258722321412652,0
50.379623446521826,73.07431922349576,466.8023525926235,1.6336184157229916,0
76.22453686223298,28.51066385701911,126.34748656552348,2.3388813249301736,0
57.59368131627278,22.61965572278051,442.8660206867615,1.1566415615347914,0
37.63366899374341,21.33216877927102,377.03325435319385,1.86808886155154,0
47.890508018247864,27.348885011017835,254.23396505827353,2.6369675704392357,0
26.472619644592676,28.296531660668514,461.9825279225135,1.3452552754024283,0
27.331063965587216,42.74965183879661,253.0468909752783,1.6410308428571119,0
41.89211390782704,35.46173889135078,449.28095079979823,2.5833024790097014,0
46.46302405786623,74.20446535176758,354.73554228955345,0.10382044862230488,0
80.3728613836362,75.33339908929162,371.35468733103755,1.0646297524130062,0
55.7580941527176,47.8563421594604,225.8161478096492,1.2115284183321067,0
88.65472258917325,97.34781546593898,2597.979304105893,11.23569311180041,1
48.91882789621282,38.53506337062596,231.60667660232062,3.79939352019395,0
38.99053801172709,54.16894328819551,110.40728859218461,0.27193483000786167,0
22.102210079153778,31.554897947511673,491.8630030256364,3.356670155515028,0
59.86837933654135,59.94591441592204,372.0544160551596,2.4458998077351812,0
97.36090769354124,78.64844916779097,472.37172327057186,34.059071030771456,1
73.6031567201113,71.40379679035385,138.0643426863678,3.5713173141092436,0
83.55545076875721,32.77100516230145,394.4743251823848,2.397231143685029,0
59.277287367558046,66.37243618291119,405.7967867205249,4.022733460712665,0
70.21082011183753,62.294667963880165,62.046763566407535,2.880927062536362,0
50.273081717006015,52.6894805404059,245.13016410575324,4.990873689462325,0
50.00958189822411,45.80856392580958,387.73579131353705,1.3340189104612565,0
82.26099606057457,48.58029760966197,415.37401308581235,0.21734199661857412,0
29.150228032243312,56.9374638009876,448.1613864320881,0.7483875278522439,0
50.59525832062586,79.91703914986309,425.12340140970815,3.9407200698395553,0
88.2442882714945,96.94620197115029,1273.2403451882294,37.807927375380785,1
17.692597193769235,54.63198478535369,205.3418139679029,3.3534388233183057,0
15.414880673438187,47.64273028089653,436.6319897349988,2.715062550071728,0
49.8470513763199,69.90711801110956,427.93680770331883,2.316629695583466,0
80.62197585380751,92.0406723178617,2223.860849967761,39.41160396652599,1
37.014298105844716,21.31080271917211,354.7358256526949,3.456932226075093,0
57.7218515484436,39.301182122078565,126.37554788654283,3.718904650724281,0
56.56866383256078,76.24887034394628,329.73331011944606,3.1396874664973002,0
80.53439382646857,78.74191044750005,295.7444636014809,4.969988667068356,0
73.00810588293999,37.21201249896764,470.08594072248377,0.6845789623844528,0
74.6063534571638,59.88846551481467,362.3089756210544,2.5386548200611907,0
58.87501190319138,42.72220133486956,134.03582806879712,3.5724807639217477,0
71.09829147526602,69.57517822904992,2548.738233489458,34.032820789822054,1
61.926572961581066,40.27819875442873,134.23037404482062,2.5319835232622956,0
19.92015363238613,51.01020606406995,237.00178945549243,0.4119086953920531,0
76.5314818198838,43.23338847261242,140.65767310692218,1.0110754372948665,0
66.92539618914483,42.8845285941874,169.40411366311992,1.9712099391745819,0
46.30154293820531,57.60702902311068,219.64695591498568,2.1941836904206546,0
18.01576923210579,68.29801003290112,104.68002629194977,2.2531052396513784,0
70.19802342646972,38.559453461493376,345.38591040335285,1.8633804774791896,0
28.051953387437873,31.617428587727648,78.36514362489271,3.3931350249412597,0
17.04255368420638,21.262214147628118,295.25378707577323,1.2740881182219073,0
63.054775002469576,77.68998075422884,226.0997764097867,3.698974963289294,0
44.79485326092496,45.96602490249162,73.27439714959405,0.5151856548755024,0
33.90643771990524,45.65251132158272,465.9423597533431,0.17734792670833277,0
60.42878824687777,49.09953707464997,207.8160473438273,2.9273501451144464,0
47.938951971387176,57.200080008644505,199.35782820387354,0.07972843226655424,0
75.25741554256975,68.87750336155503,232.84536433051068,2.834752378194051,0
63.199062135445715,35.75051625599265,346.0778726537364,4.203407543087911,0
60.7705587247628,59.84444727199005,277.05963555176027,0.22154905619163112,0
70.62980110873458,42.784244289298925,205.15411789454143,4.036571503845262,0
70.21400864485085,70.57672894737183,272.31929012108,0.3426299379849407,0
64.29797915995704,30.106433067914914,291.704336729033,1.3399822439768183,0
74.95267562843173,36.1694030080018,397.35146584636453,2.088026236511984,0
96.51977650217226,87.12948207071797,1031.9563463156842,36.89006004323571,1
60.46537514485598,27.616163460450583,127.18084894160998,3.4332993699164716,0
10.877995804817806,62.26961818470108,398.6724949945796,2.827360657751252,0
41.05973143966953,76.30685842462447,181.6757273405594,2.688123003736773,0
11.218258240709027,53.13333681043079,188.9797141141066,3.0895912841899555,0
76.85575443120233,71.6493351524311,2389.526406210422,4.2332230727694675,1
48.45163832623815,53.82422608672397,199.53945983298183,1.9646865251390333,0
10.679062118527824,49.68970739728521,459.0684235914062,1.5666391607565777,0
72.87465285333533,51.72243919304316,235.74338273695713,2.6748335283270217,0
11.244436047444841,71.83614844759728,462.93493591476954,4.927023917403157,0
77.29118184649951,62.04850508010442,185.55158662802575,0.36722345502880727,0
21.431200999781307,55.24219211453462,330.63167628376885,0.38050527916681176,0
68.35189323584899,43.287984860134955,305.22404583314176,4.945196208778978,0
17.942935330281824,55.11168712357123,344.1023264953368,1.9022222588298061,0
23.607876077172023,47.59651707763777,317.34708722394134,3.0664319691656488,0
50.304670220344214,30.43782235420032,363.8575702520271,0.4183170502559158,0
55.135505045908545,63.168213878802874,136.82049633175788,1.9827299348680754,0
73.38406386220261,25.86243652320551,241.10757126363217,4.564927032155043,0
69.80695162051961,50.73563383257563,261.1770251541086,3.926473333613366,0
84.43859651214785,20.054350114765413,344.85461805935483,3.5505204729641564,0
49.10842667826921,22.823671872616845,101.04234203562868,3.0304467027826836,0
81.6336405468776,46.97593436046424,288.95140838433315,1.2583970193015515,0
79.3520213708922,28.02173926396617,224.5543380282784,3.8736179665228008,0
40.83928569021183,47.367632536798,135.36336418255775,2.52531892089998,0
12.514932605183454,72.48461897939396,407.8791701587501,0.681138891592245,0
37.71806495700798,45.10696983052749,469.35620798927147,2.3962118751966526,0
13.397800732903338,35.45791992581175,467.340276417243,2.8210898851668276,0
84.66766753680159,31.992378478966618,444.33348822116824,1.8561746723705974,0
31.16403060199001,57.29043866828505,192.62537988601346,0.6837751180669377,0
82.74340345804528,36.131692698740395,183.31508899255286,1.9742683720183918,0
24.140545431193836,51.93826183088997,458.03406765764925,2.73519571810328,0
28.44682962883811,62.1966336639471,51.524531592187614,2.7212485724781925,0
35.13391406943565,34.9386139496819,425.6593216609732,3.0428586215300824,0
73.79620433808535,67.03831103033536,330.57851448029993,2.548848367495245,0
77.95832515993727,52.53799853726475,415.1333762152953,4.949674757314998,0
25.114628350473463,51.00416269640387,58.68460950214315,1.5877906980984235,0
74.60842645159931,33.29883887705355,247.9193320249599,4.9174660289988745,0
85.55194572363907,84.01693709180495,1190.732592402474,15.487679408389738,1
16.308010458624807,55.768558972993816,458.55077018577475,2.2265980911187593,0
77.34664121387644,78.56478117328805,271.8465930970393,4.075722987128922,0
59.637939238703396,42.27625523032363,66.8695805913467,1.6196778303901689,0
21.4644354388249,66.88772532528256,112.63451124109417,4.087972734757731,0
14.950738310518119,62.236200022070925,437.5086093701516,2.7307729560359824,0
75.16787383590386,45.82059042134435,61.236905195359036,0.10820897304117838,0
68.74734872170357,56.91289379581484,160.9069413368773,3.4128906854504137,0
71.83536382034117,28.402688728053743,363.4425600745518,3.3362982299117454,0
61.77421351755467,64.49618118423251,449.9311052239814,4.047220219393173,0
83.00369643736158,20.02461736635049,298.28789732279813,2.741079553274603,0
59.879199175497334,48.8764371096563,359.06954719653316,4.560679509615917,0
41.97987676012169,67.52018756781176,380.8021211781782,0.8055495259291656,0
38.754785579369425,51.16692718347426,264.1072062806311,2.6743940773379493,0
65.34380450155192,77.82905967129082,51.92679102624663,4.414426533225921,0
77.11124920453958,51.4552832322642,278.99431313420064,4.572643818184319,0
85.74670848265451,94.51751748575003,495.79184011141876,3.8249777252406694,1
10.379618788466402,72.1720203088988,62.80582632976512,0.6699934060283536,0
35.309070922317176,69.07908626463232,103.6848112708156,2.149698738925594,0
53.70358370085111,33.9115768329709,193.72285257515833,2.6112162578344202,0
55.51352166551043,28.102288200832845,125.34032648581305,0.7395556817276439,0
16.209900094384487,44.02139761038984,191.7751861933945,2.7775367616352282,0
19.44663972845187,35.20388645356236,483.8656081395011,0.3328597365121755,0
41.36085911220997,38.80216438582148,437.7346728104963,2.2375034880872557,0
80.55094338365053,46.162818447114745,437.2720206573693,3.245946423182466,0
38.79184160299086,60.45761442200148,444.71970516703743,3.2048566206106877,0
28.99542876420363,40.548513151178255,125.55171131225599,0.7768517796841606,0
82.14837342396585,92.11939681670097,1006.7065648943765,35.2624041994194,1
73.49640063145593,67.22341300787188,501.84618614880685,35.49952156535422,1
75.21537993469458,73.6871796643678,515.2027965027395,31.072676979376688,1
52.01261375963814,69.00760217446086,309.6149623698396,1.4883598967315188,0
91.26196997694595,96.4220598808548,1191.6972705959101,4.486874009007822,1
86.00873763179852,70.95356600048149,2653.7152184199044,27.31293530683344,1
14.652757272158613,58.012117616970215,435.03245669085516,2.0359642484292677,0
21.577203645565174,79.04536783799085,377.3287822306782,3.109415807274665,0
84.77120630587522,55.20922670441382,68.72145500989461,1.6899801565596144,0
60.457346080935004,79.7607670029349,267.3290134474995,3.0405059342604583,0
29.511834322153838,49.600495283142834,77.2011153433716,1.5854439363706279,0
75.51839680800829,45.278052898001874,225.2971240166851,4.358183852600275,0
73.84051855365766,44.62992282184276,189.46845915312488,2.1577714497655363,0
50.18310130560688,48.11341967546808,226.249944295464,2.465977598939646,0
33.40480334890155,61.72125504391218,400.64141154429853,0.5008550360071662,0
72.16625244119571,36.67346755926536,164.24780493248068,2.4123772220891624,0
74.62486635243258,39.340307484856616,403.532061929599,4.4757286841228385,0
61.7796121472024,47.558221292784424,440.9407537414642,2.7631729091459696,0
14.679555144870793,37.27604564559314,316.696391548451,2.053908714547174,0
72.35301357892823,71.76624664755354,97.02840318922584,3.901032861005955,0
60.28257503476881,65.23626106648544,324.72777831881865,2.5487520580688363,0
71.8607462605835,83.00846521256746,2647.720424956791,45.767229509441336,1
42.24483080426111,56.25043629035551,178.16016841229788,3.408492350414173,0
21.715113094794944,47.256243461625516,308.4663759075563,1.638930345808784,0
70.69438753081191,64.87125230764391,2200.208713593595,24.914034549444267,1
26.34194156912426,78.24008166763224,147.76583022223906,2.4484502108044075,0
35.10917814180094,68.36099027618414,360.59484951476054,4.972827841042883,0
36.107169487621604,34.22422347045068,347.85074961540516,4.324842797152401,0
17.910527496747292,59.2396532852149,332.34755345696794,3.972206004606969,0
84.98686467804771,80.09959889904233,2099.2166153194903,11.623710604921085,1
27.56525281947506,52.881289833748106,469.62314353118285,3.5837319145503876,0
66.54714276975879,47.379009233057744,327.59860246736724,3.7539483747425404,0
76.24552010696678,50.41580696463166,422.7453358888292,4.9849345044543085,0
17.356193558818344,29.84381529592011,304.38003197929197,0.885582843391865,0
82.1119243430584,77.77222964010858,476.09032887318415,4.309549741521897,0
73.85188515406755,65.84434190282649,2080.7038776088784,23.14385253347305,1
76.21861123890416,76.31469437516199,250.44515387871357,3.2348284201065436,0
28.82249960052235,59.81748324603798,143.07846716460256,2.938842313030448,0
72.92479957885081,75.30360016709969,78.10221005005181,2.697614717563248,0
40.26121496592978,62.62109004273994,279.4504766925246,4.023685323834703,0
53.75438460745904,36.177800526030964,148.9960071036188,1.2527302946556413,0
25.799664175424994,47.94353466004985,242.9844625879873,1.3024378952867455,0
53.5066626002091,78.38868268561453,400.5448276548239,0.3102263021091478,0
87.45071754243041,96.35941045905352,870.8151425949411,35.059919908807096,1
78.36805925913063,60.10728882660292,2971.2845348900296,18.637444350821575,1
84.71182551240841,62.24626164629821,129.4761616583553,3.016411597252942,0
56.535533878897795,64.66209225823944,132.21266572012223,3.8954896989658505,0
97.147552610328,62.24608132124409,2221.6482976635416,46.15671861774052,1
80.34739235754206,35.132144129559855,297.35135105166097,1.8764903768656,0
30.395952956383656,27.956239444808663,221.648486947524,3.151194061914522,0
72.9851714226713,77.22221758950248,189.3913534663793,3.699656257352041,0
86.06555093382151,98.40492267833028,596.4003166549584,36.25498306359034,1
36.095605868662496,47.70838889372112,84.94156190898083,3.075424832438417,0
60.43453735187716,74.31930970256539,498.9426522689631,2.664428183204348,0
62.098071917029586,26.785984365429346,264.4174435348717,4.199290016997928,0
58.77442647602027,64.68504389779534,304.61809678676065,4.851468663743762,0
21.403642556836886,33.289612931578404,104.17233414857888,1.5193073199436102,0
83.06458328622678,75.33846652901508,384.6953063180948,1.6333905190475613,0
47.5956733469297,44.72561657795235,162.35647895269625,4.716898594973755,0
78.98917123095704,41.67296353854871,277.8039662408961,1.366561793268598,0
15.839238970657721,64.32830300472119,180.63386736981545,3.1344783990535854,0
29.10029665345384,79.3567967063831,436.08085492887875,2.0834019021571897,0
30.555369200664327,29.018637349038126,204.09476377206954,0.38301454179105077,0
51.88031873018538,34.325106265161445,478.621085195446,1.1896208112249174,0
25.260455687319688,50.6235632809224,155.48258498371655,0.6579703852575508,0
72.8616231241482,72.39526140150036,262.06282248058767,4.526754511635184,0
24.90367611506293,64.43981486399755,413.3169229066202,1.127515512604813,0
42.51041745667258,67.29651249024977,282.5602676107808,3.1806826521406553,0
84.61808669848264,27.59822753110246,380.3560446456359,3.892676855017027,0
82.28676198750264,86.58074385054641,1567.8678990499295,29.038799898058084,1
80.99178000144416,89.00674429586272,599.3776432159095,12.71799539338393,1
44.61080984685506,50.188013284899185,371.6851883901841,0.36780514488858107,0
93.54604935981665,91.38027522007577,2745.0783784129903,24.137521550288774,1
32.32377081762103,35.872777173562504,353.2270825251396,0.30200934396463486,0
84.1026974616694,30.54291475020955,486.98260638251884,0.5521718565435824,0
83.77591939475602,33.84407541242322,163.7342009368039,1.4883225296465712,0
73.108566481357,61.958775269318224,154.0291474118274,4.575968557122833,0
67.48954871662204,26.031821521510153,172.34974486333607,0.694729679713742,0
11.908581992931316,73.70203153120622,120.31760291511002,3.193126995512128,0
39.489640077094165,30.130016399154204,410.311760412529,4.268478569905198,0
16.11990400036288,25.174950278237894,488.5741448884587,3.040352238495408,0
56.76892660020698,73.68485424987807,377.2816147578058,2.466467902813462,0
13.374761592656828,56.72951953659374,293.5492826148023,3.7543888825724494,0
54.82512120270273,69.99627692215087,477.74766737469037,0.31861663344359137,0
18.705448038018716,38.19318703065503,362.29644877517404,3.495965989906882,0
70.3310544758105,53.90433698220162,224.41175034657488,1.6450630689196633,0
70.37417497605773,48.510251961357696,133.52182877994494,2.266423231688291,0
63.6325120962775,71.52032329576977,309.3032353000704,2.210138042152119,0
70.50201397710543,71.20078985652343,248.2414916555202,0.8328312504220303,0
22.56119366943023,41.01119145991767,256.13012258280105,1.1812348385755733,0
39.63664731042287,48.97366619591592,385.9550032115268,2.4572707178402595,0
83.42358363811067,54.84780979120854,65.70763658289917,0.13862662380924595,0
75.13071429602006,39.361022424669216,368.27182667500483,4.508345728161467,0
71.51899892086672,41.1459638923305,171.00693705266661,0.3810919672252411,0
33.38978934376624,61.37205253432491,426.17709991020575,3.9829812070395407,0
27.860999024927224,69.62948890565741,280.73141162835134,4.253002741507784,0
77.57407892563839,81.78746746527037,2662.4195520902276,13.678184490322051,1
40.05722956564945,63.08408967205165,88.61484726924749,2.818588397738089,0
23.014338623988152,53.31774951969088,290.34576053863947,0.14432419729015378,0
54.533547395758916,36.7962397815144,167.9737596839597,1.4620224678025673,0
31.572454678275864,46.89025082127911,336.787171892746,4.953810777696898,0
30.42304948895267,63.956761954423925,136.41889710155183,0.15699814906370568,0
46.15307935840619,76.90550933248957,86.6256424848423,3.5934769357376943,0
45.5440915087077,78.0843501745807,304.44957480440416,2.525789593140834,0
30.809850979371554,50.193152430977726,161.1124227989557,4.083393696379617,0
46.26592350399435,25.166966630382426,240.7548883986492,2.58338196302671,0
20.261397318922107,65.90893099167585,364.39564103655806,3.5859344486263574,0
53.75265738228697,39.014248263237484,460.15430155467766,1.4690101440775372,0
64.61622614588947,33.54737312903775,425.2624702074666,1.6672851026582363,0
78.09240953347145,27.383127415419494,76.12085165832671,4.717136831251416,0
37.82057561183239,76.42382203673264,242.85372701256378,1.8384476126817657,0
31.595900700699435,73.91833569806619,489.9755803426896,1.6598847608061655,0
27.606581629372847,30.53758793408014,262.4350256060059,0.12215654653844055,0
29.48711034552246,24.454811559832745,143.93414004277545,1.4407847473087243,0
78.73154083990497,63.49225121479283,351.47417601369483,1.7508076598401634,0
18.911343720105393,77.27998141274414,285.7969253591002,2.73983898396964,0
35.73755148794937,31.34465922670093,176.69923822768806,3.2552555848897335,0
50.83727193278988,40.23212211013717,202.31622966558996,0.6494641314937771,0
43.31375551587749,26.388905797082383,139.3485815916918,0.7908494520471304,0
58.44379309987009,77.76395503166833,250.75143820633448,1.224058656420678,0
62.77748347217882,63.90231636338909,125.78357705451349,2.19368603755206,0
25.197447560150735,32.828072639763974,267.795837649643,3.4086421852756716,0
37.58195131579672,34.28749059523992,371.3244487949558,4.165248155344955,0
49.908511394898674,31.293931986142738,215.73967193902928,3.3899900762129227,0
18.492853438056642,44.96965678436946,318.1670654525302,1.173417664426251,0
33.501093818885735,46.28201940185881,333.68978667601544,0.5443022332332759,0
28.01092140836448,23.306092109529864,194.78166343622502,1.444255616658157,0
71.94836595310613,73.41324023327337,353.02621060212385,3.0560432640777124,0
57.216827266880244,60.08116715075359,174.81911599998563,1.6362868684983212,0
38.65926208449799,37.16360309955713,137.40481836301177,3.5249231923879036,0
35.638678143794365,76.31513574671031,268.4178028261374,0.45982283658756784,0
33.075931710846135,53.503068654213315,142.29218917562446,0.31111347689421365,0
95.87854305278292,65.19552516756481,2762.5837616984595,29.2327082367108,1
13.876129087645577,67.01009015527453,460.0554396416021,4.947740596474385,0
73.55409479285302,74.95658023724314,199.69452540727306,0.4411716264281723,0
78.69088061796316,76.72127891063415,2743.2208509774414,20.61240463229671,1
94.92239664161667,79.52599896868603,342.0864788934826,46.02035663580838,1
13.238030184775875,43.57034458888414,86.57559717839948,4.065756004937553,0
15.591298275982812,75.23215310615328,276.6096033523662,0.7035391541278713,0
78.58089594437199,56.97744490124868,86.38106073946429,1.5977453143920328,0
20.151556170826414,25.002743226125574,67.00289981551083,0.4645583066485165,0
48.931133885216354,32.07051393733277,188.75978178453963,1.510244327446701,0
67.98564054390036,22.0055919855933,121.20766820339608,0.7026186209004293,0
51.840525674505486,72.59588713010112,426.4340875014105,4.413684194911223,0
12.921838476134816,38.40765698660607,297.92488722827136,3.545684957797128,0
16.122248652294218,58.86320326523672,210.28034044778948,1.2120795627243193,0
30.187117824372187,43.91012172823882,495.9128636575305,3.466985131362673,0
84.7477627805429,61.49860411839909,478.8999883768687,4.556225778771498,0
73.63190343178935,27.2758936015482,325.88253944722175,4.043711145105599,0
73.05272710084,40.41337966707542,330.9912172329766,4.2652033105825495,0
28.725171455517263,21.22409664129238,254.26983278434565,4.7977670714995,0
69.81355339723643,69.72002861201564,89.72518683578426,3.3489936388730768,0
24.65935002762999,56.38458660462802,322.25137760211487,1.8141436236343678,0
48.02947350540387,52.9040562045147,339.90863037169186,4.632727707178137,0
13.610712698376508,46.54362444489162,489.7344826095882,3.0586895292123586,0
71.9061748092961,55.38374216458794,296.9238225123722,1.8772556002860625,0
24.53973009526695,76.21695523452172,299.98340001616805,4.950992452311786,0
30.694202078541014,65.79711141218954,104.33225871904392,0.5393216922212124,0
45.632525551879034,23.997679904622483,499.9123148602107,1.609553817909109,0
75.04706507198517,76.77121363947568,434.4204616958888,4.437037369844817,0
12.57913908364138,31.521402148180673,151.20356257868326,0.7929900291902114,0
46.15990741898814,39.74034377973397,83.35362847368113,4.144111285526909,0
13.181672365516878,48.521544060852115,178.38397440060268,4.395159859382355,0
23.57327145321173,40.30207195551295,158.83382617913577,3.781474619301969,0
79.05185505839647,63.10761069939001,204.54992748230444,1.0383732417955334,0
35.719724706939694,73.47695988966504,246.81258120317662,4.912344228933469,0
31.49059390962133,25.80167358725403,328.5918928720038,3.5816551362834765,0
66.43512531898708,40.42309026065295,135.20647563343638,4.4913653255506345,0
34.389254816852116,57.71023400501407,266.6459056809225,1.0276923534774323,0
75.50674285612455,78.10514783002446,110.0248776919668,4.915082153530742,0
96.8127252483114,79.58051869806114,2308.0066373550676,30.762248879965846,1
23.92350286759323,37.28912814664419,380.398252787991,4.576389894564172,0
47.94165091633495,77.92691807603728,418.7001885344875,0.9991046017068206,0
83.58943968730868,72.75226025512296,111.27836406270706,2.145363837275016,0
23.895276653749278,71.67393363562314,262.6071479842764,0.5120656156339926,0
77.45673121050221,69.69991159717564,2991.417914719693,48.53066197805308,1
58.4179136070571,34.1244349304916,89.34471387213911,0.6326283815778899,0
76.47852714701062,54.79806921218857,66.51859226208278,2.141253501299516,0
77.50139813860788,20.425508766462258,468.10235871109654,3.395638687004366,0
31.43187434445295,49.87215083085915,311.9546168689262,2.3798798432987307,0
66.66633539072865,25.96968013237788,280.3559545713308,2.095525431433533,0
60.73509529197717,76.85741951124002,224.62217152628642,0.833727843129683,0
32.98115870132773,70.68255002455174,269.58093790583695,4.372897581936712,0
54.34565768086969,27.22268897033203,450.3809006523755,3.5647940777976306,0
75.60262545131495,50.8110720045062,60.38846624829658,3.787919163595287,0
44.21773817166565,22.986860091382624,134.75609298025256,0.03655244327470386,0
49.42676367270144,79.28083772392529,398.8157349778676,0.1277370056080207,0
63.72978339685742,65.1791715823511,246.33021168216243,4.272146933908652,0
68.97086495380248,56.057431699849836,242.75425749573222,2.8090694016915436,0
69.81693254778912,71.09223031387555,186.18002828684993,3.9339835453228797,0
56.35961803434219,57.56328253884808,457.41793471809234,3.730467310971134,0
47.697343197259784,48.856496485058216,94.5753953971946,3.9161785943898115,0
71.02925077916706,28.761014335526493,454.22586839470773,3.2773285073821476,0
39.192285376884136,34.80484524004285,481.9676542625757,0.04865480077761497,0
39.38581709628788,22.162242649951246,97.5122208069926,4.85496074261907,0
12.338735129596351,37.34902006724906,383.06722716391585,3.503659401816326,0
48.20665961123423,40.24154470143678,136.63846194716274,0.16092201607701084,0
20.58992976528887,42.0594827635465,494.9421826524178,0.35494595575693233,0
64.02879989398343,69.03555613925137,492.91239492108065,2.3534560882022286,0
14.878869473895964,53.86499526678486,445.02467160911647,0.20634873687310928,0
10.82734483214854,71.71062939768979,493.2220410368885,4.545362631806473,0
76.44833111771403,62.02087333199417,215.7685284131303,1.7998076244157772,0
40.83936384959395,46.90911368015803,104.70048328322108,2.4479567852780013,0
12.08891806158058,42.69178097169314,452.7647382223263,3.2800728979575315,0
80.36330828381543,80.13632356511559,2486.8515247128375,5.20683984392287,1
70.60902846733127,62.05194183463279,271.4524956886377,0.04243006041721509,0
72.66101693066457,51.792537531092364,386.49948722244534,3.8666177635203836,0
30.602786128591898,62.525937940739276,325.08748267492405,4.143721328642385,0
52.57954884482909,44.173401863002915,464.1754241750166,1.8293585157448784,0
62.061293013237325,32.63170930643678,268.15012704070114,3.8086044554759395,0
91.28703149194183,68.03941781020548,416.32738362353365,34.31061664397773,1
63.884046049191255,67.53139629651471,258.86083423942944,3.543017621703344,0
35.57189285766687,48.539301855495026,195.56030062872347,2.3197327086100654,0
56.79988641467368,60.77311019436104,229.8373171222711,4.970868958408672,0
54.24382651409748,21.47866427817936,367.30091598754774,1.1662716091127423,0
73.06815328021804,43.48725624766827,65.63396566504713,4.3883463392588045,0
15.026240331340748,59.100787692705616,475.5820817310323,2.30990412833205,0
58.13646376010765,26.623654054996027,151.14210694646874,1.8399245346885396,0
50.14825985894437,37.244152030728955,290.00215170165745,4.040593774926606,0
51.449670083256116,40.86620585626626,159.5543053872946,0.057781405070927994,0
15.635333630185658,22.67528556404864,210.59989802618054,3.218702291886233,0
81.55302036821551,91.63397655849496,2539.630118509562,22.760160938601217,1
84.34419952766412,38.09973449786893,454.89182691571585,4.026352986036255,0
22.52814309257124,61.05254451130919,116.27321382424702,2.9096860699701663,0
26.08048622448734,51.79003333772422,142.70783193111922,4.078079576735138,0
25.842387360469825,78.67960542429407,219.14777965805322,4.446134457924936,0
35.6363013773407,66.6790982942562,236.5343732255815,0.7209473195307653,0
11.543837072185184,29.929986479819338,448.7332851929863,0.3377742172784354,0
36.697950898844624,35.52754450187144,370.4285396341269,0.28821347798696717,0
14.70172162163994,32.6724955152771,450.6899917006243,2.22192513319028,0
42.92285655292271,40.14898187849207,489.38595007282527,4.966949393695341,0
26.325054968540204,43.744689790841264,275.041551102005,4.673026940386266,0
59.689171326548646,56.148150227435984,328.7080876713345,2.9130046839224972,0
35.796826491826415,53.37418364154637,395.7114999408424,3.745524806998739,0
52.42989729968433,72.55598133117229,397.1681936676166,4.822900929008264,0
18.194815773221606,76.78271920150226,492.1171929774981,3.408679760328054,0
78.07082519174162,34.75998441840771,244.26634039538857,1.925625354596111,0
63.155852330723235,71.53883282733321,416.6564007361532,1.6283336613904704,0
72.01196885624127,74.60420867609159,2649.0608234107635,33.47871706789601,1
14.68947218071343,27.07632049245401,79.88738201664572,3.816232867570865,0
80.77761946151657,79.18099537664972,363.3185638852399,1.3299126968997093,0
36.37170154297258,67.5523860572802,147.30480247594608,4.179256605899772,0
50.174244951068395,55.33616135375287,320.5887637166168,3.911145002360617,0
68.48840463633577,53.695670462731655,320.09837497788624,2.876850324128584,0
40.70587391434303,45.13541748757512,450.5518113394142,0.5237912976924902,0
59.258507854322055,57.11510894432692,304.78369294281885,1.2824026318405295,0
59.357666354236905,39.63327098968723,462.19640061293484,1.7853306937665303,0
25.373822156186574,34.74911522135448,118.79920204159917,1.9884056757251716,0
11.379300741060005,61.08350983286027,456.9914040427176,1.8546171255453248,0
49.0230775677845,35.448752989548154,183.42570696077257,0.11172466883145604,0
49.3383542177691,38.84972383021832,131.678582729673,4.096730743608855,0
36.65384265143045,39.20357385101495,361.31836375627284,4.676911303663931,0
83.4977747019138,75.8926644263912,254.32489517429713,2.9570370644945694,0
19.511801691281413,21.422981618347436,409.069115380092,0.2255549776019694,0
50.09194143672315,25.817127415939265,382.7980169307468,3.5488364197077678,0
54.64096255951561,37.04624895364598,145.3916843596676,2.5177927316276123,0
55.532052706658554,42.22948622357086,355.92654189097414,0.24075394586600463,0
34.89786285518841,50.79319854966913,362.5734252320278,2.8856741743462875,0
51.336997143727906,53.250183296660005,262.05650928124146,0.6136965977215447,0
75.79004056098312,60.96026914776556,144.46932425306798,1.81564221423036,0
72.08250875770413,61.89139738686359,1807.3796153810256,25.705751328413772,1
48.29355680946699,32.21213134890829,227.3599592727403,3.795812405816906,0
15.457225477314514,32.65819343719703,179.2185185469329,3.9879967474489426,0
27.909715853615445,54.43851050190452,135.21030245629927,0.7168783553411978,0
51.26699066171963,50.16700651080083,475.2727490275716,0.2731076824451911,0
17.154945798490797,40.15676920273603,60.57609026824582,0.8831171301229573,0
14.928147957126427,55.19610424427363,322.7493199338379,2.472931256013229,0
71.21337184369003,81.28000393714905,2820.799498889273,16.957634995523804,1
36.756499502019196,39.673039641095514,153.4826369304654,1.1987208646912921,0
57.57727666537654,44.71113698866982,115.09470590313958,3.3838327061982025,0
46.03802104433717,55.45197604370687,112.44914785068383,3.9492395424267372,0
81.2349934968943,35.48645859040488,370.86415536879673,2.3935110042539276,0
38.09111825346859,79.5898243360087,196.73172604720548,3.0228133230211878,0
68.0493533614572,40.63877817898221,471.1575133939172,3.208732212505287,0
53.40065564292951,51.09234393095125,51.9682920273542,3.777495343483936,0
80.08270201041357,32.70788899289016,58.04531781566813,3.9356143146972093,0
71.80108939007076,94.38298269860368,358.42986293137864,5.5326818760767065,1
78.06748554445697,38.93199083978813,366.3642649883592,4.330944576327903,0
81.70353577089499,27.786977943356675,344.70738595302396,0.38369756872628114,0
64.6492213177452,44.09918754586282,94.75771885348544,0.6242573921664218,0
66.50709416927268,44.27922449891301,164.85404761335445,4.7418186551074015,0
55.08056251001747,78.5522517670122,253.10121473267992,2.379915274302735,0
86.12892029810635,78.6374367906476,2859.229483414394,9.928447024768086,1
54.892224491331994,40.86427013355893,255.4302905248056,0.45621197056860463,0
19.187339647449193,44.88414815179962,232.87993378452384,4.311462647771057,0
11.073645825029498,50.01187613136712,191.03250266355036,4.531328962865247,0
63.44659998238846,62.72431953487583,146.05768226253596,4.704783106294674,0
59.41641026744929,40.837308458341866,441.20304855830983,3.3693269695984407,0
40.20546135601231,61.02197274347725,486.05583357635,1.681703192603834,0
16.4010598745326,21.626399140173987,430.5318350517585,1.960674145513876,0
46.9401535535717,37.76393060233683,437.9079722585075,4.249011304011768,0
53.37101057471305,47.62132238808961,99.04999543833924,2.6821519839474606,0
79.30990021403689,83.42130332104041,2048.9816687178127,7.953493275690574,1
52.3173862513402,54.27920092598617,136.2646720227355,2.0408233245077745,0
79.6238921940794,54.92420786745341,485.1432581126169,0.9461880127262412,0
93.06952000529219,77.51640294863414,2458.177951598273,48.57074581336623,1
73.14501750938564,22.328776868708125,173.76811652333,3.280809032224386,0
55.25864450360334,77.9612875478125,295.7110669943376,0.48527065491688837,0
59.49880345256343,76.4800635672141,272.65745972384303,3.367582637360545,0
61.91210062705989,55.763835866035706,306.2447073926846,3.677790991339585,0
48.94184280851538,32.17961355147183,70.98615520771567,0.9626740886188667,0
59.60279583028108,64.3684792330468,376.68595069775625,2.195353073709698,0
92.34252079155715,93.5712469299563,825.1020229722429,5.656014223452431,1
55.95968766523828,21.73980466015688,493.25438652325084,0.6948018537110623,0
31.852080462830838,76.27321856569301,311.01959988414427,0.08817414526173184,0
37.63947577928209,70.58869190178473,279.5971703352819,2.775426252364099,0
27.416851817600733,40.586930985020565,495.1429366091418,2.1549667103408474,0
34.58821284143637,76.80247490203328,73.05779351589112,1.5184923456447335,0
16.26657531330173,25.85712563210894,402.76242935564125,4.15860560139959,0
11.436661416343968,31.283513988744538,407.45854816145385,1.7849090293887886,0
77.16721360988791,56.58249173220559,85.45193195176145,0.2530542037858674,0
35.11792109928146,66.84195825029772,343.10124761009246,1.9208009154624084,0
47.217941642561044,42.67810133847705,64.77594308774492,1.7879976284322996,0
61.892139826952,33.126302504652784,199.04621658040463,2.6775419448224884,0
69.9035643740931,60.56558204987461,124.13346726347237,0.5335748593418776,0
28.480152492933012,59.956829964827854,441.5248368991773,3.720930536157966,0
20.72508419992948,74.6609419987532,449.8666225804814,1.0386504110088906,0
25.688909905594585,51.09309893815565,266.6101244485335,3.7140834528866584,0
15.55790669311503,58.66539017778899,377.2590438064905,4.788021855580855,0
79.71468581858694,38.09521219241309,66.9002313830853,4.411405475226916,0
22.615274182488864,25.69305380885448,282.2228700538068,0.5249518756256755,0
45.93864082222982,24.803804151737936,448.02344065723855,3.569777116210258,0
65.95336594490675,24.082238845500182,488.3140512374287,1.8444231118700283,0
73.15891923517816,47.501808765578375,244.52207950467587,4.240473319005607,0
21.8466117126511,77.54145055837796,490.7528434007707,3.1635515498309634,0
16.413139814085106,51.98331740568267,190.5826539558343,0.35769410945188207,0
50.402634846453566,58.88612763566429,83.44889255911107,2.843021067849672,0
76.92435194079847,61.56937644281415,1348.6396205461997,23.508512226269893,1
20.899501931537806,72.57883819493053,187.06097618926205,1.4331842642413033,0
42.935118142766385,22.340385245769088,151.13751717981086,1.6982592250847772,0
53.3769822337405,57.57468936578198,126.26001899979778,3.116294878463997,0
77.1952467417274,92.83860526902181,1115.8594140675204,28.60445299658512,1
55.859770841924565,75.67403779172162,475.7009870025715,1.7988173084836323,0
82.50521977781104,64.12905696732832,338.7918697951519,4.949553556039262,1
12.248019240450846,53.7286852296551,278.50288412800444,3.305771348595465,0
78.7985181596682,50.19322489151807,467.01837695259076,2.8633529159556046,0
28.148284773778403,49.35297492128544,409.5546671085614,1.423959945333571,0
14.469032301485779,51.204960992995034,478.4262882337448,0.2907651399492506,0
66.4537479668231,21.948246301504895,189.42789718745522,2.198211602624233,0
27.25066279657773,67.33483777795202,237.07008911743173,4.327079408942219,0
18.586572854942883,41.1385330525507,204.16944704815376,1.0032184147859784,0
83.6890954192029,32.481473763994934,217.21362841064075,2.729970677114875,0
48.912854284455406,23.397533442653483,309.8037763383666,3.398379337453198,0
14.338200742254728,41.15175447803104,172.6464415518631,3.227342127590838,0
77.98280900083083,36.78043139278659,448.6656516875614,3.046487196457072,0
46.45003703482023,70.97601049894749,72.59590465590773,0.9559151954865813,0
10.117382889360467,64.28904529050138,100.6732170676903,1.34818082608338,0
12.279029477262764,74.39919781711993,493.6821359519074,0.3739832399846965,0
32.795688419127046,49.532970997248015,450.54746304921684,2.3146866678859173,0
39.09900699601521,62.84714845549495,215.0002300435849,3.1414661424077632,0
61.92691918457936,34.003776167487615,210.27513439149936,1.7951130834504303,0
64.20533141791034,48.60523253049969,187.591769214577,1.8169168549824821,0
71.01190322373157,73.41653462257638,360.27175682383756,22.09472297742236,1
38.9198194385,75.39797049619577,467.5290199727875,1.976442305348049,0
12.335056216338351,30.469909183877313,332.4797310030196,1.4013265008721416,0
39.81957984720957,27.28231547291718,366.18219784564343,0.718925865080961,0
69.5518891952722,42.97000368610611,340.9407944513297,4.184517226583274,0
50.54763412075799,65.71339366264904,107.57747341389418,1.1416008689847135,0
30.52199997112494,44.13562482101253,61.16419851915461,3.446420408754824,0
75.69123126377927,70.92605511687886,98.11652110126016,3.398543146395476,0
76.05458824593289,84.98695943705133,2208.81408576417,37.131531019037716,1
62.684872790807795,53.75932537416455,160.38972409369097,3.95766309333446,0
27.353547728263603,32.85800433937272,477.96481613687274,0.42050835565803024,0
65.76311922187058,42.33842591438287,392.8123647297286,1.9409050052283954,0
80.37367964884871,35.49586147322981,55.23197057841499,4.153804334066133,0
83.80626018994714,39.9979915922315,90.03899114120227,0.6389147728692163,0
25.638288576800186,39.92004212706075,308.42167111568926,3.1381235046152653,0
77.06431559980886,54.89533027098532,345.302595683963,3.870673293537136,0
79.0745890822432,73.6264512657167,239.34209349940733,4.424567286059967,0
49.19324495025589,31.31793478544449,357.33398840990924,1.7761775866525131,0
60.30492339293755,50.29596824536401,473.56657887994146,1.762423637990309,0
74.50917978919034,75.70235311884751,90.4852754874324,3.6732724892653197,0
21.0372438321209,63.06563268897385,291.82272909771564,1.3526742206699454,0
45.76291582998433,35.14482877859361,115.64110712925324,1.5649459124693803,0
60.88749762194784,69.70268873609876,370.3566840985873,4.234992998786343,0
14.35627091261496,66.60790623251785,64.44931121692622,1.2893212682242243,0
64.2582746766184,24.17875206489594,127.60332794440943,3.145565717402152,0
37.47713824702688,63.15471203454991,53.70040912500119,3.8656933644263876,0
76.78954605549212,36.45277334744882,83.37159759831383,4.695987164128811,0
74.30942095216359,86.65965249966368,1790.9024941237874,18.12750725032559,1
37.143999312839874,48.247099820762436,405.4767213951673,3.486628851589579,0
51.60152685912754,71.83419897764679,240.5858415354602,2.9166023912188543,0
14.987220052508313,67.73470257545519,279.05155046717823,3.8375334769768203,0
35.59358707196172,20.59815408407111,203.4123841364407,2.135905812041859,0
26.846170888288896,78.08133032274432,127.6958304939154,4.276738343418113,0
63.54644743799423,24.450571735658734,372.5767430302562,3.2074373540279404,0
46.419227474454836,35.248836807668866,146.28277887835793,0.813002042018493,0
39.48279306695508,75.75565851187352,144.89502827330847,4.710733015330977,0
85.4481603876193,75.8007110959655,1108.2084344112864,5.297746786743706,1
82.23363336918804,68.53151234201391,455.6240855647957,3.3350076634043235,0
51.549494162734824,74.49137574179016,294.7542893209164,0.5122105811632671,0
79.58142123964097,74.35470027407885,212.98044090116574,0.08650061370484907,0
56.923809207045736,29.759133091394038,197.97487109653565,4.484391209149738,0
50.92125919869512,61.69820798728855,440.4674568950096,0.41202217292022225,0
57.38779091273494,22.957669565864986,472.09453945677365,3.4599626102837218,0
74.38798409136659,39.29974828368482,391.07198282277466,2.6537958859291244,0
35.92719951279396,26.447033157734488,368.044376837734,1.9599055645348007,0
79.69210402238905,22.261843425360237,108.58520714036106,3.90457626077263,0
42.395876398158684,53.5846796800205,95.36323871258837,0.9637600520635614,0
19.416266107199004,58.683198642909055,389.53548834150405,1.9053533821721114,0
78.18814480401893,31.788959144175116,174.60576038342194,2.7674247679216397,0
20.082634705609138,50.348553355539785,428.994536094617,2.9804926383504786,0
13.004433928802086,47.421437131557525,252.36035301620288,2.4056590541373253,0
23.81686294285196,44.482427696169,170.38033580923997,2.1348319709550463,0
19.25873993577663,49.120693828065086,295.0574411699754,0.10080691058947044,0
15.884186223784297,55.803379406373026,290.1742976084363,2.860688735826767,0
27.396032208698156,72.90253817831508,99.03723318676211,3.492991433635196,0
82.42292314501003,68.25217443786686,209.72388402015878,3.6768382486626336,0
75.57305006028105,30.271084630107516,195.15165648497077,2.569523562748364,0
82.61531074229597,68.53244660824505,557.207577188731,36.23131733138045,1
42.45468520147785,39.1753655755999,362.02775116926995,1.7378995217875008,0
50.98227370583855,46.32030180818293,204.7822761126054,3.6927493718505473,0
39.77361378057125,28.098709164298526,217.33705189989246,1.0775057791688276,0
69.59337090251427,69.1656712202219,96.27476722887083,0.39473482418311,0
18.101931559801855,41.84726341049033,93.05091969269571,3.007810344109502,0
42.2729421174597,52.99261526937263,478.6030684158734,4.981210493085103,0
18.86236207162422,33.46297878798773,404.86179429881196,4.444439698282413,0
52.548416472167766,78.03968668120818,414.53118870315245,3.792776142333955,0
62.20154635403442,31.758811082105716,181.53057771916392,0.23224408642880778,0
38.735389618712304,57.352819427736904,436.43806663590135,4.051515686667354,0
81.42900642990435,31.93500882423348,133.04077283148985,2.9441244662414663,0
72.20459986441352,53.94483839306876,271.0134361105979,0.662494781331433,0
35.356330702469606,52.47128335142146,270.0578211559674,2.800021820386294,0
56.43795515243775,70.23314857752192,94.43883590675976,3.418362608697534,0
81.6642771966201,70.73064865043364,434.6690238464846,3.12604160871465,0
55.970468687089415,25.124508968495917,351.7984922009448,3.724825992304466,0
68.24476395938063,25.690951595189368,443.41334450795125,3.0218073748060235,0
17.28823703280764,72.66496429175749,87.80077153428155,3.2086852240701162,0
32.98476010321153,30.231823363626518,78.74410273784979,3.9010174842838072,0
14.635634551691698,44.228660314849954,495.7095794277094,0.15312091118881432,0
66.40857495227311,33.585776305259,188.28213945903192,0.016919932869887133,0
38.10414778805323,39.724759300976395,319.85884140262675,3.2201160831777393,0
58.43581094914045,24.304120624845496,488.0869483267633,1.8798055108067695,0
16.35940120343524,37.134776974318186,442.41338067929,0.7357885048186169,0
71.351107444187,52.784424452727926,271.8658046930922,3.201736731488685,0
76.07297542297431,48.11909821978311,169.49102252619295,2.5417354800681826,0
82.79394400681164,96.48705684788656,2926.072550702027,33.685035369597514,1
78.86793150065778,37.74517007721977,287.38153394984516,2.3162830219725135,0
48.437698657774874,51.2138293461854,406.8471431266301,3.368312099467171,0
41.40213574957632,64.15612351624674,163.00052906855274,2.1831566044708013,0
74.35174532554218,20.22317964908355,342.0700102706963,4.41576493185916,0
61.62056768351778,45.45110334475857,344.7174806474612,1.2191192630020242,0
27.281249658801244,72.83903464787467,298.73635141851656,0.8430084561877621,0
77.81190208703113,70.18271464462396,467.83493376909337,0.7707802481267073,0
47.22746854009272,52.25486828309086,256.066060937404,0.8880990972760111,0
75.52138965529115,36.43489223779422,469.5205274771752,0.9224393858219887,0
61.01055788202253,23.774448561081435,237.04745067520213,1.4875675255688892,0
79.25167638704983,97.59710334246515,1430.2297669367142,37.196375145063726,1
28.40142356246583,67.81685024093875,422.35058119082595,3.7054289886910983,0
48.90929663075246,56.19278372597026,103.65286001803639,0.13742597414685476,0
47.36917616975902,49.876915554935835,92.04434007912468,4.377881833338572,0
41.75013581148981,30.873082616817037,246.9189846892071,2.268744769687757,0
76.68459429550074,69.29466150565028,424.78511387806446,3.0649293103184423,0
18.497762854559817,22.458693334993427,479.1075007258214,2.244633546344472,0
21.14970458148347,72.41205585471288,107.96588319334465,0.22738975653018467,0
68.1645712521258,47.32369431487645,477.2918467011433,0.4227166769006152,0
73.85687183088218,65.40735337414382,209.90286869879614,0.7886015854162487,0
47.61384702626248,47.25004821006583,405.0832922967621,4.640879695331175,0
83.08441299747234,69.52146462910497,711.9350221782086,37.544788512427814,1
14.266104833323492,21.132852714574078,472.58658719915906,2.6279749491418674,0
35.94080955533931,23.696479117548154,212.05297197005171,4.909040113589135,0
44.14151118113509,78.48560488017172,247.2497490264592,2.9965019450818624,0
57.728071115003075,65.81662877684951,329.51003308174916,0.8447204572579248,0
81.28982894396526,45.81055450665879,198.37047893639163,1.238680820175579,0
11.030916550850893,34.531006735626065,294.1006127347431,4.575703697586974,0
83.43287035113659,23.117965887870817,326.31403930189276,4.854920289384353,0
20.724376153962687,56.439465007583955,118.73769425042747,3.0752558276428243,0
51.65226632032234,22.253973772638837,425.2958429445934,0.9346767252083821,0
88.75068996794477,80.28244043219992,2141.8774509886634,30.36958624499842,1
28.532742550760982,57.08617793370181,321.3089651411085,4.419286317999797,0
75.66164877969224,76.32499329678997,221.51644401247282,1.4441389001553895,0
80.48740927101063,67.91335028783594,322.7870918408632,4.129267171694824,0
64.98347668114607,47.3279343203817,159.84255762167106,0.08416659930280734,0
16.31049737462866,78.97681277328205,127.44493369243797,2.609137371819225,0
52.39976909287074,37.05729734572756,202.4058220056639,2.224146287989795,0
43.88046069860829,30.143464948022345,477.40970905790135,0.18975243130440744,0
53.046239955175785,35.875826712861794,173.02276315120037,3.183145592225243,0
37.32023957860566,73.44992889737802,442.034170857643,3.4293622761572005,0
39.416334507515515,44.408557481410966,403.97587754805585,0.22078024555865605,0
38.149743093970145,68.44867613911454,406.8060252483361,4.658037475738305,0
74.48460061087343,33.291629114142026,395.0202534893229,4.145343231080454,0
54.95197937816242,54.979908783098935,352.3802632227104,4.3820424428974105,0
78.64435745834585,86.88429372237229,1876.3606033562767,6.543059968256495,1
44.807136959012794,55.579084865329634,416.2927885579889,1.7991601604627934,0
39.112427959524666,29.49698304196242,62.72821773094088,3.6927852031677832,0
69.61084776562363,59.884352294650775,280.66591637028336,0.9341720314729152,0
35.89173571012691,21.872813620324855,373.8487665185202,1.4120216442293216,0
83.10179470364136,20.319451434263854,486.8559457560633,4.479994758404567,0
84.05021189346594,71.32448972625727,63.69004147697791,4.5099404714657805,0
74.04571616063896,69.6964138889593,268.6028514598546,4.978741135297648,0
11.316427252497167,52.2427514266313,255.6411618326022,4.399928457804182,0
96.03126843348632,89.51780137635492,875.7341367029333,39.41194176978514,1
67.43939829135564,28.03647316400002,238.5233789360574,2.576477188157228,0
32.29283557814629,76.8456798835876,297.6329854324083,2.627703655628581,0
19.725923366817653,39.43373315482275,163.29172394545162,2.5558029802065843,0
16.731962542011786,69.85534944931103,53.478620303157044,4.587034630463743,0
24.63748879139878,60.65667092597565,191.61003824209695,3.4612769479795236,0
23.711004140441943,49.610550959636,333.9796001754633,1.9096622793459321,0
17.32540855047879,78.18913187802708,181.18261766803656,2.3592148741880687,0
83.146824836473,71.46715978804907,1790.031816753147,33.19091171468857,1
55.044575002046294,54.33702887252007,436.2602248215935,3.772697663476938,0
11.814382291851643,31.9357867877023,92.74399023979046,1.4739584200375466,0
24.718428752962424,46.57622730406616,449.74661661617995,1.684915612206253,0
45.10517906757176,36.526800787430545,340.29385053919395,2.440417385985723,0
24.295737480583732,71.27704778911013,308.64006079493197,1.0870841712762835,0
24.722072673330025,51.766144432476594,480.3166391123216,1.1012347021568591,0
63.07910127006456,73.50921268439677,146.00595855205694,0.598891899417805,0
10.044845412609648,52.25138601218291,169.3170509976548,1.9476380418627666,0
63.60649573329594,46.34175463882688,289.0150846540987,4.911297039353514,0
18.324857409348613,44.53563414540032,110.505668345179,0.5391183692597351,0
58.38795928070874,46.749532989620974,132.94910704468606,4.757497196136763,0
27.095137190645627,74.76804802447171,82.83574981655947,0.9564658710105362,0
55.85906765759859,74.94886089144464,108.81421418674086,4.05508055131328,0
58.61751016058845,37.78644348676383,476.9967312047587,0.1612018499827722,0
58.42937825132902,22.854991552766744,345.1769198772764,3.4311801405790905,0
69.58866583680614,64.13124234761487,400.37061141525044,3.2047610992408777,0
60.32597353996824,62.37394991190692,341.92484606970754,0.8524876089394712,0
51.39301290808642,76.57896704426814,309.07368739904194,0.5096595339028503,0
39.04918884814855,25.21637364153525,492.73066528139555,0.7085760412378622,0
56.59979681167805,58.26933075556461,210.77191489822033,1.888145400700723,0
87.05716459420643,96.68069795059665,2027.577466950321,43.15775924092555,1
63.008291266408435,71.41700779216329,295.4696666256329,4.754840932261997,0
28.64048656955695,78.96129437547954,291.17119690808204,3.729005243830054,0
57.482609295495095,75.76420903094923,449.8892012133298,1.2149879643041488,0
81.08347734769224,70.87830159875543,214.0254340469566,0.7881711585840889,0
42.863395993625836,53.53045225727999,444.3584508622362,2.7005371946089545,0
22.35297650742219,29.290560897213645,438.54941007965004,3.7382230629838653,0
35.98931259645387,21.870494546715275,302.23498320279043,0.6927372122234715,0
52.59589229144721,52.81493082758745,469.069982330602,3.9600960397006757,0
67.96911114070863,36.63550498095117,111.63430571418266,4.373632526106041,0
50.6278609307503,24.508577190655195,326.4845041927246,3.468630307312211,0
82.14175934334807,65.65144477584074,1645.9236129929186,19.766372421278355,1
25.323728754922772,25.1359731693661,386.0467000787431,2.042093537493463,0
80.2783411138442,92.47752517897047,2307.446271614369,47.722480897508426,1
73.42032722424301,57.996135040249335,228.47395970045514,1.6228214212773817,0
36.83584370016948,72.81510639690123,488.02063809880275,0.22429168092692908,0
62.841582102058396,26.04517063757458,340.12257701663435,3.3699063615827534,0
70.7256277199417,30.940111014693173,494.106649895865,1.1217359318588227,0
50.632072320067245,31.361652547511767,50.600137770856406,2.3052666526359413,0
58.56060356159522,70.7197985413236,219.04193097185038,2.4039070897455668,0
78.31196985147365,22.49575737538817,240.40104394810382,1.5823726581892916,0
94.95611228052891,92.93588681242414,1488.9826141827546,37.50156803760054,1
54.478325064008814,74.65005361938523,499.0029745190291,1.6574613662744142,0
16.85436147488323,59.80175665738957,246.40177947040075,2.599176835775674,0
47.927255783603044,37.87878767973617,66.0334079255627,3.670576505322095,0
77.68399804643813,79.09574650648949,415.02031771437754,1.399648108282217,0
81.52244558722671,79.49565413985,211.5994743354187,2.842910903449989,0
40.202779074592016,45.75936594225172,92.40007043637831,4.144795086053366,0
67.26368827511592,55.46572283213684,317.23446411761034,0.0493980332102828,0
59.98472856451268,75.26416917797488,324.8368227294393,1.6347921013508826,0
76.90543836613773,94.86965716869902,1045.7890549795645,19.671076631837828,1
83.24197273241066,71.57504947872641,1790.9014957607499,24.855094612254565,1
82.70592417514656,21.670463075755176,322.2821683313451,2.6324926366412065,0
74.55479374422576,34.984650753761315,431.0523622259732,2.3415047379997915,0
80.21160806205857,24.12523438534925,314.54856136840175,3.9149417863286793,0
48.98304614170132,61.60405120574264,325.4356931917366,0.8629289702463605,0
65.26553087081365,24.71059210721659,89.16510429119941,4.47933469578934,0
19.469855617337707,47.49519888590288,388.94604743249477,4.859570650628423,0
59.3383978452277,36.082831242718264,201.3659203476694,3.4867903341688526,0
57.35940944372655,71.37710768280573,213.74617713209747,4.986175357937935,0
22.27419571492784,75.42388375260657,335.30034533719464,1.0861673729621735,0
36.227742230938716,45.995055938541675,497.6658631866975,4.413028118644208,0
59.456722156149816,64.1430792066866,285.7883912085713,4.626774535495589,0
30.65358806915639,24.721860511723943,387.917777082525,4.0759161614637645,0
80.83412551317173,79.55412295219048,1826.2895056983232,32.48200210803617,1
93.13022315829656,62.06589921799435,2883.274186480096,34.452588232920974,1
34.65637077156312,62.089946087909965,299.22623712599926,2.7545631997394286,0
18.36341592409573,24.413801252945937,385.46016719317487,3.132516536330482,0
40.80119747577122,63.07622141735417,493.4932163033176,2.81168163695889,0
75.74902019937588,70.09842714097775,387.49414297098883,1.7443336089758865,0
81.84505907925778,57.48204016439648,295.5663572148268,1.5568816845266191,0
28.51427706967997,41.78795541556774,76.9906724861824,1.7202039430736393,0
30.142162559023195,29.40577685595768,108.13276301393728,2.303711086305858,0
75.94976617588556,39.980457983134656,205.68761951316168,4.953662181878883,0
63.55244833501423,51.92520943628068,486.20732648892135,0.017744959323856557,0
97.81786977380912,89.33109806365358,2667.557217433321,19.696414467486694,1
81.1735500285251,33.936401887430044,68.22530891686378,0.7339687971848147,0
35.30091600768195,25.61944715644847,284.57186310134114,2.9559239355803664,0
47.526958466167045,58.57000344894428,58.65426655554208,1.1268121266016191,0
45.36821414126188,47.173001624930706,473.0792284854755,0.4969138947543006,0
17.924851319630793,69.07780966094921,336.2181598093486,0.3812578217312673,0
82.8007409057308,36.0965612272134,338.5037592733907,4.408239772874053,0
74.31479558139428,58.043303360659,256.4279708901084,1.9727638919682267,0
51.7433821376615,57.041255059284026,305.52174112981277,4.416026009367311,0
35.053747425157695,66.3344165535966,337.432665330157,4.380698923420036,0
55.48217947446925,78.59705823890056,121.83346996374384,2.4410967959961924,0
28.138921817533877,36.53400657855071,111.30514319557653,2.7589111419705183,0
62.80598260744177,40.45771841857931,103.03704890589657,2.636123758001979,0
36.65795030230463,32.41917818000717,438.0132327361193,1.7044286223459226,0
82.76347349655451,81.91621155788488,1559.407142349006,15.100870629000509,1
51.66621774142149,61.738445206724485,445.80345692575156,1.3767242506922206,0
77.09141701705686,30.487099273001956,196.17084938684962,1.1906103571387479,0
77.50623872623605,42.06251048765259,424.5016012269704,0.11280825378663817,0
41.63711339041235,46.5641556623875,53.737178505498385,4.4888703412752555,0
16.519021606556777,64.50104773950939,471.50956700021726,0.1301477490856745,0
21.329341883567515,62.433699700125395,230.6495971670017,1.7981837158950125,0
62.20223475062298,52.983035309798666,275.62841536789597,0.9038797742036342,0
71.92832136705002,61.247888242983684,220.1696683523338,4.1700345653669295,0
55.038764532524006,28.79649802160019,127.18521220423415,4.741222678612343,0
33.53701061683117,48.071567758049596,243.8224797236047,4.782003897167083,0
59.748303212800145,38.720078366507025,495.71225255626547,4.248565222901971,0
77.53135428724978,65.91897797152318,58.356823444294484,1.4195869983221532,0
37.685214535690335,78.0327924084961,423.2300990895211,0.31831666620503796,0
98.97473273324897,90.13944988893759,1787.5979978305554,16.19644414123143,1
74.84227071420025,65.96942609496668,122.72722732863384,2.665216439442916,0
26.98912195270793,70.7446926995458,190.6274556433411,1.2611960953847612,0
71.12047964054044,54.84422838784111,256.0592331341219,1.0350041577902258,0
59.81645387417262,34.16047581942272,390.8670461330536,1.3818967265794972,0
77.90129814670478,42.25842275553014,214.8138526993134,2.256338976856334,0
23.992754416452687,48.92104038661595,325.6667637241444,4.4719492684924536,0
82.30216353741353,22.30183168134207,356.0960169201506,1.6282324609372663,0
13.792982786817165,58.62623648607468,54.142550325789344,1.3866995896946972,0
79.82115216302333,31.474527744567283,95.3121204967114,4.942623336629608,0
11.659266364674794,75.20240315275421,322.9059989945955,1.1314131364683382,0
83.92675498567597,84.89274915738564,2926.7158696088018,22.00262160696065,1
26.82201124637838,20.14084843204719,432.29469179935495,0.5318206651358282,0
15.336871388007461,73.26905842014915,269.8525222631787,3.2742403119456394,0
74.48769108740086,71.19862655995712,761.3501713638836,29.048091619987492,1
74.7247623519154,79.65727914566355,467.4795259023517,4.947816409145699,0
14.022609364062312,37.23981999365897,148.29721024490618,1.4857465934449583,0
94.99435911587275,63.77207350849405,1948.4510537281774,39.75617623926054,1
62.91893969828685,37.17554212299099,481.33232375117257,3.896816325238591,0
68.76021700369508,41.0813560792956,157.4153621145403,2.977277413539227,0
24.596787752865396,35.36127038369078,499.23811867189465,2.562919834671166,0
55.12088651097484,51.30985251831136,375.8611904746849,1.9151917520913093,0
49.72447929592149,36.952451819746614,332.43365970580453,0.101351028365263,0
48.970875685225565,21.180992922884823,398.03819490741336,3.864667701798778,0
54.92338811329079,29.774159268643643,144.2389175601264,4.0994106562972386,0
36.19071809594956,67.87988211315343,468.17629325861407,1.8935317878268865,0
19.325938107315274,62.49944294467822,344.2053428765253,1.0998854032700978,0
32.45466912787609,53.62092046101941,341.67562204079456,2.049898629432834,0
92.96375341740591,98.62460639572127,928.2310774196299,20.048632801681194,1
12.33618195950433,59.774375140673946,379.94216222883944,4.807354422623746,0
64.48462863347535,28.96396330722634,302.1709370615457,1.2698319915611105,0
13.236993396293208,23.65433259411096,412.6676690369114,3.068532409247884,0
36.050749469413205,34.48098223024999,82.70704201541669,1.5971104935710223,0
83.62803229607867,94.317922972052,1534.7638817689196,47.283227925279306,1
53.719454260319736,23.122750325367885,362.735357272631,1.8621337558798412,0
53.548391943222555,32.579655326702024,116.75263132387089,2.3829408945981734,0
77.30479887411897,71.45935929450964,342.8975683057413,4.3851931452165225,0
77.34514700828026,51.92707834752696,248.67803448012697,3.7654319722066463,0
20.660284284509324,72.52179439404564,258.72337931748444,3.191161231801012,0
18.982159886443842,55.78078984980655,146.50620319587273,1.245099810533854,0
72.6869445932887,44.00931637192394,402.6302340995434,3.8445660504563084,0
97.39732677350901,84.53576655422098,2784.772050518328,36.670168220590845,1
11.844018734410113,44.15158132940852,225.33170781110468,3.850558261151427,0
74.47269306186149,98.097597283066,1369.3940055750631,31.315303368688962,1
34.61445652069837,72.94970630408818,297.1200608556076,0.39403349022703704,0
58.89709446269504,39.57323041885589,103.39506643831353,4.289004686412953,0
72.56084477505068,62.07760052530305,311.07936640844025,4.4770702903350985,0
39.85039697158771,74.18303918615092,364.20484541590855,3.708916654448516,0
78.48783787248712,70.12734276796903,822.2598975358827,5.114113474038878,1
18.635963379640085,47.225225615021216,244.22698281755711,2.0153777135011404,0
22.12535771777214,71.27411984195845,195.6482514661101,3.534984818152091,0
37.3445296148155,60.176675392251056,69.602306257589,1.4595480689517182,0
67.0770926876521,31.86141818686925,338.95811608891717,2.819087402875855,0
48.44910648587897,50.08648842187464,97.60050810233014,4.162433873098225,0
28.884929418021457,55.76261572865883,462.6404370583262,1.2641810153739503,0
78.29542879108163,72.82531417241628,81.74043285679485,4.805622009258586,0
34.9342117861534,44.630289280901394,353.9095821538967,4.785532764280162,0
61.28998388765074,22.949511417285656,381.8702680069637,1.2482504637915137,0
34.17653837310422,73.74894389361168,331.90873486432514,2.0930259283595753,0
40.6339909803024,38.0040249743264,229.61374749227815,1.9028306647360815,0
77.90364823144478,39.25982273845387,324.58035930648884,1.5889270429343194,0
33.64677533729578,71.99574131573021,398.89208924616923,1.9528105121351587,0
72.10862842089756,82.49597171605883,1271.6706333013526,42.45753661894397,1
22.789309276546867,51.94825447303384,493.1922047511209,4.73761490275619,0
62.8510572052485,26.884517500291516,468.69057193045,3.5204984219872504,0
23.286514241696917,25.99591262326458,373.6708276768767,4.864674062518511,0
28.76821736234465,54.7897745628635,135.8642711508382,2.9305526794906758,0
19.219050884904068,60.306756215291955,410.8641765151922,2.5058331428158604,0
49.820325880907035,24.341435464479595,316.18795880991786,1.4097916357132272,0
68.83041049095979,26.742978495722564,108.09335743683502,0.1527098907486918,0
46.94635704946522,69.5834186960333,262.52643394796047,1.031933711240904,0
15.204556442813754,52.40175153564126,134.10929067218478,2.696872794120138,0
56.697290019899356,63.999674523011734,468.4931524103606,3.8492900283944675,0
39.7181514176994,49.58180750952813,405.2000670532486,2.3600374105866466,0
69.05289686119548,59.691459448770495,375.2272751200822,0.8514779212601686,0
70.98588177385419,85.63131478707021,1377.2808750096674,42.01343561566213,1
19.28845200293631,67.09297900326766,484.45618029791154,4.732541891459706,0
68.55711895513298,62.53400037509495,360.3039849733842,2.4663221705255323,0
25.333627934820477,46.93470335556741,487.42203414907146,3.118609846395917,0
39.3644273633372,56.920870437714456,160.10878465547268,4.788282371943487,0
83.76411045364165,44.95481925785057,133.67905042596198,4.143474711220009,0
54.63487561792611,72.86630890139395,380.3288157603986,1.4394446468992124,0
46.70444030549415,30.369203087387138,266.85840597620097,2.2965223949564444,0
13.860906343749201,57.410318674840234,436.07837543105137,4.6918250759512965,0
89.51437195834512,91.00085623855341,581.2609619875034,31.655986111122566,1
23.98286966081909,71.15255869253002,421.8211174381615,1.9532032740216954,0
59.78422646316918,64.85910947389867,81.86661562359403,3.6700212727184214,0
77.55276396366261,97.88050156694456,2924.8948431442004,3.4080168336365073,1
58.8424732781119,61.16546923660921,86.53450417269403,4.189128599618004,0
46.70895702081722,65.62400403724897,73.90428088955049,1.054846448558497,0
39.154476090741,69.22767740949891,262.7181043863301,3.92047350289924,0
70.26532445969525,21.077471825009056,232.03238140180926,4.87136120263973,0
74.89718191816843,36.389577222196706,473.10538679280023,3.1092804274228794,0
97.59682542456893,83.80603694405298,1915.985314560293,9.515189978272016,1
75.47093769073062,72.3436738012889,316.05930758777635,2.3613173039760764,0
53.27362093132614,69.21757763655064,436.9331623620484,1.1859717556696774,0
64.97500804169674,44.684655905627935,411.3464080402188,2.858686555801611,0
15.206788205957002,51.397174958014986,219.89544034800073,1.075651132123396,0
28.69691718616562,26.397417136195873,150.17163644355696,4.414028395942424,0
25.67945302801345,72.71184495242935,319.54554078396194,3.3866079398073716,0
64.94290729076877,68.30715252527989,160.9778402108033,4.668082596151836,0
45.07609093636578,78.56423516191427,332.08412956409,0.9011682590923059,0
82.58210989521714,60.80276338245619,296.4818499459233,2.5949772821608246,0
55.775033748318876,74.0978737691816,87.65644471146379,3.1558710200450344,0
40.63416860563619,54.69378717017082,318.3845119630908,3.4114356088184876,0
75.3934795960379,56.65679154215919,81.36848591103252,3.1752553510124457,0
61.41739654217285,44.01979210464549,197.8290744520384,0.2582089861137832,0
36.30338615887826,49.57896262748534,205.86357639882243,3.809065484379319,0
19.91347433154038,65.94705756294346,109.52766860432244,4.297643105565282,0
34.05850487288019,32.54584187537685,238.30105537230259,0.23674988663419716,0
79.46455513238365,41.26543951924317,116.08167608304176,4.086731616913947,0
84.97882549645979,28.004980131392426,391.4573642169408,3.2792447428693707,0
35.01243787683582,62.515012746069516,479.5868810120251,3.962935800167843,0
69.69447903576267,20.8999100226282,58.00331356811754,1.885585320858401,0
77.25141196273954,79.37427084792138,2848.2727142776967,43.561370430462446,1
71.4297635396242,76.74658983478082,320.6154321455299,3.499143455412104,0
39.834508069682364,72.41802935808201,285.4301044277753,3.610737593713983,0
93.54988520176661,86.09870052577322,2300.329100896788,23.411713163223965,1
42.89615643921928,22.251719451908187,173.24231886741694,0.047531012090528124,0
78.08788854126506,71.14633313851238,440.52282597421964,3.8611318669283974,0
56.12554200243773,32.23967621656324,356.68671344899263,3.3447582088031247,0
32.92031616176612,44.96424022452117,466.9507018138271,4.763829485766665,0
23.6210475817452,24.775288842322546,472.76639947169394,3.2938883924385225,0
75.1203460384944,76.4414112633939,229.3886008383728,4.501385135638458,0
54.02023799191803,27.81943680213969,197.86647336262467,0.665433195863987,0
82.38577811851218,88.01730366957,1479.1890300455307,7.259348525850101,1
34.469043853086006,53.42285517153405,227.15428275005962,2.278418332506582,0
91.25779922866009,92.37781289560266,1112.6338916081045,33.624913963348305,1
58.955958088890604,53.95110724464031,74.96777393055979,3.4380255049689663,0
48.406979372446074,21.260549419181643,280.9136756809747,3.7464518027462512,0
33.214571221474586,33.971513412565656,382.6061002114458,1.821841470500401,0
75.55538299788888,70.90506358583066,320.9694377569044,2.433050218446912,0
63.686872351156644,41.40622942095507,238.85253147077074,3.2726113450547096,0
81.04625047088615,32.685875479934666,204.9972297928295,4.796619522541069,0
82.6931644382899,94.40579136608133,469.278224993237,27.182439919552134,1
98.41743630118788,97.66361434821295,1591.199710184418,48.88332854801903,1
10.392221015718455,31.974296953756323,488.6926400440594,0.7852944204956935,0
62.66095721363721,39.9770148177424,376.591493953974,1.4525162359930954,0
54.486866427960116,27.048553932589574,424.14602868171994,0.9611600226353195,0
71.29733274718703,36.1663667782193,478.21113924794133,1.2183050627092245,0
12.357188926505069,46.944710848092555,487.44319694553997,2.329358644538377,0
26.53781975767353,30.799976996641213,184.18878416791824,3.1201421858640686,0
40.74286672722162,43.98317305846565,431.2208556513985,3.8308819973495565,0
65.79288904766139,70.11375745076089,107.41605767931972,4.544136070484669,0
15.153525829297074,40.26487980409084,467.2695346841341,3.636767585379798,0
40.49429030196042,79.15949433023957,78.49366113754442,0.9002494998339272,0
70.33279057596287,41.29074340583949,57.27629297953389,0.9258796942252956,0
24.92441042195776,41.208648507702726,187.22058696394737,2.538886430347823,0
43.67790759475944,68.64382791382477,437.7039279124804,4.831986459371437,0
22.39633676072181,53.76981423287617,191.0638804703457,3.0679209242793832,0
49.977165043460495,32.08394616763324,167.88900392533287,4.2480559325554,0
13.652113629994734,35.95844387924673,340.2872113850538,2.538299982256155,0
63.15742414218657,21.750240114444466,133.95106048802705,2.340173464613635,0
29.450117298782086,53.44548468020852,278.5379169271972,0.6981919961495614,0
48.68964270342461,23.20607614346103,160.62220968494734,1.403759753731706,0
39.77441216556056,53.85806388018981,345.82686777259846,1.023458373108952,0
67.78055633558449,76.87139403521965,461.9628444080818,0.37797937580800633,0
57.31913426718725,43.49222597609775,238.94131589163808,1.7473724797908463,0
38.0914665265091,58.9918353021545,357.2347278321685,3.7681094029217954,0
60.21152163986426,63.70963603084641,403.60196767718946,1.6792715793041606,0
32.49565523327669,68.2465547636679,270.5501644864049,3.938543654432094,0
28.087391073082145,43.946557973445564,265.86507314009555,1.623123619892222,0
71.53656883602062,70.60566774254295,114.42411849991062,4.006561324277364,0
41.332073445632474,72.76776161071353,488.27326260796576,4.0020503166255175,0
46.100811372649275,79.67385540107148,124.09460971521331,2.621877433276784,0
30.71271683656746,57.48772392312352,452.9840541713717,2.3757359007844125,0
54.27212068861058,44.37993385782607,52.57441919388408,4.665074365652103,0
39.59292364891928,78.66276876953,274.0721240280228,1.296899976105903,0
73.36535108164217,46.99476686513032,266.4802358813631,1.7658673110485275,0
65.34137386259546,47.05919015890062,241.70036472608425,4.222781878560801,0
41.606841294437345,25.948766736657436,323.94124630829884,0.9791252442757886,0
52.70330208867121,42.09772805934257,400.0062111888607,0.3371193310184084,0
66.30772369082918,20.554495304330864,473.5487879355458,0.882133483012007,0
71.43267382556498,69.35944810882563,355.2769158826583,2.659908999525004,0
29.079368563138523,54.21875046959023,269.51606681341957,1.898270079343366,0
35.88128091349253,51.136241855885416,334.1631052097376,2.3216743680519274,0
76.55411293058391,94.36268145895438,1391.6225767691728,18.12321680167936,1
20.694560806143155,52.194691401717215,442.07280842782757,3.918367965098019,0
48.88060164589031,53.03271803719973,338.70663300429493,4.777354952475822,0
43.1375278601466,68.33484958647402,396.3200680826295,0.3190237204896751,0
62.88543591779225,35.15978013027694,311.505079968075,4.052049663675151,0
58.061973601765466,75.79530578873988,477.2729442826228,4.603824070611599,0
82.19863110084438,77.7235099364811,74.09509290170371,0.06208044584711747,0
81.65010148779461,29.8838537648637,149.54968138203463,3.6269562307947223,0
44.368966786863744,52.62722422350481,480.9485636640379,0.681926964668384,0
15.433516584591917,50.05259635337595,452.7097891540996,3.9109701802322627,0
60.10638524279846,47.83617580729346,325.4940784657471,1.3843525848257832,0
45.76750798509775,35.41713797050819,266.589670351232,1.422101619518958,0
41.242437136171915,68.18798533617476,431.5056216632935,0.1049149814315159,0
75.74810072555597,91.79812262215286,1583.8062766948742,8.084772894259048,1
68.04097417976172,35.37754252215305,491.7772478217466,3.8019369109025174,0
67.01206973426193,63.494616310165064,343.3881712653323,0.3249513016938421,0
20.66870265153971,66.33605341025034,104.48658420865823,1.570837063959818,0
40.11207368959662,74.04560974704395,75.03739669791622,2.6141376365546436,0
71.95507226893963,73.77540298829473,231.33776005552738,1.7926634168492195,0
22.52754595690564,32.35929105130839,302.0017951530133,4.355071436968746,0
53.31950244108681,70.13430230543892,129.7442209195578,3.735431046974125,0
82.85463205312297,59.84073368405614,469.83314685518576,2.940463957569786,0
18.98990255002621,25.974782812401735,330.77550864262474,4.555678850650417,0
46.22797731691675,30.54033787811507,233.3007142264673,4.048261660352259,0
32.71867966248945,28.383234018737244,466.78501464775246,4.654185157799552,0
39.010543153891,63.77639895412055,83.96506149081303,0.577168199917546,0
47.54526783660307,26.17676868201717,184.5789393239794,2.005049098864834,0
26.55772095915703,68.19023069796387,161.934469831032,3.227669954400743,0
57.63202381507328,20.851798068303424,269.64151711923915,1.9752026784074923,0
64.59544802303239,45.766873824722154,174.05865360621513,1.4832858805903042,0
46.648239280349934,25.425138667499645,455.7440240207173,4.975910603124694,0
35.15287046630968,51.65746741032247,486.15895870611706,0.9238249421067846,0
10.083407064714056,77.0355207845563,175.9943972543438,1.4815102255964203,0
74.854178219129,37.55930586004447,63.852396006938065,2.5727654566689,0
77.63214941015677,48.914010026598646,302.7272719061547,2.176988151057998,0
26.545896453340845,48.426397550865374,109.2068203455168,0.41580866566232444,0
82.76928322945427,62.55084222766428,377.5351406225661,3.9978015812111445,0
36.24533901780356,63.53409485359689,373.77574477149466,2.216978329167204,0
71.24495796036828,35.96608211223852,268.88409454598894,3.755164807688043,0
15.764655645712264,51.715052086246544,446.5962002592283,3.453614471144844,0
29.485990655877565,24.444494432626865,69.25247071127053,0.5557391373355447,0
60.53791737025035,21.829792871165267,409.41705822918755,2.052664632279384,0
27.246595441831463,74.68050897298453,324.3621062183173,0.1906580704573635,0
55.00154110894778,38.1839456705061,469.706856062226,3.4099872364036674,0
39.8263310824791,24.005015291045417,284.1839441071694,2.4078048388867304,0
60.55977216520472,61.28705955238102,111.68057414320162,1.4695829844528285,0
46.28951641482335,42.38042599271364,122.23193687631105,0.5328144187052586,0
37.595556347656334,68.11483717016759,265.04478754387594,0.31112086326121,0
80.77119401256992,42.00331451562794,461.82935173396896,2.585241773450666,0
15.023020901895364,78.1663625405527,289.63169139043407,4.608988782517544,0
50.5008935953383,38.50112730057192,223.572520742459,2.616090099836461,0
22.109337554818005,26.734464319495316,86.23245136618033,1.6972110286869224,0
13.280430423171051,42.392442146307616,118.69384100027315,4.833363333526465,0
25.59146913595205,57.89266272056962,281.4724609299591,1.6252576180479377,0
27.00794689897343,37.09116059663682,84.04010629580733,1.698381692728344,0
95.74234216674832,90.27833101016317,2351.955097106628,42.782736798717394,1
46.58905329447718,54.338911137804594,427.60472139777414,4.496832644604635,0
81.80860142785721,52.85696603922483,50.541626259058056,4.519880859382886,0
88.27198507763495,98.74325149917803,2745.3350155178478,14.557443000473533,1
13.776214522701494,22.43055037647931,181.24644672542166,0.2806579401053616,0
17.240085264658063,27.89391839836128,138.12765885240518,4.616129392431163,0
53.5350700745272,72.28001554041695,185.2370407573232,1.592481566319393,0
70.00532265243696,75.80032266746436,105.77263741899776,0.03848901477356392,0
39.51665020797367,30.839294125470218,492.1469426928197,4.166146319939028,0
15.344254582394395,25.88267228665639,109.66198108153063,0.22786260806910152,0
19.243559359941358,28.927297030949173,84.6097874309006,0.6523118070986306,0
78.87981565611685,64.03522221726203,280.0960446475069,0.6297120817626134,0
95.29778441943228,87.75501990244148,860.3313656145659,11.574054217988342,1
22.056992203623118,35.27982595339771,198.0931461416418,2.1061486684274797,0
57.55780235322485,65.50308629539506,352.2393146547253,0.6052438808616933,0
98.33193085030425,81.35906114598151,554.675060959785,43.429664948716145,1
60.47249667958243,27.257639734309542,460.2894494006647,1.343338923139138,0
82.39770427227998,28.682638168191197,303.24653186068923,1.7706531817384763,0
71.18090354695906,43.84927954535767,357.3327170939292,2.2166000323954007,0
81.75998616132146,50.87426697606803,124.5290267345771,0.39246212233453204,0
66.2483348839053,47.74740902390888,384.739376399677,4.799924541188377,0
57.605810582802214,65.40229460668817,426.10434640349007,4.386016720470024,0
59.13802858932535,68.9620101381241,289.45393709211794,3.4678122798523496,0
32.147610817887454,36.64560408805875,205.96009454410063,0.6355964592852426,0
75.3403361697289,55.55409096588961,366.28287052821463,2.045946873598994,0
80.26168465248189,77.57552885655403,434.71263135189696,2.3444649275439193,0
42.93623624753112,39.61652601528169,480.4470089281429,3.471159394115686,0
15.177770268353118,75.996584742744,105.45560060441179,1.0453564265017457,0
41.44537458745165,65.50422038205218,350.70665763980475,0.40112145900514984,0
20.443402833819636,31.49127932300889,431.4251183970422,0.5792638850188225,0
10.110536656473355,44.774671375352796,485.4411917297639,0.09277769534930203,0
35.3211378552721,20.961689387307388,257.14462552582927,0.1449637249948993,0
29.279701914190657,25.51102023375206,169.55530947627676,2.9667182859423584,0
70.22694233744976,41.92201049303917,299.97904027796744,0.5424062878320784,0
78.17743904992308,29.85622696735568,491.61969694678766,1.2717976940319091,0
70.38229840308512,50.686184378095234,253.44208507567285,2.4104057911613666,0
31.731358968532604,78.20446740000241,168.2963158951967,3.8271610837238583,0
24.50765072173619,23.136582336332342,397.6368904231675,0.3871113166642004,0
71.33389973927089,50.18435601629655,494.11117139819555,3.351600329153908,0
51.80028771797561,39.99450443304366,133.32427043729118,0.06581385715948795,0
71.2584599879227,30.707040445902486,241.8754526462413,2.8037353893688244,0
81.50521595365713,51.04407738949797,213.50020186231893,2.5546528829707382,0
48.4272833159343,41.29970694883651,103.66257545665997,2.1211862264763672,0
49.575809966627126,32.41022663699651,386.48561941968256,0.7693148472691852,0
48.350679914570335,48.2975819117157,465.0038914274284,1.8758819915655123,0
36.86220385246304,24.516722999100416,234.26183384994974,3.353628700393616,0
71.59376159197782,53.59298993461903,82.02955948865454,1.2382504923730235,0
59.462948623849535,29.851097843381524,66.19542299090054,2.471179632038064,0
48.8084763816281,23.030448249936928,191.54574392151093,0.11526391722605056,0
40.83981166619094,26.230363166655657,355.2920001539316,1.8211394057310555,0
33.235515649185174,24.139400522627568,100.2214397533513,0.18991110480097606,0
60.65920340023192,68.79092883706767,493.4468229663471,4.262501219397394,0
90.27444599248275,84.53324634382571,2545.1479735752546,45.66471958830221,1
85.04028641274338,60.651732655771326,2288.3256617964125,5.573691147184416,1
78.89603288064437,74.01985462126129,1770.2792050236885,26.012320076278197,1
33.70759836602279,63.022876322426285,357.9947103117194,0.7754713543035474,0
68.88819710447602,51.65527839632994,118.46654911378243,4.405946184471545,0
72.73396519701399,98.7273134150824,2742.618281335689,46.794489759901936,1
23.275786320756012,27.51507386577248,347.58678302909004,2.9707967893982574,0
23.914413677734085,73.63838344775027,175.74909000615241,3.67223638899344,0
12.954387526961455,71.19037871880334,207.82332925441295,4.254654137166205,0
48.84703957844342,42.0051245855564,125.42641526598322,3.6724620030552546,0
19.57851127264261,73.9158146341382,208.59396149873328,4.735582516181892,0
16.068946228843913,58.026997084837255,189.30620850720416,3.0907614512977863,0
24.259657473902926,60.54869814456398,113.27261183443704,2.985621885887746,0
13.117964428779407,23.494269849216515,473.8572377772481,1.2254845876431808,0
76.27629757659923,60.40348874179011,450.3711740559789,2.648624734043337,0
37.626041034576346,50.89565053164033,87.71379506922392,0.2919811202957695,0
42.55145246304065,21.207303311184443,374.8339222399006,1.7450935627122155,0
26.592902233454797,35.72677832100779,260.9300870696571,3.2131983533251325,0
61.82918595544463,30.414328649086386,155.5448453366239,0.6683512443235107,0
74.91717873791526,50.26284225792601,389.954214196366,0.2426297578834652,0
15.28689592323585,58.28556354778714,148.7156292793715,4.407655240210031,0
23.116107788196956,42.70085490095882,67.65960921824588,0.020985804152826026,0
99.43733802047171,61.48561575199162,815.7957899522077,22.592879818128555,1
14.890344344536903,65.90639549798786,331.5153125613887,3.2141184413771584,0
25.011268318360756,72.87504090091339,55.039687365066854,1.6282238847494634,0
44.17425645892847,29.381728498692503,160.9150593095313,2.4929314369560607,0
70.10812719664861,86.89785854582935,2336.9529787318056,29.733616397536625,1
78.2099876230548,98.72563507095356,370.4248740487489,27.462720476355774,1
16.69671433941797,73.3812447542999,211.442705359762,3.224818853725981,0
12.945206068123923,63.937434045541764,431.9313474892855,2.3254433145727256,0
30.76208479262887,76.70102565490964,388.0167655201622,1.746635179879556,0
35.080088424156145,29.922225530791156,462.0611075232369,1.137290552364603,0
40.583352580462204,43.88896961137439,126.83954794828838,1.014629428509941,0
30.76783655333567,72.88914917533464,241.94878440873785,3.652660105026811,0
71.19602042264628,75.88942321513557,450.1871257226983,0.0856104289858095,0
69.36842827943863,31.535475108085514,134.33507959269963,1.6105629798456906,0
66.79622337066255,47.74168683486435,117.82958328341164,3.395777013698151,0
11.439420761729252,60.75030197227957,52.51737014684128,4.2123606429667895,0
31.928733280914482,66.99740554633198,113.12024605662602,3.899212905096584,0
64.00274024095557,69.38021446681608,407.3732189769243,0.1659824305273494,0
49.25431835307748,58.76281664579576,429.9825255314296,1.076343870164299,0
37.798161030016814,77.19843005494235,487.7854721196543,2.9857535224157368,0
32.46742584654054,50.473844960202854,336.82588266798473,0.769804970522131,0
87.00789856539053,75.52782207343888,317.41349600469226,40.27159806933017,1
76.01752090249721,71.15836890588666,356.6594507419687,47.785717805588405,1
19.939350455638632,61.64789923857421,476.421125723475,1.344374246707574,0
84.72504370425564,50.522359052976,378.3976868012708,4.638071175740283,0
54.20904921135229,64.53861473202346,486.289643690759,2.088803358122711,0
27.330609744105356,32.255388076183785,218.5412686029685,0.16642774631728474,0
52.25465130344801,27.01272563545634,205.92277842957125,2.9925170702584,0
29.804648852028908,47.20223633624944,217.55201827342148,0.5259414243948585,0
87.9413746740107,80.71165277307216,765.8355918551933,24.879440249765025,1
72.7780843932205,48.563402129063704,356.51196458257573,3.59919230675245,0
22.264290443876707,56.03208609238489,241.4440374153555,0.3661575213861695,0
65.23331767185421,25.3038180288055,89.85567822128604,0.5598648524349664,0
31.842185514853142,71.47609483983973,167.09511557108914,3.4419835246345416,0
67.13486435332729,40.21086208682917,201.16123029801028,4.609442427927286,0
19.561649674898682,35.42914106654575,245.1636198981318,1.1323030187902745,0
45.40502088324995,20.517140155506816,110.4939872760803,2.292338050728619,0
27.623005374696458,32.66040150245156,280.1690461439751,0.7434965914877412,0
77.22137289346799,76.98917269802803,2206.2065058314165,42.74908594686974,1
56.569642560882336,44.655974297765496,332.6821720296598,3.170184867068043,0
47.90913384328375,49.11533624883447,114.2531825628041,0.3828432091005812,0
76.93924674661346,60.197209451553086,393.52580529861183,3.7581027542240686,0
78.03211656323694,89.35243963993702,486.39292535369964,41.37363191134323,1
64.5376802324731,69.47102418799575,442.22758084798255,3.7348730234338525,0
59.320966922525756,37.99576384838397,355.5254409263015,4.329207377099711,0
26.224958322312027,47.65817553275238,255.93198466524845,2.421302147233064,0
78.67815081173434,60.882240727956926,2999.7326379249253,8.657143803670795,1
46.238564748525135,36.19841821132772,119.18526439810367,1.6004655453777572,0
72.80253098276131,37.69586814823186,155.7268532750267,1.8638852289464336,0
35.08834665564491,59.62818328186587,165.98302759018338,3.719440720593095,0
80.0775261076761,40.533531486734276,181.07263501508163,0.7052484512492008,0
10.810831272639726,38.53165395418779,209.8099468921058,0.49861800033034365,0
33.273136157841066,66.26816289024933,333.5835060745576,4.660229181193113,0
13.875154124347082,67.03715108587045,475.1940388597449,2.268708795471508,0
28.932770825801555,25.48119456341335,286.10978544206483,0.5424917253521921,0
68.64699828684694,23.90004733693331,346.6084606804223,1.2848442694963542,0
97.89890727341529,95.82825373054061,991.1881754217582,37.899246635406875,1
58.29996574292618,57.68182787417222,313.34914822592987,3.2570017935045836,0
52.771520404854286,68.25921956583035,235.35423392447146,4.983004560274552,0
44.77738037049866,48.466094848830444,325.4747993254155,1.9501913882715254,0
88.27738931127334,60.7422578901168,1178.8985504044163,39.049549618865804,1
59.39053867525412,31.51239106427009,85.40764562385402,2.593231447108346,0
13.48378095399983,27.278179880332047,352.5053674102723,1.8315157263116948,0
50.62256609956502,60.405183734685956,239.13061702441485,4.307374061713471,0
46.56783952550382,32.493908516492866,490.6617254158934,3.5758236726921884,0
47.504369439331505,44.12938291063805,132.730577100184,2.4094561563521975,0
99.70978283580597,79.58892504147258,2048.3012657074237,5.136583602748072,1
59.40202237142088,37.25067196302554,98.09751878916413,3.221027409203461,0
83.38941012918555,48.107674225225196,139.7582090748734,1.7948521484350433,0
36.773682210149786,64.50838851477033,450.0689529605725,3.8642247211733425,0
55.592891056802785,48.94137251496518,113.14558389552174,3.0671313076061595,0
56.78944935074298,43.187753859676114,95.10271548929792,4.9826103596233615,0
47.546820105281334,68.63623089560966,313.7073698652335,4.800942150049626,0
19.607180977465003,41.99826200578739,314.91003845120724,2.9623732378180745,0
82.20762626899045,59.91637017421465,465.4292128053484,1.6679979042113864,0
63.59469420250468,36.7404974208678,163.96041336811288,3.7307525191339397,0
56.2225364444293,57.747054718056006,488.79585549509017,0.7386176419856583,0
95.16554752793132,68.65940034844795,2589.4989964808397,7.78299243791418,1
73.69175578706334,23.50747923421262,91.06017858691492,2.0326915694350656,0
27.43794941558734,52.48012296207604,257.2986851198167,3.5631053967416095,0
90.97824386006171,71.768544732759,751.2371261007582,30.965459543364847,1
52.15545958019283,21.96799245661376,378.75482169503215,2.006149998058459,0
78.8557414149363,31.01477764130876,55.66667570037265,2.619278035214113,0
57.81681035164098,23.716791114739276,237.53707728082392,0.6761991399236128,0
50.69834760306825,23.01052101919844,94.39581952976408,4.453392978027354,0
17.033239469276236,37.35158911795218,347.64837730284864,1.4734499271968753,0
60.81487104127635,61.689243792303245,452.0037388224237,3.31856626260097,0
65.07742573691638,76.57476268350538,336.44501985952587,4.827454692188924,0
75.63502139658641,42.07083086856806,247.11430241051136,1.6877440655016263,0
88.05429426570942,97.8088841060076,872.0396572772165,17.256762972564395,1
30.894275427396895,38.94010886984396,143.77265555397142,4.833074961321071,0
77.6914680009675,78.00405365210648,175.42117181351705,0.7644442282239816,0
75.10425175805878,34.78089483453811,154.8374954351176,4.995747833893295,0
54.70614664287295,67.51766086800293,88.96431118070763,3.1294510776941378,0
59.643522447775865,43.46553464889323,459.2865017130483,2.2703262816600605,0
15.823700100370381,66.77190090943597,322.50662325226864,3.9629557009827208,0
75.52578356397541,44.21119954641267,389.74042991712344,1.8130847579273102,0
51.8981797337819,54.74778824210295,209.9522586112153,4.964293875923149,0
58.035703163188295,30.11594290604221,205.2001283779325,3.9380057323082216,0
13.52244750812913,42.123509328250755,366.0782641431921,2.422127354171995,0
65.06134442812348,45.97838299038238,480.4702554952884,0.1836409445295778,0
41.289506392343235,25.280361650687134,355.58109453963584,3.604776552418362,0
55.01885575746873,37.6033805349787,396.06045745219154,3.948827438973332,0
72.46972866806709,54.71512091557698,105.2330246035792,2.8891075313580696,0
83.20103674594102,65.04741387078727,166.49993388672704,0.5605682416909807,0
44.344674582552095,44.11711547691317,54.15904156148517,4.798494002755022,0
40.77871922767223,42.007899238776105,167.54007707326082,0.34972005069315637,0
65.53570989651394,67.34243625212284,347.79431962732815,0.6918543090681911,0
19.450152089799573,50.78463310208299,54.301183766630864,3.7406040005546313,0
40.809160749970886,48.06814472224035,325.87341164126536,2.673333774464412,0
23.566892603417372,78.23439995764163,452.32457571596507,4.640726104478211,0
85.02338472821805,62.104932669485606,1150.1698599779243,40.3827806325269,1
71.87870576350466,65.978244267134,237.23160599897602,1.2949108871598336,0
67.92387938017295,28.139688029622665,121.67736680725632,4.043576984427198,0
32.40441801915798,52.79689637982026,121.15969057371406,0.8272082000943887,0
32.96902155899588,47.57796526138762,369.5652669184265,2.8907033688106014,0
16.04356092148852,26.014482216055484,80.87044320281555,3.7234036321226527,0
78.57306700659706,71.80161921543944,1733.3120569792816,18.12161626670923,1
84.78637538632252,62.01249918125023,680.8374868896386,14.151148918830447,1
81.25464752881037,36.408470922498786,403.34129056077126,2.7840755898469656,0
40.518097054215296,24.233003822593673,358.8675047476895,0.8464310513639473,0
21.6193983357582,50.81800303571906,355.3426598964691,3.3908964670603323,0
16.362828556389395,47.6197430385659,362.18358441424783,4.311526182883353,0
58.916819465910436,21.40597732204329,368.21188307105894,1.8122992430728024,0
57.353198323253245,39.73518669264347,442.6342325807819,4.767784033600492,0
42.29018656847777,64.77529366101233,293.64551447443023,1.9644614791558956,0
39.49905027888916,31.904606071613763,175.38274989039064,2.552023443595157,0
65.64832971354895,60.335776395953964,200.41851865064413,4.757740568383698,0
11.159246239665057,63.03571255194539,170.0165437867464,0.7793018379353855,0
60.937192623967206,50.44364563069763,232.30673300158702,0.0929016702754959,0
99.1698613093118,81.20415798053054,1082.555748425029,3.6080339369417316,1
93.9785142300295,96.75287322463402,957.1348540036439,49.05719121290496,1
35.45876444071045,51.556794614087565,368.8152139115758,1.8428834691906881,0
60.815670059421485,44.8657887480222,117.85676712455817,0.6240883452092133,0
47.735219393506576,63.98962268820797,310.24809621693686,0.06068729157600261,0
56.722493767261206,34.414701107858235,391.30508628910695,4.287765635499566,0
68.28601869455775,37.383679024292874,378.00596110583746,2.8310241175357262,0
29.912230557180425,54.40409755386223,108.11138182985044,3.7165774682763564,0
33.1351211117113,57.72328322153493,66.31354288165768,3.9003046160908412,0
46.242405690657634,75.51587849941785,306.78988214527016,3.5738467924962976,0
17.75755861453625,41.307905841542976,347.00117205856975,1.447348443362681,0
22.939290770977156,27.592718671782634,458.89500260316186,4.370548138590753,0
53.267791346976935,62.0658552418562,437.23016896435024,4.586809925326383,0
11.643499658125672,27.599352370831635,316.89767980047407,3.658699867928026,0
51.002176155409764,35.28323002745293,305.69375335437087,2.9741518867949335,0
85.70801719177712,93.33425917061899,2244.662582092451,6.53423804785022,1
38.82449853697612,39.38871303676504,233.69982016470442,1.3245359674891004,0
32.2419934154448,74.0755524677938,58.256897753134666,3.090111393407562,0
56.18875735391624,52.25240861842078,245.57344424026405,4.169046544364309,0
20.09322003280808,31.902352390862077,367.3350405128096,3.5826358811070236,0
79.77988151269942,61.790431008613346,220.58902537198347,3.260554286093641,0
73.51654183217147,27.90862240984755,144.7905189359915,0.5909840525749271,0
59.576069068549025,66.1550335544952,417.86642079056315,2.58577985244479,0
46.34034963100081,42.41901778237905,298.82333668516344,2.188261823622111,0
27.21986205654765,42.767682835607886,64.4969122026678,3.442997603377476,0
26.11844777772969,69.80196101768448,455.5351048795707,1.338240811834246,0
75.46445661742484,20.938597718446047,77.5157814714588,4.9269257013395285,0
54.630844802519114,22.991608783949854,471.88669404181235,2.3355184615713496,0
73.38311675467459,68.60391993565815,2994.79238469904,34.38700287956,1
73.9136125238905,43.1034833431377,230.85441858018498,1.5341906535130918,0
70.27026515811514,74.44779058078552,207.04772088585992,1.1061767395895106,0
60.85121144192976,26.504022362997365,147.28485824171395,4.470537991989738,0
24.687481310070254,64.15721363091069,269.5765591656792,3.342625692230569,0
30.193242321203574,21.049892839243316,387.86512161849754,4.172249786738815,0
41.33250866255003,54.36635058422654,415.89727119987975,1.4076752005344717,0
57.04967013180085,61.205343216914535,499.2364200802813,3.6323277689676563,0
22.741530491429295,49.30009478026008,398.02650108294756,1.7515876293616428,0
53.99563473816056,53.72665295739377,174.23381123123465,1.623086211557387,0
50.64257105337686,30.34318172630997,112.05446977865029,0.0016507962973821844,0
38.279044825127414,60.71102416906486,188.5746684478694,4.692109260493849,0
63.204161636828964,64.67622074020281,292.3141894982177,3.1460007872483042,0
43.52916578548191,52.50561919646092,252.35593289832076,2.0249851943847386,0
11.90643450580714,45.302757051554984,158.54304858261034,3.347492882753473,0
59.764269543508924,28.97295911341667,496.7665080149924,0.019630284946327015,0
10.856348759055523,65.44814304338618,65.82232097988741,0.9149885830104942,0
76.25985722395455,79.72901664399319,495.30416370701306,2.0040622215787485,0
84.2878856500505,28.36701417230961,448.8693730809778,0.7479882807377919,0
41.37503980767101,58.532578220161845,212.02947209782772,3.1293305480768403,0
17.438357469041193,47.63495304167999,353.6032964104228,3.056765153875709,0
34.270766436215595,59.01530426561969,389.9025182767875,4.87699238802613,0
16.178578421188202,29.204772943345283,244.502183970969,0.6552787171083374,0
34.227050931557045,56.36090014876659,78.72171561937111,0.825743560549872,0
70.11528339122421,46.97500117521574,278.5523942890749,3.169264504417712,0
12.037556591916987,40.13655465445408,311.4112542108253,2.2885702574911626,0
78.57241049203742,32.724874248642664,139.1468874084893,0.8632032039014559,0
88.72062819983391,79.35413914363171,349.54466642605234,35.86161862454388,1
22.567490447837987,52.19739678412963,361.5981586331585,1.6239643539415787,0
50.432091455200656,62.36348687828185,272.20950307208574,0.5245219317465566,0
75.52739450997588,52.667679928950115,197.23622262301083,0.7754680313550116,0
50.87701891727038,24.66274510350353,472.30792390610094,2.157028518348927,0
35.876262994342454,66.20534187524491,326.0717473333908,2.6964913191713062,0
27.117652262027434,45.47435643115733,422.8423591671722,0.7212565705829577,0
26.049600902373516,40.87811996931299,132.60330865395892,0.5234478414182725,0
37.86004469682826,24.1917152410797,401.32309806793506,3.510567750858428,0
47.85966987283961,47.19570635155158,52.757891291156355,4.2571751892873735,0
10.699871487031997,32.41231252533727,159.72759486317318,4.863549867806932,0
45.59731568123604,73.31595682622915,315.6140143668625,4.47967248145951,0
95.09689105914615,70.1569741035166,1123.802777131705,13.801559764677096,1
31.707964121461597,38.97754092353746,118.76261419322746,1.6516384468327716,0
57.69660303727964,59.74231159476521,217.3531997935292,1.8487625398651397,0
36.61934956577575,25.488977475778825,289.03945740868016,0.9244869761159968,0
78.80232730058185,86.54433320770673,2018.3754303483975,31.551645420103522,1
66.71602104626326,43.42258676281723,117.70184784794733,1.477762493176088,0
27.023390460364077,79.970311382511,256.06362523982943,1.3104694858997683,0
44.67216707504554,68.15937464913318,414.86924202716807,2.3469718926566454,0
27.807510128110472,49.09152438296621,324.78923791474017,1.5960551794363624,0
33.67205078225125,40.54004494765944,96.35863749899274,2.8474591926000485,0
72.24364493508595,75.25750843661542,775.4369473268459,6.141819331430774,1
14.464352526082877,71.69749700503871,493.5351290394668,3.0512922759511563,0
56.926143419601445,61.892927209668365,154.01811540320466,2.9487642726605277,0
71.39213075737464,75.63366399996885,886.314584555006,11.483834632686666,1
15.112923203912018,64.45299240331913,200.68562794954153,3.3190505262514143,0
46.0439932994986,58.244148872553296,359.67849652501855,4.723545254127061,0
52.050872120421246,41.905635213908354,382.39369276466397,2.5712713953098754,0
44.877725066568246,46.70112102352131,471.10992418818114,4.764100308917908,0
38.70880753022804,61.71913697746307,429.7482345495345,3.886865646052744,0
15.717941348017336,50.233327807476414,372.9665127692016,3.5418649801136315,0
39.899727082923484,60.622268892920616,397.4686271633591,3.9103226078621556,0
32.98246170275287,55.514864265144205,483.7790414247292,0.11008057833559293,0
31.025106441355938,61.74065979292034,112.13764547090408,0.4404642535594333,0
49.35673237241784,39.32405211174378,158.05697920318397,3.5334385423027177,0
81.58203800355177,72.34548117962733,2089.021357776769,35.86423273847114,1
54.11517002112929,44.18232547442793,51.85721960357175,0.8348894111450522,0
39.79654679202754,63.163289334489214,141.02293178391366,4.488526132362902,0
71.76641699588643,41.43451809020817,269.75216479789344,0.6298893040958414,0
14.277018550271453,54.98111884664818,60.712719466254356,4.751921471895588,0
31.18720494796392,41.470469518491996,313.2212532525715,2.5709409046050564,0
50.60557055106889,36.77608595870791,131.67393272187851,2.1942390485568195,0
44.36401650534195,76.08932242662807,289.470868243176,4.770690396919046,0
25.623654250638847,73.0398666122712,89.00535251787383,0.6925338891257959,0
40.31052412382748,78.13666383045748,244.8842461640567,1.8899405810498082,0
62.572684859434,64.37487063330457,213.43513824088214,0.3018292175752868,0
45.54712301971543,48.672041294788144,365.08471668232386,1.4553944068782316,0
68.1425904174292,23.344131590084128,387.17390157084697,0.3230232404316047,0
15.45512108340013,37.84956019956009,463.7433202512834,2.2759268901719167,0
67.172696837572,33.683709014001195,426.36618185453887,2.986994455935765,0
84.27492278452362,29.45003288454823,301.0769336455162,1.2525079844235165,0
66.29610637306438,54.27195103777482,440.7457836426656,2.3329643671780973,0
18.29738027164054,57.99072049374634,262.6079512617007,1.85559845609366,0
13.392046668290355,53.490271033426446,287.0460082712714,1.1816300880472896,0
14.665241962352706,31.78647891336715,196.42569060255778,0.8166120485715428,0
20.805908950989966,44.33716341532654,411.3184286184243,1.809036840177451,0
82.43742397887495,70.69702263635625,253.64013981318527,1.6043252251198488,0
41.50082532217471,46.91255296210756,449.0268724152451,1.9200751486359213,0
62.72642191713834,24.7829043912371,342.09128324234666,1.3684775798317443,0
65.70298908999858,45.06251401837855,213.40791972033617,1.725103333052333,0
53.085483488493395,27.81922599034015,362.1910641570839,4.61060217980609,0
44.078300091997065,36.82730388560332,362.4236358961383,0.31125294970727135,0
59.08834107108514,42.4011896619099,243.238454083514,4.902960619023936,0
40.24058170999392,54.45761238251441,285.92869251863806,1.5753293763045702,0
72.36387498341676,50.68805240255705,261.16022564174284,2.795015350374154,0
61.630376386910264,45.428491110414456,167.36379223674933,1.1757778500420852,0
48.625424478229235,37.32859819724538,276.87956915211936,1.4304388910248451,0
77.95652953609454,65.3923150097184,491.2431368141094,1.710383979855354,0
20.524338864513624,71.85383613569343,196.78327757505917,0.5212159944238876,0
75.40929317081137,67.70661695160348,203.39444281277142,1.052311085710017,0
48.019032847137595,32.60284023752418,202.80418050358793,1.5898802472331075,0
31.114089881119746,62.88213898293546,357.11557980658785,4.310254284880639,0
28.499396185405487,43.15156681016654,375.80395647269927,2.5003116329510404,0
83.99969449503598,41.873985651191866,321.90777964946403,2.6601734341669503,0
77.15095668648769,38.22343109790955,474.9495060867312,3.607328001791745,0
75.70719651426397,91.63359703688711,1744.8515408631708,7.092041055709455,1
61.408291241642615,68.08112349621491,478.98157836483045,3.5761464488814907,0
36.06390964853159,66.07165538755132,172.15729835944592,1.2817086417362895,0
35.13979312344257,49.80460568035907,243.38542148405003,0.961458616155399,0
33.378330706705825,49.387152079294445,154.46026076007027,0.7165501813780534,0
80.73068783085307,74.56661984219787,491.9180394159419,3.1671601564098006,0
81.74609658125935,60.022211427521235,443.1508950430991,2.6802817716354363,0
75.76428546089663,95.12010420606234,376.11385184064795,43.65498179248449,1
83.67839626814548,22.005414346130227,397.31246081520555,4.065434820569099,0
49.723793376700485,76.29087035148335,126.7521701029333,1.0705812170646778,0
16.652690031779173,59.33059831076675,460.06526832542966,4.0057779865057865,0
28.15337618968956,35.339973399908864,176.74385435800872,1.0597954512898677,0
65.31867261916686,67.63730508293543,90.98798669602317,3.442560942047815,0
55.581409168954195,41.45079970563422,250.63233538942296,3.2508906298050597,0
52.899690871269456,74.81468068416169,82.92879444560094,1.9327893686574633,0
66.34591932803252,59.22192157430475,395.571898228105,4.99125895093128,0
18.87521431925405,51.88039719419655,485.5154616461854,3.039398219367774,0
76.00593156710937,72.1724701315531,456.60168666377683,1.7309265385681942,0
17.025607587106936,30.081203131560713,484.26423030946347,4.9636230979681395,0
71.63950444677673,70.49732045256644,275.33070776488927,0.17499420631992835,0
69.14612235043049,53.97937280999193,466.0756395498374,0.9320842760509235,0
55.264660487584074,55.61663266678486,67.52016828021704,3.6974179281066384,0
67.73099671428153,68.94925106151771,434.65025583301065,4.744004148388178,0
23.058200150056326,40.02225245453779,63.58640690173488,3.6164497417140815,0
62.47296772165913,30.266148704804113,200.2289289545236,2.1667101518416154,0
81.737604872461,23.42594470671058,129.71095465685113,2.7038411641366817,0
42.17455205312638,47.474017707624284,341.4690836556034,4.011106594856509,0
78.79510499332605,56.16845193600557,208.18761871859616,1.379915168355954,0
42.061726594046135,76.70734692469321,258.58016616134796,4.041064152582515,0
77.16424213721504,73.7333444524331,118.90105059748929,1.2528564571107392,0
50.55238574836827,34.682935821422056,83.0123417826138,2.6865512950180523,0
31.693357897949088,48.1506497655663,355.5667244400979,1.855964933242622,0
88.99063658614055,68.1224450294352,2138.9956463395006,13.283071052956423,1
55.220715735959615,37.17345843439966,493.68737477765467,4.61771378468113,0
67.84527600144594,56.85117465914068,141.19561489569398,0.21611575708889497,0
84.91294731032107,70.72465406180683,1127.233813329402,11.466440275213694,1
62.69053761511052,21.433051479148567,385.88865477984723,4.113267295251846,0
72.43477747374145,83.50203480045295,1410.6201341205585,22.45931241650196,1
68.59913918104789,55.965832521657305,161.84120090577636,0.23016568070859278,0
48.29278065463777,43.128226081984124,103.92829769354174,3.262549963933765,0
45.56912657327152,59.4271303436764,59.64793998040096,3.29178546092648,0
87.30835727931881,66.96663681194853,326.9831921181411,45.08735347036251,1
99.2881480131112,78.23524410291859,2653.5060550276844,27.466795022884405,1
31.672639369079388,65.07638701626476,50.59394104294835,1.9828928065578866,0
15.075127142500119,63.77128531858631,228.21095583605577,2.853843982929507,0
84.47235970894752,44.550955247509314,245.94625800591598,0.4122903899197694,0
18.96956844537263,22.187663049537107,149.57446597978281,1.1298919232759175,0
21.19371023061054,57.80207465254629,405.6868626436446,3.800236029804887,0
83.54261702955426,60.09083971747431,362.04162890732306,2.1668930496746097,0
70.29688806643902,70.39989339463658,337.4145926974277,3.974151308021634,0
78.54057057398333,97.016969080574,872.8818287940512,27.59639690451304,1
24.941145617053984,51.66872649773725,73.24797912304535,0.5773488758894396,0
22.252506879881516,67.48116341914007,482.9339201167504,3.8686586846889632,0
54.517070153408945,20.043011522394785,478.5893126390553,0.12518168118721917,0
15.779370935074837,38.602041440747,267.9543060224562,2.575688367305503,0
27.237004434821383,51.77867162210801,299.75408891368306,0.29314779549307723,0
62.97789976074971,79.16167569178577,139.6957365277582,3.8098141944464463,0
77.55263980084439,52.43316052333545,99.7436139875309,0.2899878623635421,0
46.299202613481036,72.01646256983074,138.94150150382688,0.27833073028099564,0
17.610365714952408,68.11041010716835,404.84832890371547,3.977816812511348,0
43.303281190165215,56.46576612460547,151.84887788168356,4.733158729826688,0
44.69010370998609,46.28264455432303,427.171640630489,3.043652412924243,0
79.92928208312414,71.45612526339688,1441.8479060055822,19.6951808641833,1
14.222745676137801,78.58739176612461,59.1063046879777,3.397770595536444,0
10.99216096789705,35.11120174074254,275.558214841409,4.485810974138075,0
65.73948990487025,20.55861744574122,326.72038006271634,2.9144300077360885,0
82.01017033040854,38.913004242637165,73.77109001786152,1.13169139218743,0
46.942680306497316,23.692582048090213,352.4669091195832,1.5740041306701835,0
71.82628354370121,42.91748114271613,206.64299637854333,3.3857246866458155,0
77.5720671767851,67.28958728814239,74.72905424088196,0.5736798063045734,0
20.978049412168684,68.1927273946456,467.6039337985493,0.8766083918929957,0
62.02616693361165,66.3704050055902,426.467200608928,1.6301172613899246,0
23.592479962424513,45.37661262449346,153.99001496055587,0.35453961165920866,0
81.26780153656019,49.11743804370292,165.72971121099226,3.72540085581109,0
75.30163415930795,55.26166817187873,96.26385278113429,0.4861220896321239,0
62.77644830955968,76.76453708412987,83.87250845162174,0.15363589825249768,0
49.1094729041104,26.918065420342963,417.6882261138423,4.787452655106105,0
17.547810889265,36.22091542973506,318.2621277634407,3.9322241159721165,0
13.836265421529822,23.00387162559766,392.22590198775794,1.654559428391873,0
51.427460336292576,70.77908076685242,252.25663693268353,3.566265156256354,0
36.37374042564291,26.516444140789552,474.5765910349576,1.2360285185532471,0
35.49788978449361,51.525919898578536,300.60078722289245,2.677498577111868,0
58.36244530167353,66.18633844313513,82.31339545046114,0.09362356897195334,0
34.86735243003953,23.242857640983594,389.81437255226365,1.4561466411563213,0
31.42194914216823,47.82054834639068,260.7842952609614,0.004994961334713333,0
75.45476878634514,66.27458444199068,260.54146113526923,0.4974970712830784,0
56.45424770248764,35.40989447402352,83.12821769015676,2.551978112600495,0
48.92948431812028,27.004874166127735,404.90889315414086,2.7583978187631972,0
46.90872198096537,74.70911417236681,107.3174162150124,3.9731339551339078,0
42.4373408747599,64.72386434849237,272.9791297987872,0.27773616743823004,0
42.457515969944694,70.50852254172914,440.0931122596305,1.3491880240893883,0
25.834445691852807,32.22304359665999,316.9667615789198,0.07553722793852191,0
22.731842881565555,65.00964997727607,343.6370949876885,3.08419188392121,0
97.98868126426235,74.20359335038347,2764.269408299923,35.9087758875608,1
20.569316873107198,48.486140362619075,356.544166019697,0.14519951104609685,0
67.4548582401477,42.79545745772087,326.3196231376536,4.958931776439649,0
39.76924571511971,28.56713820007308,314.45107316296713,1.601809852461531,0
71.36230468251111,83.16524937507864,634.551682611756,34.42716522114931,1
21.905257253073216,74.55590260732045,457.6798443872221,1.996195848345896,0
95.70081409979693,74.84993531415107,702.3230672114581,45.11588034973183,1
66.1054884572149,75.11129182658728,463.78878301077464,4.192512626618185,0
11.595205813779035,76.16978249305978,125.0772054893756,3.82216431185096,0
19.75605023717102,78.83889317384298,146.74650061477604,4.835820275680261,0
42.225502251636094,47.64109840892803,206.48290203316657,3.706188485685967,0
59.24733052809071,38.19317280311547,151.27625548160245,3.732094698686694,0
79.48478484671386,58.694379431895015,85.89354145298198,2.1464745893050665,0
75.81040101452898,20.54522209707298,437.93783862810415,4.2169582316453535,0
14.49574756459812,28.293925207120232,254.7207823088501,3.1774150777324413,0
30.291944236599356,50.49870165660167,286.1183935320196,4.224080262860717,0
59.99503592849644,26.20369619780249,184.00418295318448,0.32196473233118195,0
13.72107800041281,28.15596484203924,61.68245825926443,4.956332493725217,0
62.6863062990332,48.164410519355485,229.07887529060005,3.0829391903562318,0
67.08411527823685,47.92921834638196,50.07098506012553,2.954999795429769,0
31.78783792535653,64.90251496569095,426.65350811140274,1.6514350624605512,0
62.31035962519627,23.019375976079836,215.52450094443037,2.8286395567214617,0
75.54083888482616,61.546790893996544,1129.4626444226144,5.8610152686958426,1
35.941229271471755,66.9647404550832,143.0359905831076,4.659612178427935,0
13.292495698225384,40.46287236983741,130.22366374491835,4.170211339633352,0
31.54292437405613,34.33070962421642,289.556477579583,0.31583865451515536,0
29.847627019401802,43.81336358534237,57.904455066785125,3.180009019944803,0
91.05620063362935,84.63154626968438,498.8561734344232,43.489472797826494,1
47.530085928265095,32.00925267496201,141.83287628081308,3.598936312341423,0
71.05942641933714,22.41951438325704,183.7852696515377,3.3009399874892917,0
17.25073372350397,53.35224885193756,204.30144110704086,2.833280388010312,0
16.42436871973229,75.24538706328403,146.7821621592736,3.2068340961265114,0
62.42116213655392,45.40632829398755,393.8250154335973,3.24412938250307,0
77.30243993431989,29.20188964494474,104.45707253689199,3.138033606660318,0
28.91807651300212,39.62040610976612,104.00123732759963,4.96955994115891,0
68.9758760811664,46.83816537515604,498.2653589558863,2.7834783541042665,0
37.88044711797477,46.83637808942732,297.6936745762042,2.68174813949778,0
60.72708009045431,77.70574870072812,378.15597926076236,2.979330267642983,0
55.07091134032893,23.490065523255485,60.209078982101396,0.694637399564314,0
78.10139090662467,53.90442748880632,79.31175740190318,4.145757015775766,0
97.61000685016802,95.96559870674045,2580.3420987051313,33.77383883979377,1
38.57138837676062,43.18962337183483,188.0008836409024,3.4417659977011414,0
51.00230595355525,54.13528435068298,414.9597601815021,2.5248045947108384,0
72.1553131863947,50.14230919832573,312.4378228473707,0.46040246561809883,0
82.11630491031747,33.646895243887975,302.5739816852955,1.1938750415978001,0
68.73710731927729,58.72073739503647,134.00776666144253,1.0148470708209167,0
53.7742083888154,54.75880416730765,287.8834268914787,2.037991669160906,0
30.56204999198544,27.0501104127424,281.74091479175513,0.9013576800918804,0
25.93354578966047,50.2843685228211,193.48331402146206,4.499240030035507,0
77.39156413953094,63.06056946760997,194.65811507651202,0.9598775292961892,0
11.988348290621635,30.14971363054521,403.7822011391959,2.9884351497175037,0
57.353149453618826,54.584333087218,364.7204895799495,4.61977454912465,0
11.889506046942202,29.224958726175085,368.87918019580894,0.992914891130417,0
14.333542074727497,25.36039413751201,84.18212913421259,1.3122403348192009,0
67.04317318414617,52.17153675693225,339.77403740115966,4.156881418571853,0
75.03042389350777,37.87156390341268,490.66783952388914,1.8107439174011841,0
33.57625848878113,35.88897930669913,128.82868866688145,3.181513359095278,0
30.604864413963963,22.357516709041548,238.8446351865523,2.4931223163314176,0
59.628901198296745,66.89138777198403,85.1493599380203,0.2841953053990981,0
79.06314119630292,36.88863814705516,424.9442556096181,3.5767660625010276,0
84.07510059974852,69.06932441397143,354.08604215622967,1.6756213334811236,0
25.773891721434524,71.15996918610324,484.67759230065803,4.215918133286756,0
26.40354166799044,39.76121145499728,134.11038415575916,4.61923312096348,0
77.64551475618626,35.639982953726104,211.26543454957925,3.9099714275553015,0
78.21613547591038,48.36760071809498,398.0089010675433,3.579347717916175,0
16.705825173419463,77.93107509408598,198.29396008574693,1.2393778616197537,0
61.610102956490664,64.20767412261182,107.3393525117296,3.240589615104173,0
80.25957415863955,83.66058030146036,830.3180343996929,31.216670218926843,1
19.15824355075201,74.9249720880022,219.06761242112174,3.0566537665142635,0
40.0159206887254,22.29216702544346,71.5149786661159,0.3400014182378869,0
49.378700518403846,77.41950613222649,143.82251372941724,2.7499449105710845,0
75.14493461420952,71.49937633273149,212.2398130332415,3.149418518355997,0
39.14185759527593,45.46232156321808,392.4997648183661,4.934384234708602,0
23.644609787145335,33.98113786381009,389.0767554982886,4.626640269320818,0
57.79011076062103,38.95614934313821,377.64702156548407,2.4922092021749718,0
62.65805905853445,49.77316876939547,279.39958011658064,4.573454623541161,0
87.9036469004332,96.32380905156718,537.2139366696331,49.88261766361626,1
53.41050658839554,53.26934685927024,69.95608787912052,2.3409194801438353,0
51.778038495627634,42.413977162344835,352.50142124622874,1.4876477669774446,0
32.45375302790112,67.24093090458243,186.23991677807894,1.6550216799159072,0
62.96816703673721,21.821228331980254,255.1757835958976,3.5032891444392704,0
72.95038692670018,38.79092304221811,171.50224840925628,0.22665651023997035,0
54.67290554558832,78.0996176059553,179.2456570073127,4.715815262302197,0
13.513893139570234,31.27421532790499,321.6400360276945,0.3742141073570254,0
28.05028860678648,62.91421120895799,203.14283193418615,4.424148475728359,0
24.028281141814254,58.75567358138236,159.4858675923352,4.518624601869038,0
22.226433536116467,34.745018731153266,289.57940925211085,2.9050811812413473,0
62.98567948651759,38.69073794083916,146.32360530234538,3.2806852204100996,0
55.43344370895178,33.0088565557465,82.2697343982197,3.358863631811149,0
28.185287772604724,70.42089065531049,389.7922852841659,0.48037987819178063,0
53.28999150509131,48.808096378302395,323.9099422381931,3.9747546641233855,0
19.36156104751362,72.29311138749486,172.43787091008994,3.4519666929684183,0
32.001506608075736,73.34783214229151,348.1235929329253,0.7641408886294615,0
27.929978805627226,23.690344187518313,289.55800693271254,4.231038849394815,0
33.44485186812251,40.234265050150526,200.87974268576178,0.9651937064688876,0
80.87680484354266,43.18660105584904,258.9666440819185,0.9305028096962076,0
89.64567001504548,60.12352525139761,2512.0696100034593,24.870943656406396,1
71.69504204947437,22.36171278918377,192.46835678569101,3.488174114163321,0
67.36073506772466,24.36417570663179,344.0700194262114,2.4570687731144085,0
72.01439207295648,45.68116114637863,270.71528324363027,2.752520703851089,0
22.220082031107225,52.293206112108514,419.4997374836822,4.59095886614867,0
18.612761855440265,65.28964750173986,447.2339342931862,1.4263183097076642,0
22.446617147183876,36.68861842693465,495.08350946316705,1.622881678146837,0
14.316907001248321,46.68276661150014,401.4251685277192,4.675220981953653,0
37.9125267878135,74.88495972365962,55.530797520051905,4.531336986449151,0
27.15075847027066,42.86881292208413,297.96410870607065,1.1745313056561928,0
79.20678928850458,42.359427793648834,76.45820744508669,1.485454843901604,0
78.61482926653363,50.1167243079105,263.986934731787,2.3681537774230477,0
68.1349617520836,68.3104638416226,257.0929781704769,3.8793071932932595,0
33.932535493244174,63.19980815764678,424.00724752298555,1.2673457062144693,0
57.06685600630476,63.62111162084803,160.15528356324117,3.613248511804282,0
49.10327661053059,48.16609172924263,272.7102221494972,4.226258978785907,0
39.45480574535622,23.953529901918362,133.65577020032015,2.245652829467455,0
51.714301947250874,38.90049651138644,314.911274163532,4.7174961485196345,0
76.46363290970089,68.62597481439023,164.0777850162566,4.183586827373114,0
19.686956136362124,48.03565976045016,265.5683265535761,2.9816380250193104,0
23.957606338470796,31.647726226758333,113.8229729094537,3.9554286076401497,0
11.449572318820078,66.08536270511999,464.62891460008836,4.845582654703692,0
34.125249224466145,47.098339731130274,469.96640041138426,0.5734062118933508,0
28.551107630739825,72.6276537139101,90.64335213458287,3.2697183608996316,0
56.04777297439245,40.77596304727583,128.48474444738676,0.3551382900064054,0
63.6039125126527,71.7291774975873,64.19058265905085,4.2138271807515055,0
45.665952811512,56.85013101913356,298.0987473615355,4.927596784514327,0
38.160169634987525,21.70024702300308,207.34402120800698,0.7389206673915888,0
65.67191736152103,31.169902144764215,468.8266075454287,3.8383771651863956,0
61.920742338838934,51.10192780011924,338.6706660789295,2.363323646824224,0
26.67709785611277,51.50845110617778,171.711097527429,1.1408366719029224,0
20.359396985518543,49.77055556606692,397.0911349512563,0.413737519449357,0
80.37553426157784,26.27962642078887,355.449192584193,2.0087260271248923,0
21.735753700270045,48.06549385745477,355.7338509178084,3.8380300972911585,0
51.635034006489136,45.10300026279629,398.32776812575224,0.25053514969984203,0
51.51038321573874,56.85102343907236,56.12197795280072,3.22846934191959,0
30.0271202627066,66.98960174167416,59.09788406650884,2.3935084094517505,0
82.27149828169397,47.413284304236015,492.8742317674467,3.9961355314576346,0
29.74355098885084,56.26933893550757,233.57091697443335,3.6634284569840063,0
57.268541459211846,52.05322459587484,168.26642354882375,3.668680058631781,0
36.16511999072465,60.60920261780282,487.6315169718842,0.0015486595750296983,0
72.43319806003163,52.120866083699404,467.5145277414633,4.9219065630930166,0
27.967141800022933,32.10769689514741,158.10222487799538,4.254029789837245,0
82.82936838740258,25.95425989518086,268.0127640649366,2.205744125234009,0
64.30218915796908,48.17925541709741,122.2510148434266,2.487056897457131,0
11.769622348414684,79.13144799531308,76.29394588455881,3.044335473146165,0
73.24946258409125,50.58413060023623,292.77795829293296,0.7452110458760375,0
59.62504447218918,59.3229919678072,472.650861277043,1.3964374789708285,0
70.97393040370702,23.13997143803977,68.92015823417512,4.398834689547827,0
81.6737100449867,71.53918346192701,150.8775245361058,4.953619552768889,0
39.92764882318261,55.15178303167529,126.42774498556157,0.6390292139760645,0
46.55733986871353,77.95020012845501,317.7122094134922,4.640660930077219,0
78.82354584283252,39.92443344942923,314.57017986541905,4.773768394729785,0
34.766129865362316,30.97537555772508,195.36961307837106,4.25059434028056,0
56.85878970920518,60.50779315066518,168.60782791337044,1.3266203503233358,0
20.314070810949495,74.79378117675623,377.4170044871345,0.39572334139104715,0
13.019350225692408,64.17679392700529,468.8200500496446,1.0594326972497874,0
38.51467140893928,25.08596926557999,294.59047026835566,1.1951281840183459,0
86.7036843075654,72.67450897272636,2025.6108466524688,6.828348092516819,1
41.02320061889765,38.70219928956872,127.81512393226754,4.264535438627075,0
76.46284705419947,58.24992817604979,432.8511721838069,2.2233373541935815,0
52.49539441790972,33.83831841285584,305.94609613529474,3.897441732357669,0
30.76582361104028,34.59079881585356,443.4334520999784,3.5131973200334206,0
38.48393351344224,33.306769516012785,171.83017958977962,1.4805856530595447,0
49.09720357406042,79.80099667608079,269.70850824504373,3.924186248913176,0
31.428406471139557,66.66367460406758,240.78028075846785,4.491295418374122,0
62.285185441885695,77.40888023545267,495.7543457405306,2.3437553021720703,0
83.83016355276641,34.897248777850756,144.0000017216794,4.44181841400632,0
22.664384752779625,32.03698226747916,295.82559715562775,0.7308267690591863,0
24.97553366187698,35.53425648758838,460.50332989982,1.5210225906750185,0
22.361111179707784,30.77907307732051,59.38035791346536,1.4854432659362038,0
29.733442743313216,39.23719439301361,83.28343427193019,1.977610681257096,0
13.796685420180559,56.551723483599574,340.96877771111167,1.9441825852369998,0
81.98432653036376,74.74910325382211,416.5285856587392,2.2248332836754425,0
81.56976069328248,68.03199714397068,339.96924160985316,46.18193355362863,1
62.63037054079429,48.55653305286345,95.70047154313048,1.8088876721936704,0
18.103341953230533,75.97077328161795,415.96803560779443,2.1446452950845876,0
70.12960623023439,42.040430916636794,114.02879837492112,0.7467422515973671,0
38.70990733272909,51.85154205730855,498.8215070662159,2.519485991462913,0
82.97579160643342,54.99843489105227,368.0557269785665,0.7380340957879433,0
29.918712471895457,65.72196326234307,408.76656154164834,0.07749958345160513,0
73.34706977154481,85.73003270250896,1727.600731157404,31.065273805219082,1
22.330414680915904,43.913553448647654,391.4436878158449,3.503361724230799,0
33.32367412867467,31.697496289917833,64.42858269254371,1.2246952284682817,0
56.90750876249451,70.94207079700838,178.05237789272118,3.6682203263128326,0
63.501218941341435,65.39879296114393,299.78717064694297,2.1417514190657534,0
72.2964555840797,31.298151495026385,178.3099288313189,0.09859866102156278,0
40.568815643036274,60.125195266988825,428.03472185947584,4.671878398202104,0
82.63665831957879,32.81224867303708,471.17981917787154,0.15668730338363135,0
79.18257127420934,37.43857815839186,436.3923105061839,2.2203236869712595,0
10.744286584587673,35.39970139375487,281.72630818150014,4.53009727888244,0
13.304939617778604,52.94864091448707,186.83162815111564,2.2471838765402277,0
10.241369770320901,22.907853948549338,153.92316164933018,0.8142914581891386,0
42.289700384665565,68.61554783103722,348.55624535724166,4.393107984037862,0
93.22900353340452,93.84528863552342,743.7196233163229,44.38289758440618,1
15.051295110157877,61.84589703423155,323.43060914777243,2.797010579491204,0
69.2522827230296,27.902572112381307,66.60198000984568,3.071908198783768,0
10.847690244176686,53.408728588444404,396.154041593647,2.0596131394708133,0
47.946843080119876,45.2671342660449,143.54975934724868,4.9828070975692835,0
95.35726311522495,95.8902413218032,1512.5981903361815,11.98200259039351,1
43.7304881837905,52.01326601321477,242.93813375360943,2.192046661796348,0
38.337941029538996,22.5400695510982,93.76439713498958,4.0044338523958976,0
22.196270450866848,30.905815865671652,244.27977072928212,4.2216677459966885,0
35.443049588037724,61.98278462926023,225.8750971702498,0.2648939665129846,0
53.62167197418952,57.63550403815869,230.31467655946383,0.7602986388901617,0
95.40176226369583,74.69394186797206,1882.6058752401711,19.924234503236885,1
30.320702373727407,68.66975623274793,292.976702249623,3.7554476522119296,0
28.060286205487994,63.13441667628742,405.8366533598643,0.49155730118618735,0
31.689058472196237,29.17659118852557,70.66851450309049,0.5378935135693136,0
13.627203328658565,52.490376927349274,132.29944290344872,3.222625678351801,0
37.62321478801363,32.92155697127651,463.8215387396465,0.9982984332448913,0
33.04674736947149,70.11464360953194,427.25201926702334,3.40099561741952,0
28.715964988712958,66.00610138030015,398.15570591566285,2.2466802971771704,0
27.454626168666387,35.922183987220635,101.02924730520894,4.447982315680968,0
52.8445352452823,45.08789598761736,300.80527912241007,4.614638825869842,0
70.42366040225065,58.92170255198213,429.22360559276086,4.112121922899043,0
71.9362562923572,29.28716209076672,163.48782264256317,2.7102099227697445,0
41.697189776020686,26.825717528272968,75.18450076790316,1.3463015823548878,0
33.00824496416059,58.2015748614765,382.7380611496395,4.117267822352001,0
50.84731533303518,67.38041682756534,300.96714285800203,3.8569009436011386,0
15.773493237159474,77.97645786489116,125.42970372826301,0.735349522751717,0
77.22518638908399,40.12440880978082,147.1721918090608,4.454059471569015,0
67.71196998939527,28.796873429590537,409.4093169186631,1.1599249249184418,0
16.131927396165395,34.67930327628278,206.72357691343618,1.763842329284779,0
54.64774494456168,46.22202352698625,161.21528151363196,3.550858037015007,0
60.33681050347665,47.87496586635476,482.41284420112765,3.3943204454275677,0
22.2093241904672,41.35810344993419,134.6828761255755,1.0942040847538803,0
13.143641253719315,75.47906632431085,230.9677142877179,4.441673133893801,0
18.443529280895277,74.73527366606933,197.75843321482319,1.7736248397376375,0
64.20302182736714,23.382911231193894,321.8324452695786,2.3921841902043828,0
74.96321093312014,70.85285798328418,339.7405673998069,2.8270169597525214,0
71.60412721755208,64.53206054726795,192.6831962133762,3.357667645273144,0
60.80448474166546,40.215314784604736,405.24727946695475,0.5657950329483813,0
97.6004733098802,94.48531105830159,1704.484385126006,43.564477933756955,1
20.070613817670665,59.565394810994974,392.7537074273826,0.8532179437605264,0
72.44588299945983,28.782383995338066,262.94676346314725,2.200165765020027,0
44.794936501625216,55.14669625586286,390.6553404863121,1.694409431243371,0
75.35605256431407,26.268819005237486,69.44616479749925,4.107699304628261,0
47.37758295546098,67.78344335718253,278.01104045283444,4.012741516972898,0
52.38498876919067,78.64629105224074,206.91626487934028,4.401740979259951,0
61.905523526827665,35.108882120547904,92.67369747984561,0.7236646666903612,0
35.64041245290146,32.607066556412875,457.46091146183704,4.547844716722938,0
10.049004307097466,36.62152693217746,273.7604660853035,0.553008757412885,0
84.7928424927702,36.83813479259095,123.89763120230567,3.6665733063295303,0
25.399970403009988,27.6387127248035,467.43723463556626,0.7386415292528714,0
11.271074866718575,41.31737859315913,374.73333620211497,3.8728012495729365,0
65.49280905751978,76.03924511075704,80.75827168275481,0.491044445244318,0
49.04078779786438,70.79304654919177,345.872326665313,2.045727109370186,0
64.79878826794345,63.52809010700977,112.83904859431263,4.752211170450517,0
70.95996754431269,24.359935254869402,169.995286459627,2.2877270368670604,0
33.54066225418529,43.590226073855845,115.35479108435472,0.749855297317486,0
39.482329350007035,73.06060567827726,405.6833641473446,1.7443104838513657,0
66.26993229541317,60.453177946843816,131.66920618641439,4.575225630723266,0
19.867576384544485,54.92868816888452,378.0560395818359,1.951445504196669,0
39.43338305669765,57.72404090359957,399.2683388475303,1.285409109256841,0
27.520581328743244,38.30598120917159,460.2185989521234,2.85949483830185,0
45.703780164932475,69.53209049122495,137.57866444605435,3.5943899019706755,0
33.576698580724496,54.25442322512869,491.6370748251488,0.9320270703405553,0
46.575030146594834,58.494780874603656,468.5030239249248,2.6159612680434643,0
76.87618633488073,75.75145910855743,2892.289005755117,8.775726104685283,1
52.049507081212816,45.626746785160044,84.86860885272115,0.8190683179715769,0
66.35313145217842,75.71046511662672,489.9345514477125,1.8874885456876127,0
85.08801811249747,93.55432215220534,1558.0185149129493,30.43373939176053,1
82.98086222292497,27.821100782887505,308.4951907833613,1.9742049988251054,0
69.16993538320054,71.66200399833443,380.93631147815137,0.1645688433058684,0
64.61415671527024,28.583717163404145,184.9485830251122,2.6274461510465876,0
19.803799269231796,44.39406847432946,131.3464636854064,4.517656129563963,0
59.76530290125329,28.65872262124889,262.1156495778489,4.669467190749317,0
99.66315942085382,63.03076705186673,2850.320811672082,25.43027411601977,1
54.84249841083138,46.17476158142944,286.2203379095604,2.358835755749118,0
70.42922469382704,80.81435838988551,846.1043697468349,24.60195180598164,1
15.13378394245126,22.69286098836308,115.86917240067065,3.4283831816684707,0
44.05012158970862,55.8269972009302,490.657175743993,2.357935332295763,0
62.135841553569534,48.242059969463696,236.39024943708955,0.8145805238264536,0
60.3319867814482,46.62701475694014,466.39838159356924,2.474661621696181,0
39.48413486553093,47.03494956896704,125.646147412331,2.5151474039835033,0
94.14087355119497,73.03316985264331,2414.813336732395,48.59723624181092,1
25.85860052474085,39.60433343411802,263.83897375562725,4.486694827843843,0
67.87201832339558,50.956752711525404,95.51797606329288,0.6154392670163528,0
54.675986812114715,25.909678500764194,367.17628888280143,4.197016719472527,0
33.082817896986185,25.581822484453742,365.6740552546026,1.0308242231560354,0
46.572085725040814,22.801089193956425,95.39996094763652,3.5697135560368882,0
50.836682347063714,57.354523869966904,300.9390770044214,0.19659743834236632,0
36.59996537388121,32.856308558615574,82.52240551485662,0.8030701323460188,0
57.673399146445995,20.301530201918716,69.27679453504928,3.6328535416389682,0
67.41346742433323,76.814173967631,95.1981880378847,0.3521999298513018,0
56.78073136480068,35.21854846048253,149.05823937609387,0.42583583355278176,0
52.11134409696428,25.61120741587457,304.50394650557945,1.5747015284062478,0
33.652280744958816,76.94477619096901,221.25917362014815,2.4689438512820407,0
21.28542032544981,30.565357276631236,203.10135868507638,4.2376600173100885,0
22.887209526824385,31.20397964584226,198.0782676054093,4.630664193866169,0
72.0629739904916,77.0126723519258,249.97206303547918,3.8048165888040435,0
32.29680927305002,57.906490619165325,408.44684932092434,0.4113594533810322,0
71.28461065116889,33.183365006623816,464.3987710235878,0.9338420813500442,0
60.829243090099034,66.94374851866755,446.5622877451725,0.5609928223528204,0
93.91297921202036,98.25184671731685,2251.155903586199,19.285489237791843,1
46.613325648311054,49.719058816034526,394.73599960319956,4.453789835044957,0
31.139108108004994,34.29738023318549,399.58714710422663,1.0025476177544372,0
67.33958459910383,69.97361569323377,57.44275218044447,1.3701234701924292,0
69.4446109906851,37.00766895584475,451.75701038929697,4.877883172177794,0
45.249120111845244,35.722100270412476,217.99193286467343,3.6243525285703333,0
53.55243134157137,58.89255064691335,415.0799842757179,2.5318312678089456,0
58.690772658704766,34.49953524915111,286.3627091737197,4.0873821965246036,0
54.76321366876669,54.547548267338584,306.2008407992423,0.7958376723990723,0
18.619974779467512,68.74481945743403,486.53447850950045,4.827554122839665,0
76.54095569322449,54.60847517829535,390.7830074320368,2.9768668327444674,0
35.44789504821756,34.91214463562557,265.99237948804625,1.5983473561729489,0
44.762053285042924,21.55033833320067,229.36984822330513,0.6130961022871922,0
76.6494310199049,43.66046878103986,461.7845443754627,1.844489717602968,0
56.59693367872076,60.62442275950688,481.55318904399553,1.040233271331346,0
38.07030968170902,28.02668869963808,433.8427860635615,2.5713574772127554,0
43.77782021936389,61.97167222415432,238.26600955940322,1.3579946179019886,0
28.636685486084932,76.44505155406767,367.26553501849975,2.7589503178974786,0
66.7547625301426,23.84261143188731,180.9515135301267,0.006217194330510045,0
38.64547297396719,62.58710301343835,189.29892623119284,4.087238252534766,0
97.30681597847342,95.81961520515776,363.1194535676992,34.73263416759035,1
90.29974913484953,70.59937219412376,1111.2025247850606,3.002261823032652,1
29.587182438314517,50.08105961802475,441.52159847287635,4.6617594895062195,0
45.8012798591801,40.53593556738477,104.58711705432363,0.5307232641069592,0
47.08152285269361,44.66680501969091,197.31950605192964,3.546953726255644,0
18.285558484854597,40.042732905197575,200.634589309713,1.0164477771797809,0
69.49460128286908,35.70028199825039,185.80065041132443,0.3840551381996027,0
25.52444338288201,26.367801158541166,494.7754453879383,1.21747629592591,0
16.379228911693083,58.27582937477993,91.65923017344444,2.2768386675178176,0
76.94192488674834,65.46659362250948,92.3946636256222,0.2858982726513326,0
34.87126368308755,55.72134335061871,199.74367190105573,0.9197385308031081,0
65.08329490566936,74.35096339995835,195.43540317430703,3.6691505971072798,0
49.94629498412674,55.26790696230109,249.77523214702353,2.82692580049598,0
71.35774941611655,89.23032471300536,951.7007226108107,41.42012718038613,1
56.361680073858935,69.61207083040172,168.11800462241453,1.4582659269734948,0
37.187648839863485,63.23986727047174,358.80497604340144,2.4672085028128294,0
83.95007978671532,40.86934084598276,227.41620597308537,2.3390714809048587,0
42.22426095542013,69.67549727271874,462.6597703462504,4.517914926508208,0
79.0574956347518,62.21170041089182,176.82155559485813,1.5465383274264881,0
71.29789841599276,20.683380085313168,481.9714573094979,3.306696541942913,0
42.74606423265746,38.98252444326097,284.6399190567457,3.9610795190238735,0
48.54921168698581,78.53611514939914,333.50321095093545,4.369536193925835,0
34.48459811829939,32.45068972309274,445.8742398770971,0.9040531751881764,0
57.65607676464324,61.887015445011414,56.04981979253731,3.671548333043023,0
22.102551879128733,75.91664837926233,387.6750171908157,4.01433186198773,0
75.30017755941383,71.7400949863839,68.1974740456976,1.0606503543530548,0
37.95163877592355,29.075857067760555,251.57408772972394,4.542620152502562,0
96.20023922813799,97.21343848305665,1116.629525543729,39.418432628742636,1
54.56813704814479,45.37210454354522,206.32881278765248,1.7008547519424477,0
83.58896335205677,57.550471698942545,373.1027945484415,3.266699622094054,0
16.53195750968286,69.97964831318002,277.3025233118035,0.8469956281630364,0
44.69672175544872,58.7142586731999,126.44900366297901,3.658860125434937,0
46.382099498465514,45.346747401852745,360.91425653203777,1.7306427003579394,0
37.99819872098147,32.645785965794374,79.62897402889459,1.6288405982168426,0
79.60627302445373,29.563693086284133,91.99765412142187,0.18615600876145888,0
28.261172243222447,78.84567046333109,369.1957337491853,3.598447980226773,0
15.325574839994161,43.776635749502034,195.60992181778033,3.467129010497981,0
75.3882645808924,28.163374065898577,348.22509051568,1.2635392985456244,0
47.91405937926177,33.85649987592467,109.2968998686662,3.2323426021577473,0
79.77854631863306,88.11636938533454,2478.4966230746663,45.476199744939386,1
68.65210657527894,61.142766129480854,57.44170605230186,0.7028956433154115,0
41.186392601380824,59.788869763989354,383.1371558401918,1.2562958173356353,0
62.64751579432775,76.39546237314252,212.208363117165,1.7806958100748411,0
33.527734356786716,61.57830762642004,379.3855272587204,3.8674060168927094,0
29.34271202837049,49.66224866274548,479.4556782304854,0.04737565630848262,0
83.86438020718569,71.8094870277691,283.75374493290036,0.24455912639243516,0
10.627276140764282,56.306097334229044,336.3549418931402,1.0672466612230465,0
74.24029178109451,55.898364541761126,77.34617077830839,2.695445026033969,0
83.26002463829946,42.141063944670364,191.97014291700074,2.8330085877024476,0
53.91727965949764,50.067182049520895,256.10658094217564,4.765912984554427,0
20.28613661145574,25.462178896726506,292.21373585514453,4.260349189142785,0
79.4786955047565,69.23458636003099,244.68911627181615,4.706108175476452,0
87.2081735837141,92.86228208155698,1679.9816275885682,5.972939451091742,1
56.84605360858987,79.15150642465625,398.479341657765,1.8705286865825277,0
27.08123020774072,69.07425060994638,367.47619729841176,3.8928859346663347,0
21.96191969060187,49.18349768533363,224.30003938551158,0.8936006460294876,0
37.993884372200505,37.93556900589999,182.15438601129628,0.8283158373820637,0
74.75002371788689,66.82826830280929,499.70080527400194,4.432180276776952,0
26.17563642982879,22.46494189733332,457.2896555247189,1.2290192813893297,0
74.67727815600588,58.840528062385474,457.67836363758994,0.83486936836277,0
10.070756145072332,77.03670648457341,362.8982329036552,0.45003970222969314,0
57.933995336162525,36.09723202566636,53.491841751841015,2.2196682485155628,0
78.66162231910315,52.77485600785106,229.0453643648158,4.966837504410445,0
41.4324604687814,32.88410750729379,253.04243369557844,3.2826653495150095,0
60.1657398280514,48.21494511972526,305.0003541875741,4.427995474249177,0
36.617326261491556,61.713779344864136,351.3753535240178,0.9325029170240196,0
16.3827614589839,77.35512799772266,260.14615425581667,3.5864957584376715,0
27.148210412759703,72.07997551370539,382.0789041138223,0.24266725364834485,0
38.42803640372763,74.75505307548937,416.1325461003411,2.455192349190613,0
